p1	p2	gcov_int	gencov	envcov	envvarp1	envvarp2
100m	100m	0.981	0.3831	0.5979	0.5979	0.5979
100m	126m	0.0856	0.1533	-0.0677	0.5979	0.5791
100m	136m	0.0299	0.0174	0.0125	0.5979	0.6742
100m	144m	-0.0157	-0.0701	0.0544	0.5979	0.6318
100m	151m	0.0032	-0.0445	0.0477	0.5979	0.8596
100m	152m	-7e-04	0.0403	-0.041	0.5979	0.8341
100m	157m	0.0319	0.0068	0.0251	0.5979	0.6923
100m	163m	0.0763	0.1269	-0.0506	0.5979	0.6671
100m	169m	0.0119	-0.0295	0.0414	0.5979	0.6895
100m	175m	0.0611	0.0823	-0.0212	0.5979	0.6965
100m	181m	-0.0103	-0.0709	0.0606	0.5979	0.7532
100m	187m	0.0033	-0.0267	0.03	0.5979	0.777
100m	4212m	0.0081	0.0272	-0.0191	0.5979	0.8551
100m	4370m	0.0048	-0.0136	0.0184	0.5979	0.9286
100m	4373m	-0.0065	0.0199	-0.0264	0.5979	0.8008
100m	49m	0.0017	0.0173	-0.0156	0.5979	0.8291
100m	52m	0.0089	-0.0069	0.0158	0.5979	0.9356
100m	97m	-0.0043	0.0433	-0.0476	0.5979	0.5823
100m	99f	0.0061	0.3069	-0.3008	0.5979	0.6126
100m	a13m	-0.0032	-0.0024	-8e-04	0.5979	0.9478
100m	a1m	-0.0023	0.01	-0.0123	0.5979	0.9561
100m	a21m	-0.0015	-0.047	0.0455	0.5979	0.9845
100m	a22m	-3.1118e-05	-0.0017	0.001668882	0.5979	0.9608
100m	a27m	0.0243	-0.0575	0.0818	0.5979	0.6368
100m	a28m	0.006	-0.0677	0.0737	0.5979	0.6308
100m	a29m	0.0109	-0.0153	0.0262	0.5979	0.9533
100m	a30m	0.0022	-0.0185	0.0207	0.5979	0.7461
100m	a7m	-0.0051	0.0156	-0.0207	0.5979	0.8943
100m	a8m	0.0114	-0.0341	0.0455	0.5979	0.9856
100m	a9m	-0.0048	0.0379	-0.0427	0.5979	0.7561
100m	ADr1um	-0.0028	0.0065	-0.0093	0.5979	0.9906
100m	bm1m	3e-04	-0.0094	0.0097	0.5979	0.8737
100m	bm2m	0.0056	-0.0563	0.0619	0.5979	0.8391
100m	bm4m	0.001	-0.0232	0.0242	0.5979	0.8894
100m	bm5m	0.0075	-0.0804	0.0879	0.5979	0.6631
100m	bm6m	0.005	-0.0337	0.0387	0.5979	0.6483
100m	bm7m	0.0058	-0.055	0.0608	0.5979	0.6693
100m	bm8m	-3e-04	0.002	-0.0023	0.5979	0.8766
100m	ch1m	-0.0016	0.0025	-0.0041	0.5979	0.7605
100m	ch4m	0.0069	-0.0396	0.0465	0.5979	0.7866
100m	ch5m	-0.003	0.0168	-0.0198	0.5979	0.8595
100m	ch6m	-0.0014	-0.0116	0.0102	0.5979	0.831
100m	l1m	-0.0016	0.0136	-0.0152	0.5979	0.9945
100m	l2m	-0.0032	-0.003	-2e-04	0.5979	1.0098
100m	l3m	-0.0069	9e-04	-0.0078	0.5979	1.0446
100m	l4m	-0.0039	-0.0081	0.0042	0.5979	0.9708
100m	l5m	-0.0044	-0.0046	2e-04	0.5979	1.0113
100m	r10m	8e-04	-0.0017	0.0025	0.5979	0.9353
100m	r4m	0.0061	-0.0255	0.0316	0.5979	0.9782
100m	r5m	-0.0013	-0.0237	0.0224	0.5979	0.5851
100m	r8m	-7e-04	0.0064	-0.0071	0.5979	0.9367
100m	r9m	0.0051	-0.0535	0.0586	0.5979	0.7313
126m	126m	0.8355	0.2564	0.5791	0.5791	0.5791
126m	127f	0.0595	0.2366	-0.1771	0.5791	0.5836
126m	136m	0.354	0.1277	0.2263	0.5791	0.6742
126m	144m	-0.041	-0.0149	-0.0261	0.5791	0.6318
126m	151m	0.0163	-0.0168	0.0331	0.5791	0.8596
126m	152m	-1e-04	-0.0086	0.0085	0.5791	0.8341
126m	157m	0.1363	0.0981	0.0382	0.5791	0.6923
126m	163m	0.2607	0.1907	0.07	0.5791	0.6671
126m	169m	0.0865	0.0523	0.0342	0.5791	0.6895
126m	175m	0.2324	0.1375	0.0949	0.5791	0.6965
126m	181m	-0.0062	-0.0316	0.0254	0.5791	0.7532
126m	187m	0.011	-0.0256	0.0366	0.5791	0.777
126m	4212m	-0.0015	0.0104	-0.0119	0.5791	0.8551
126m	4370m	0.0032	-0.0089	0.0121	0.5791	0.9286
126m	4373m	0.0058	0.0153	-0.0095	0.5791	0.8008
126m	49m	0.0024	0.0334	-0.031	0.5791	0.8291
126m	52m	0.0014	-0.0038	0.0052	0.5791	0.9356
126m	97m	0.0862	0.2579	-0.1717	0.5791	0.5823
126m	a13m	-0.0024	-0.0172	0.0148	0.5791	0.9478
126m	a1m	-0.0041	-5.3739e-06	-0.0040946261	0.5791	0.9561
126m	a21m	-0.0169	-0.0357	0.0188	0.5791	0.9845
126m	a22m	0.0058	-0.0132	0.019	0.5791	0.9608
126m	a27m	-0.0196	0.0385	-0.0581	0.5791	0.6368
126m	a28m	-0.0028	0.0168	-0.0196	0.5791	0.6308
126m	a29m	2e-04	-0.0056	0.0058	0.5791	0.9533
126m	a30m	0.0364	0.0231	0.0133	0.5791	0.7461
126m	a7m	0.0098	-0.0024	0.0122	0.5791	0.8943
126m	a8m	-0.0072	-0.0034	-0.0038	0.5791	0.9856
126m	a9m	-0.0024	-0.0196	0.0172	0.5791	0.7561
126m	ADr1um	-0.0032	-0.0038	6e-04	0.5791	0.9906
126m	bm1m	-0.002	0.0057	-0.0077	0.5791	0.8737
126m	bm2m	-3e-04	-0.0142	0.0139	0.5791	0.8391
126m	bm4m	0.0028	-0.0084	0.0112	0.5791	0.8894
126m	bm5m	0.0017	-0.0196	0.0213	0.5791	0.6631
126m	bm6m	0.0052	-0.0224	0.0276	0.5791	0.6483
126m	bm7m	0.0027	-0.0236	0.0263	0.5791	0.6693
126m	bm8m	-0.0019	0.0114	-0.0133	0.5791	0.8766
126m	ch1m	-0.0056	0.0467	-0.0523	0.5791	0.7605
126m	ch4m	5e-04	0.0026	-0.0021	0.5791	0.7866
126m	ch5m	-0.0041	0.0347	-0.0388	0.5791	0.8595
126m	ch6m	-0.0058	0.0327	-0.0385	0.5791	0.831
126m	l1m	-0.0071	-0.0078	0.000699999999999999	0.5791	0.9945
126m	l2m	-0.0165	-0.0158	-0.000699999999999999	0.5791	1.0098
126m	l3m	-0.0219	-0.0189	-0.003	0.5791	1.0446
126m	l4m	-0.0059	-0.0085	0.0026	0.5791	0.9708
126m	l5m	-0.0138	-0.0193	0.0055	0.5791	1.0113
126m	r10m	-0.0117	-0.0052	-0.0065	0.5791	0.9353
126m	r4m	-0.0065	-3e-04	-0.0062	0.5791	0.9782
126m	r5m	-0.0146	0.0032	-0.0178	0.5791	0.5851
126m	r8m	-0.001	-0.0061	0.0051	0.5791	0.9367
126m	r9m	0.0039	0.0112	-0.0073	0.5791	0.7313
127f	127f	0.8272	0.2436	0.5836	0.5836	0.5836
127f	137f	0.2364	0.0891	0.1473	0.5836	0.6383
127f	145f	-0.0386	-0.0157	-0.0229	0.5836	0.5753
127f	153f	-0.0076	0.0161	-0.0237	0.5836	0.8159
127f	154f	0.0065	0.0085	-0.002	0.5836	0.8427
127f	159f	0.072	0.0607	0.0113	0.5836	0.6521
127f	165f	0.2151	0.1439	0.0712	0.5836	0.712
127f	171f	0.0376	0.0381	-5e-04	0.5836	0.6631
127f	177f	0.1434	0.1004	0.043	0.5836	0.7782
127f	183f	-0.0267	-0.0023	-0.0244	0.5836	0.7752
127f	189f	-0.0086	0.0058	-0.0144	0.5836	0.8007
127f	4213f	-0.0087	0.0295	-0.0382	0.5836	0.8245
127f	4371f	0.0048	-0.0066	0.0114	0.5836	0.948
127f	4374f	-0.0098	0.0133	-0.0231	0.5836	0.9117
127f	48f	0.0104	0.0106	-0.000200000000000001	0.5836	0.9268
127f	51f	-0.0031	-0.0039	8e-04	0.5836	0.9526
127f	96f	0.0756	0.2365	-0.1609	0.5836	0.3947
127f	99f	0.0623	0.1221	-0.0598	0.5836	0.6126
127f	a13f	-0.0095	-0.008	-0.0015	0.5836	0.9669
127f	a1f	-0.0031	-0.0086	0.0055	0.5836	0.9553
127f	a21f	-0.0243	-0.0443	0.02	0.5836	0.9291
127f	a22f	0.0069	-0.0092	0.0161	0.5836	0.9499
127f	a27f	-0.0224	-0.0069	-0.0155	0.5836	0.6538
127f	a28f	-0.0049	-0.0141	0.0092	0.5836	0.9035
127f	a29f	-0.0087	0.0021	-0.0108	0.5836	0.9285
127f	a30f	0.0233	0.0325	-0.0092	0.5836	0.7704
127f	a7f	0.0146	2.3205e-05	0.014576795	0.5836	0.9025
127f	a8f	-0.0145	-0.0053	-0.0092	0.5836	1.0017
127f	a9f	-0.016	-0.0095	-0.0065	0.5836	0.9234
127f	ADr1uf	-0.0025	0.0018	-0.0043	0.5836	1.0044
127f	bm1f	-0.0063	0.0117	-0.018	0.5836	0.9023
127f	bm2f	0.0047	-0.0048	0.0095	0.5836	0.7995
127f	bm4f	-4e-04	0.0013	-0.0017	0.5836	0.8919
127f	bm5f	0.0045	-0.0168	0.0213	0.5836	0.6379
127f	bm6f	0.0035	-0.0286	0.0321	0.5836	0.6815
127f	bm7f	0.0034	-0.0297	0.0331	0.5836	0.6676
127f	bm8f	0.0033	-0.0091	0.0124	0.5836	0.7496
127f	ch1f	0.002	-0.0013	0.0033	0.5836	0.7147
127f	ch4f	0.0042	0.0194	-0.0152	0.5836	0.8515
127f	ch5f	-0.0047	0.0245	-0.0292	0.5836	0.7707
127f	ch6f	-0.0047	0.0109	-0.0156	0.5836	0.8691
127f	l1f	0.0059	0.0057	2e-04	0.5836	1.0094
127f	l2f	-0.0167	-0.0145	-0.0022	0.5836	1.0064
127f	l3f	-0.0174	-0.0148	-0.0026	0.5836	1.0446
127f	l4f	-0.0108	-0.015	0.0042	0.5836	0.993
127f	l5f	-0.0152	-0.019	0.0038	0.5836	1.0148
127f	r10f	0.0041	-0.0205	0.0246	0.5836	0.8414
127f	r4f	-0.0063	-0.0099	0.0036	0.5836	0.9251
127f	r5f	-0.0184	5e-04	-0.0189	0.5836	0.7584
127f	r8f	0.0016	0.0049	-0.0033	0.5836	0.9445
127f	r9f	-0.0013	0.0384	-0.0397	0.5836	0.7273
136m	136m	0.8628	0.1886	0.6742	0.6742	0.6742
136m	137f	0.0462	0.1723	-0.1261	0.6742	0.6383
136m	144m	0.5018	0.1367	0.3651	0.6742	0.6318
136m	151m	0.0129	-0.0143	0.0272	0.6742	0.8596
136m	152m	0.0053	-0.0139	0.0192	0.6742	0.8341
136m	157m	0.4048	0.1686	0.2362	0.6742	0.6923
136m	163m	0.1347	0.0974	0.0373	0.6742	0.6671
136m	169m	0.4381	0.1576	0.2805	0.6742	0.6895
136m	175m	0.1202	0.0622	0.058	0.6742	0.6965
136m	181m	0.2419	0.0642	0.1777	0.6742	0.7532
136m	187m	0.0116	-0.0246	0.0362	0.6742	0.777
136m	4212m	-0.0063	-0.004	-0.0023	0.6742	0.8551
136m	4370m	0.0174	-0.0087	0.0261	0.6742	0.9286
136m	4373m	-0.0119	-0.0032	-0.0087	0.6742	0.8008
136m	49m	-5e-04	-0.0179	0.0174	0.6742	0.8291
136m	52m	-0.0021	0.0081	-0.0102	0.6742	0.9356
136m	97m	0.0559	0.2021	-0.1462	0.6742	0.5823
136m	a13m	0.0015	0.0085	-0.007	0.6742	0.9478
136m	a1m	0.0074	0.0014	0.006	0.6742	0.9561
136m	a21m	-0.0153	-0.018	0.0027	0.6742	0.9845
136m	a22m	0.0119	0.0176	-0.0057	0.6742	0.9608
136m	a27m	0.0485	0.0811	-0.0326	0.6742	0.6368
136m	a28m	0.1226	0.1982	-0.0756	0.6742	0.6308
136m	a29m	0.0023	0.0237	-0.0214	0.6742	0.9533
136m	a30m	0.0033	-0.0204	0.0237	0.6742	0.7461
136m	a7m	-0.005	0.0023	-0.0073	0.6742	0.8943
136m	a8m	0.0177	0.0376	-0.0199	0.6742	0.9856
136m	a9m	0.0035	0.0271	-0.0236	0.6742	0.7561
136m	ADr1um	0.0058	-0.0092	0.015	0.6742	0.9906
136m	bm1m	-7.2954e-05	0.0108	-0.010872954	0.6742	0.8737
136m	bm2m	-0.0064	0.0086	-0.015	0.6742	0.8391
136m	bm4m	-0.0047	0.0189	-0.0236	0.6742	0.8894
136m	bm5m	-0.0052	0.0176	-0.0228	0.6742	0.6631
136m	bm6m	-0.0019	0.01	-0.0119	0.6742	0.6483
136m	bm7m	-0.0051	0.0147	-0.0198	0.6742	0.6693
136m	bm8m	0.0011	0.0032	-0.0021	0.6742	0.8766
136m	ch1m	-0.0027	-8e-04	-0.0019	0.6742	0.7605
136m	ch4m	-0.0059	-0.0117	0.0058	0.6742	0.7866
136m	ch5m	0.0027	-0.0288	0.0315	0.6742	0.8595
136m	ch6m	-0.0019	0.0058	-0.0077	0.6742	0.831
136m	l1m	-0.038	-0.0494	0.0114	0.6742	0.9945
136m	l2m	-0.0038	-0.0155	0.0117	0.6742	1.0098
136m	l3m	-0.0034	-0.0207	0.0173	0.6742	1.0446
136m	l4m	0.0352	0.0244	0.0108	0.6742	0.9708
136m	l5m	0.0125	-0.0049	0.0174	0.6742	1.0113
136m	r10m	-0.0047	0.001	-0.0057	0.6742	0.9353
136m	r4m	7e-04	0.0082	-0.0075	0.6742	0.9782
136m	r5m	-0.0045	-0.0146	0.0101	0.6742	0.5851
136m	r8m	0.0019	0.0066	-0.0047	0.6742	0.9367
136m	r9m	0.0033	0.0407	-0.0374	0.6742	0.7313
137f	137f	0.8246	0.1863	0.6383	0.6383	0.6383
137f	145f	0.4819	0.152	0.3299	0.6383	0.5753
137f	153f	0.0069	-0.0045	0.0114	0.6383	0.8159
137f	154f	0.0101	-0.0194	0.0295	0.6383	0.8427
137f	159f	0.3683	0.1648	0.2035	0.6383	0.6521
137f	165f	0.0951	0.0687	0.0264	0.6383	0.712
137f	171f	0.3839	0.1508	0.2331	0.6383	0.6631
137f	177f	0.0713	0.0326	0.0387	0.6383	0.7782
137f	183f	0.1672	0.0539	0.1133	0.6383	0.7752
137f	189f	0.0075	-0.0135	0.021	0.6383	0.8007
137f	4213f	0.0072	-5e-04	0.0077	0.6383	0.8245
137f	4371f	0.0123	0.0033	0.009	0.6383	0.948
137f	4374f	-0.0112	0.004	-0.0152	0.6383	0.9117
137f	48f	-0.0068	-0.018	0.0112	0.6383	0.9268
137f	51f	0.0092	0.0016	0.0076	0.6383	0.9526
137f	96f	0.0447	0.1504	-0.1057	0.6383	0.3947
137f	99f	0.0083	-0.0577	0.066	0.6383	0.6126
137f	a13f	-0.0012	0.014	-0.0152	0.6383	0.9669
137f	a1f	-0.0023	0.0131	-0.0154	0.6383	0.9553
137f	a21f	-0.0171	-0.0086	-0.0085	0.6383	0.9291
137f	a22f	-0.0079	0.0344	-0.0423	0.6383	0.9499
137f	a27f	0.0698	0.0716	-0.0018	0.6383	0.6538
137f	a28f	0.1725	0.0549	0.1176	0.6383	0.9035
137f	a29f	-0.0074	0.037	-0.0444	0.6383	0.9285
137f	a30f	-0.0149	-0.0362	0.0213	0.6383	0.7704
137f	a7f	-3e-04	-0.0056	0.0053	0.6383	0.9025
137f	a8f	0.0289	0.0447	-0.0158	0.6383	1.0017
137f	a9f	-0.0044	0.0392	-0.0436	0.6383	0.9234
137f	ADr1uf	0.0069	-0.0051	0.012	0.6383	1.0044
137f	bm1f	0.0011	0.0062	-0.0051	0.6383	0.9023
137f	bm2f	0.0095	-0.0251	0.0346	0.6383	0.7995
137f	bm4f	-0.0045	0.0139	-0.0184	0.6383	0.8919
137f	bm5f	0.0031	-0.0177	0.0208	0.6383	0.6379
137f	bm6f	-0.004	-0.0139	0.0099	0.6383	0.6815
137f	bm7f	-0.004	-0.0125	0.0085	0.6383	0.6676
137f	bm8f	-0.0068	0.0231	-0.0299	0.6383	0.7496
137f	ch1f	-0.0037	-0.0286	0.0249	0.6383	0.7147
137f	ch4f	0.0108	-0.0196	0.0304	0.6383	0.8515
137f	ch5f	-0.0045	-0.0342	0.0297	0.6383	0.7707
137f	ch6f	-0.006	-0.0318	0.0258	0.6383	0.8691
137f	l1f	-0.0649	-0.0482	-0.0167	0.6383	1.0094
137f	l2f	0.0045	0.0095	-0.005	0.6383	1.0064
137f	l3f	-0.0055	-0.0012	-0.0043	0.6383	1.0446
137f	l4f	0.0521	0.0362	0.0159	0.6383	0.993
137f	l5f	0.019	0.0159	0.0031	0.6383	1.0148
137f	r10f	-0.0076	0.0107	-0.0183	0.6383	0.8414
137f	r4f	0.0041	0.0092	-0.0051	0.6383	0.9251
137f	r5f	-0.0073	-0.0129	0.0056	0.6383	0.7584
137f	r8f	-0.0032	0.006	-0.0092	0.6383	0.9445
137f	r9f	-0.0041	0.0469	-0.051	0.6383	0.7273
144m	144m	0.796	0.1642	0.6318	0.6318	0.6318
144m	145f	0.023	0.1439	-0.1209	0.6318	0.5753
144m	151m	0.0116	-3e-04	0.0119	0.6318	0.8596
144m	152m	0.0078	-0.0025	0.0103	0.6318	0.8341
144m	157m	0.4597	0.134	0.3257	0.6318	0.6923
144m	163m	-0.0143	-0.0053	-0.009	0.6318	0.6671
144m	169m	0.5279	0.1509	0.377	0.6318	0.6895
144m	175m	-0.0087	-0.0098	0.0011	0.6318	0.6965
144m	181m	0.3391	0.098	0.2411	0.6318	0.7532
144m	187m	0.0134	-0.0066	0.02	0.6318	0.777
144m	4212m	-0.0034	-0.0057	0.0023	0.6318	0.8551
144m	4370m	0.0184	-0.0064	0.0248	0.6318	0.9286
144m	4373m	-0.0276	-0.0128	-0.0148	0.6318	0.8008
144m	49m	-0.0032	-0.0412	0.038	0.6318	0.8291
144m	52m	0.0041	0.0112	-0.0071	0.6318	0.9356
144m	97m	0.0077	0.0575	-0.0498	0.6318	0.5823
144m	a13m	-0.0032	0.0191	-0.0223	0.6318	0.9478
144m	a1m	0.0109	0.0034	0.0075	0.6318	0.9561
144m	a21m	8e-04	9e-04	-9.99999999999999e-05	0.6318	0.9845
144m	a22m	0.0055	0.0307	-0.0252	0.6318	0.9608
144m	a27m	0.0695	0.0427	0.0268	0.6318	0.6368
144m	a28m	0.2074	0.1288	0.0786	0.6318	0.6308
144m	a29m	-0.0051	0.0314	-0.0365	0.6318	0.9533
144m	a30m	-0.02	-0.0463	0.0263	0.6318	0.7461
144m	a7m	-0.0123	0.0036	-0.0159	0.6318	0.8943
144m	a8m	0.0266	0.0418	-0.0152	0.6318	0.9856
144m	a9m	0.0018	0.0482	-0.0464	0.6318	0.7561
144m	ADr1um	0.0056	-0.0055	0.0111	0.6318	0.9906
144m	bm1m	0.0033	-0.0029	0.0062	0.6318	0.8737
144m	bm2m	-0.0068	0.0164	-0.0232	0.6318	0.8391
144m	bm4m	-0.0101	0.0308	-0.0409	0.6318	0.8894
144m	bm5m	-0.0076	0.0307	-0.0383	0.6318	0.6631
144m	bm6m	-0.009	0.0276	-0.0366	0.6318	0.6483
144m	bm7m	-0.0091	0.0299	-0.039	0.6318	0.6693
144m	bm8m	0.0038	-0.0085	0.0123	0.6318	0.8766
144m	ch1m	0.0031	-0.0381	0.0412	0.6318	0.7605
144m	ch4m	3e-04	-0.0303	0.0306	0.6318	0.7866
144m	ch5m	0.0012	-0.0421	0.0433	0.6318	0.8595
144m	ch6m	5e-04	-0.0273	0.0278	0.6318	0.831
144m	l1m	-0.0424	-0.0491	0.0067	0.6318	0.9945
144m	l2m	0.0017	-0.0069	0.0086	0.6318	1.0098
144m	l3m	0.0046	-0.0094	0.014	0.6318	1.0446
144m	l4m	0.0474	0.0345	0.0129	0.6318	0.9708
144m	l5m	0.0229	0.0065	0.0164	0.6318	1.0113
144m	r10m	0.0049	0.0037	0.0012	0.6318	0.9353
144m	r4m	0.0019	0.0117	-0.0098	0.6318	0.9782
144m	r5m	0.0122	-0.0218	0.034	0.6318	0.5851
144m	r8m	-0.0022	0.0143	-0.0165	0.6318	0.9367
144m	r9m	9e-04	0.0312	-0.0303	0.6318	0.7313
145f	145f	0.7357	0.1604	0.5753	0.5753	0.5753
145f	153f	0.0154	-0.0076	0.023	0.5753	0.8159
145f	154f	0.01	-0.0231	0.0331	0.5753	0.8427
145f	159f	0.5023	0.1428	0.3595	0.5753	0.6521
145f	165f	0.0079	0.0038	0.0041	0.5753	0.712
145f	171f	0.5184	0.1399	0.3785	0.5753	0.6631
145f	177f	0.0234	-0.01	0.0334	0.5753	0.7782
145f	183f	0.2661	0.0594	0.2067	0.5753	0.7752
145f	189f	0.0207	-0.0128	0.0335	0.5753	0.8007
145f	4213f	0.0038	-0.0071	0.0109	0.5753	0.8245
145f	4371f	0.0173	-4e-04	0.0177	0.5753	0.948
145f	4374f	-0.0098	-9e-04	-0.0089	0.5753	0.9117
145f	48f	-0.0292	-0.0216	-0.0076	0.5753	0.9268
145f	51f	0.0152	0.004	0.0112	0.5753	0.9526
145f	96f	0.0042	0.0494	-0.0452	0.5753	0.3947
145f	99f	-0.0161	-0.1104	0.0943	0.5753	0.6126
145f	a13f	0.0044	0.017	-0.0126	0.5753	0.9669
145f	a1f	0.0024	0.0161	-0.0137	0.5753	0.9553
145f	a21f	-0.0105	0.0117	-0.0222	0.5753	0.9291
145f	a22f	-0.0111	0.0378	-0.0489	0.5753	0.9499
145f	a27f	0.1002	0.0592	0.041	0.5753	0.6538
145f	a28f	0.1587	0.0637	0.095	0.5753	0.9035
145f	a29f	-0.0049	0.0377	-0.0426	0.5753	0.9285
145f	a30f	-0.0261	-0.0493	0.0232	0.5753	0.7704
145f	a7f	0.0012	-0.0089	0.0101	0.5753	0.9025
145f	a8f	0.0316	0.0458	-0.0142	0.5753	1.0017
145f	a9f	0.0053	0.0438	-0.0385	0.5753	0.9234
145f	ADr1uf	0.0014	-0.0042	0.0056	0.5753	1.0044
145f	bm1f	7e-04	0.0049	-0.0042	0.5753	0.9023
145f	bm2f	0.0097	-0.0195	0.0292	0.5753	0.7995
145f	bm4f	-0.0052	0.0095	-0.0147	0.5753	0.8919
145f	bm5f	-0.0035	-8e-04	-0.0027	0.5753	0.6379
145f	bm6f	-0.0029	-9e-04	-0.002	0.5753	0.6815
145f	bm7f	-0.0042	0.0015	-0.0057	0.5753	0.6676
145f	bm8f	-0.0112	0.0069	-0.0181	0.5753	0.7496
145f	ch1f	-0.001	-0.0367	0.0357	0.5753	0.7147
145f	ch4f	0.0075	-0.0168	0.0243	0.5753	0.8515
145f	ch5f	-0.0028	-0.0376	0.0348	0.5753	0.7707
145f	ch6f	-0.0058	-0.0335	0.0277	0.5753	0.8691
145f	l1f	-0.0894	-0.055	-0.0344	0.5753	1.0094
145f	l2f	0.0148	0.0147	0.000100000000000001	0.5753	1.0064
145f	l3f	0.0033	0.0032	9.99999999999998e-05	0.5753	1.0446
145f	l4f	0.0781	0.0446	0.0335	0.5753	0.993
145f	l5f	0.0221	0.0232	-0.0011	0.5753	1.0148
145f	r10f	-0.0055	0.0218	-0.0273	0.5753	0.8414
145f	r4f	0.0075	0.0137	-0.0062	0.5753	0.9251
145f	r5f	0.002	-0.0173	0.0193	0.5753	0.7584
145f	r8f	-0.0061	0.0029	-0.009	0.5753	0.9445
145f	r9f	-0.0041	0.0271	-0.0312	0.5753	0.7273
151m	151m	0.9721	0.1125	0.8596	0.8596	0.8596
151m	152m	0.0162	0.0951	-0.0789	0.8596	0.8341
151m	153f	0.0152	0.0678	-0.0526	0.8596	0.8159
151m	157m	-0.1148	-0.0326	-0.0822	0.8596	0.6923
151m	163m	-0.2235	-0.05	-0.1735	0.8596	0.6671
151m	169m	0.1988	0.0353	0.1635	0.8596	0.6895
151m	175m	0.3688	0.0761	0.2927	0.8596	0.6965
151m	181m	0.4857	0.1009	0.3848	0.8596	0.7532
151m	187m	0.5975	0.1245	0.473	0.8596	0.777
151m	4212m	0.0079	-0.0296	0.0375	0.8596	0.8551
151m	4370m	-4e-04	-0.0187	0.0183	0.8596	0.9286
151m	4373m	0.0029	0.0169	-0.014	0.8596	0.8008
151m	49m	-0.0096	-0.019	0.0094	0.8596	0.8291
151m	52m	0.0019	-1e-04	0.002	0.8596	0.9356
151m	97m	-0.0054	-0.0051	-3e-04	0.8596	0.5823
151m	a13m	-0.0033	0.0182	-0.0215	0.8596	0.9478
151m	a1m	2e-04	0.0074	-0.0072	0.8596	0.9561
151m	a21m	0.0087	0.0133	-0.0046	0.8596	0.9845
151m	a22m	0.0068	6e-04	0.0062	0.8596	0.9608
151m	a27m	0.0238	0.0318	-0.008	0.8596	0.6368
151m	a28m	0.0539	0.0406	0.0133	0.8596	0.6308
151m	a29m	0.0058	0.0146	-0.0088	0.8596	0.9533
151m	a30m	-0.0209	-0.0409	0.02	0.8596	0.7461
151m	a7m	0.0024	-0.0039	0.0063	0.8596	0.8943
151m	a8m	0.0028	0.022	-0.0192	0.8596	0.9856
151m	a9m	-0.0011	0.0396	-0.0407	0.8596	0.7561
151m	ADr1um	-0.0139	0.0015	-0.0154	0.8596	0.9906
151m	bm1m	-0.0042	0.0047	-0.0089	0.8596	0.8737
151m	bm2m	-0.0022	-0.0106	0.0084	0.8596	0.8391
151m	bm4m	0.0051	-0.0149	0.02	0.8596	0.8894
151m	bm5m	-0.0079	0.0105	-0.0184	0.8596	0.6631
151m	bm6m	-0.013	0.0248	-0.0378	0.8596	0.6483
151m	bm7m	-0.0128	0.027	-0.0398	0.8596	0.6693
151m	bm8m	0.0076	-0.0164	0.024	0.8596	0.8766
151m	ch1m	0.0084	-0.0454	0.0538	0.8596	0.7605
151m	ch4m	6e-04	-0.0294	0.03	0.8596	0.7866
151m	ch5m	0.0072	-0.0518	0.059	0.8596	0.8595
151m	ch6m	0.0149	-0.0495	0.0644	0.8596	0.831
151m	l1m	-0.0098	-0.0218	0.012	0.8596	0.9945
151m	l2m	0.012	9e-04	0.0111	0.8596	1.0098
151m	l3m	0.0109	0.004	0.0069	0.8596	1.0446
151m	l4m	0.0162	0.0278	-0.0116	0.8596	0.9708
151m	l5m	0.0095	0.0115	-0.002	0.8596	1.0113
151m	r10m	0.0041	0.0076	-0.0035	0.8596	0.9353
151m	r4m	-0.0075	0.0155	-0.023	0.8596	0.9782
151m	r5m	-0.0037	0.021	-0.0247	0.8596	0.5851
151m	r8m	-0.0069	0.012	-0.0189	0.8596	0.9367
151m	r9m	-0.0073	0.024	-0.0313	0.8596	0.7313
152m	152m	0.9645	0.1304	0.8341	0.8341	0.8341
152m	154f	0.0151	0.0851	-0.07	0.8341	0.8427
152m	157m	-0.0886	-0.0363	-0.0523	0.8341	0.6923
152m	163m	-0.1854	-0.053	-0.1324	0.8341	0.6671
152m	169m	0.1563	0.0333	0.123	0.8341	0.6895
152m	175m	0.2863	0.0865	0.1998	0.8341	0.6965
152m	181m	0.3934	0.1034	0.29	0.8341	0.7532
152m	187m	0.4756	0.1261	0.3495	0.8341	0.777
152m	4212m	-0.0069	0.0127	-0.0196	0.8341	0.8551
152m	4370m	0.0043	-0.0108	0.0151	0.8341	0.9286
152m	4373m	-0.013	0.0176	-0.0306	0.8341	0.8008
152m	49m	-0.0124	-0.015	0.0026	0.8341	0.8291
152m	52m	-0.0017	0.008	-0.0097	0.8341	0.9356
152m	97m	2e-04	-0.0206	0.0208	0.8341	0.5823
152m	a13m	-3e-04	0.0209	-0.0212	0.8341	0.9478
152m	a1m	0.0018	0.006	-0.0042	0.8341	0.9561
152m	a21m	0.0071	0.0108	-0.0037	0.8341	0.9845
152m	a22m	-0.001	0.0072	-0.0082	0.8341	0.9608
152m	a27m	0.0346	-0.0061	0.0407	0.8341	0.6368
152m	a28m	0.0853	2e-04	0.0851	0.8341	0.6308
152m	a29m	-2e-04	0.0137	-0.0139	0.8341	0.9533
152m	a30m	-0.0139	-0.0525	0.0386	0.8341	0.7461
152m	a7m	-0.0062	4e-04	-0.0066	0.8341	0.8943
152m	a8m	0.0116	0.0167	-0.0051	0.8341	0.9856
152m	a9m	0.0091	0.0165	-0.0074	0.8341	0.7561
152m	ADr1um	-0.002	-0.0042	0.0022	0.8341	0.9906
152m	bm1m	0.0064	-0.0212	0.0276	0.8341	0.8737
152m	bm2m	8e-04	0.0189	-0.0181	0.8341	0.8391
152m	bm4m	0.0023	0.0073	-0.005	0.8341	0.8894
152m	bm5m	0.0046	-0.0075	0.0121	0.8341	0.6631
152m	bm6m	-0.0047	0.0168	-0.0215	0.8341	0.6483
152m	bm7m	-0.0029	0.008	-0.0109	0.8341	0.6693
152m	bm8m	-0.0033	-0.0111	0.0078	0.8341	0.8766
152m	ch1m	-0.0034	0.0279	-0.0313	0.8341	0.7605
152m	ch4m	-0.0015	-0.0156	0.0141	0.8341	0.7866
152m	ch5m	0.0038	-0.0308	0.0346	0.8341	0.8595
152m	ch6m	-0.0057	0.0184	-0.0241	0.8341	0.831
152m	l1m	-0.0209	-0.0224	0.0015	0.8341	0.9945
152m	l2m	0.0074	0.0048	0.0026	0.8341	1.0098
152m	l3m	0.0103	0.0069	0.0034	0.8341	1.0446
152m	l4m	0.021	0.0288	-0.0078	0.8341	0.9708
152m	l5m	0.0113	0.0142	-0.0029	0.8341	1.0113
152m	r10m	0.0083	0.0056	0.0027	0.8341	0.9353
152m	r4m	0.001	0.0097	-0.0087	0.8341	0.9782
152m	r5m	0.016	-0.0173	0.0333	0.8341	0.5851
152m	r8m	0.0055	-0.0021	0.0076	0.8341	0.9367
152m	r9m	6e-04	-0.0213	0.0219	0.8341	0.7313
153f	153f	0.9334	0.1175	0.8159	0.8159	0.8159
153f	154f	0.0088	0.1227	-0.1139	0.8159	0.8427
153f	159f	-0.0836	-0.0286	-0.055	0.8159	0.6521
153f	165f	-0.1968	-0.0487	-0.1481	0.8159	0.712
153f	171f	0.2707	0.0374	0.2333	0.8159	0.6631
153f	177f	0.4857	0.084	0.4017	0.8159	0.7782
153f	183f	0.57	0.1002	0.4698	0.8159	0.7752
153f	189f	0.6435	0.1093	0.5342	0.8159	0.8007
153f	4213f	3e-04	-9e-04	0.0012	0.8159	0.8245
153f	4371f	0.0054	-0.0055	0.0109	0.8159	0.948
153f	4374f	0.0043	-0.0214	0.0257	0.8159	0.9117
153f	48f	0.0024	-0.0089	0.0113	0.8159	0.9268
153f	51f	-5e-04	0.0023	-0.0028	0.8159	0.9526
153f	96f	-0.0024	0.0057	-0.0081	0.8159	0.3947
153f	99f	0.0017	0.0043	-0.0026	0.8159	0.6126
153f	a13f	0.0034	0.0128	-0.0094	0.8159	0.9669
153f	a1f	0.0061	0.0017	0.0044	0.8159	0.9553
153f	a21f	0.0093	-0.0012	0.0105	0.8159	0.9291
153f	a22f	0.0116	0.0073	0.0043	0.8159	0.9499
153f	a27f	0.0567	0.0293	0.0274	0.8159	0.6538
153f	a28f	0.0486	0.0495	-0.000900000000000005	0.8159	0.9035
153f	a29f	0.0106	0.0032	0.0074	0.8159	0.9285
153f	a30f	-0.0093	-0.0159	0.0066	0.8159	0.7704
153f	a7f	-7e-04	-0.003	0.0023	0.8159	0.9025
153f	a8f	0.0158	0.0266	-0.0108	0.8159	1.0017
153f	a9f	0.0021	0.0178	-0.0157	0.8159	0.9234
153f	ADr1uf	-0.0034	5e-04	-0.0039	0.8159	1.0044
153f	bm1f	-0.0087	0.0017	-0.0104	0.8159	0.9023
153f	bm2f	-0.0028	0.0023	-0.0051	0.8159	0.7995
153f	bm4f	0.002	-0.0148	0.0168	0.8159	0.8919
153f	bm5f	-0.0055	0.0149	-0.0204	0.8159	0.6379
153f	bm6f	-0.0028	0.0096	-0.0124	0.8159	0.6815
153f	bm7f	-0.0016	0.0047	-0.0063	0.8159	0.6676
153f	bm8f	9.7484e-05	-0.0193	0.019397484	0.8159	0.7496
153f	ch1f	0.003	-0.0238	0.0268	0.8159	0.7147
153f	ch4f	-1e-04	0.0113	-0.0114	0.8159	0.8515
153f	ch5f	0.0027	0.0033	-6e-04	0.8159	0.7707
153f	ch6f	0.0032	-0.0246	0.0278	0.8159	0.8691
153f	l1f	-0.0526	-0.0362	-0.0164	0.8159	1.0094
153f	l2f	0.0213	0.0209	0.000400000000000001	0.8159	1.0064
153f	l3f	0.0176	0.016	0.0016	0.8159	1.0446
153f	l4f	0.064	0.0418	0.0222	0.8159	0.993
153f	l5f	0.0299	0.0282	0.0017	0.8159	1.0148
153f	r10f	0.0111	-0.0027	0.0138	0.8159	0.8414
153f	r4f	-0.0016	0.007	-0.0086	0.8159	0.9251
153f	r5f	0.0024	-0.0145	0.0169	0.8159	0.7584
153f	r8f	-0.0047	0.0043	-0.009	0.8159	0.9445
153f	r9f	-0.0064	0.0188	-0.0252	0.8159	0.7273
154f	154f	0.9576	0.1149	0.8427	0.8427	0.8427
154f	159f	-0.0675	-0.0495	-0.018	0.8427	0.6521
154f	165f	-0.1656	-0.052	-0.1136	0.8427	0.712
154f	171f	0.1912	0.0274	0.1638	0.8427	0.6631
154f	177f	0.362	0.0962	0.2658	0.8427	0.7782
154f	183f	0.4443	0.1022	0.3421	0.8427	0.7752
154f	189f	0.4922	0.1198	0.3724	0.8427	0.8007
154f	4213f	0.0033	-0.0031	0.0064	0.8427	0.8245
154f	4371f	-0.0064	0.0137	-0.0201	0.8427	0.948
154f	4374f	-9e-04	-0.0233	0.0224	0.8427	0.9117
154f	48f	0.0093	-0.0164	0.0257	0.8427	0.9268
154f	51f	-0.0019	0.0057	-0.0076	0.8427	0.9526
154f	96f	-0.0043	-0.0229	0.0186	0.8427	0.3947
154f	99f	-0.0069	0.0026	-0.0095	0.8427	0.6126
154f	a13f	0.0016	0.0165	-0.0149	0.8427	0.9669
154f	a1f	-0.0044	0.0141	-0.0185	0.8427	0.9553
154f	a21f	0.0089	-4e-04	0.0093	0.8427	0.9291
154f	a22f	0.0076	0.0108	-0.0032	0.8427	0.9499
154f	a27f	0.0243	0.021	0.0033	0.8427	0.6538
154f	a28f	0.0369	0.0313	0.0056	0.8427	0.9035
154f	a29f	0.0016	0.0083	-0.0067	0.8427	0.9285
154f	a30f	-0.009	-0.0267	0.0177	0.8427	0.7704
154f	a7f	-0.0025	0.0043	-0.0068	0.8427	0.9025
154f	a8f	0.0058	0.022	-0.0162	0.8427	1.0017
154f	a9f	-0.0026	0.035	-0.0376	0.8427	0.9234
154f	ADr1uf	-0.0085	0.0039	-0.0124	0.8427	1.0044
154f	bm1f	-0.0031	-0.0062	0.0031	0.8427	0.9023
154f	bm2f	-0.0115	0.0396	-0.0511	0.8427	0.7995
154f	bm4f	0.0095	-0.0161	0.0256	0.8427	0.8919
154f	bm5f	1e-04	0.0118	-0.0117	0.8427	0.6379
154f	bm6f	-0.0023	0.0131	-0.0154	0.8427	0.6815
154f	bm7f	-0.0038	0.0192	-0.023	0.8427	0.6676
154f	bm8f	0.0109	-0.0315	0.0424	0.8427	0.7496
154f	ch1f	0.0023	-0.0107	0.013	0.8427	0.7147
154f	ch4f	0.0089	-0.0479	0.0568	0.8427	0.8515
154f	ch5f	5e-04	-0.0183	0.0188	0.8427	0.7707
154f	ch6f	0.0017	-0.0142	0.0159	0.8427	0.8691
154f	l1f	-0.0323	-0.0375	0.0052	0.8427	1.0094
154f	l2f	0.0213	0.0164	0.0049	0.8427	1.0064
154f	l3f	0.0224	0.0108	0.0116	0.8427	1.0446
154f	l4f	0.0367	0.0449	-0.0082	0.8427	0.993
154f	l5f	0.0272	0.0239	0.0033	0.8427	1.0148
154f	r10f	-0.015	0.0323	-0.0473	0.8427	0.8414
154f	r4f	-0.0025	0.0175	-0.02	0.8427	0.9251
154f	r5f	0.003	-0.0048	0.0078	0.8427	0.7584
154f	r8f	-0.006	0.0061	-0.0121	0.8427	0.9445
154f	r9f	-0.0034	0.0192	-0.0226	0.8427	0.7273
157m	157m	0.8747	0.1824	0.6923	0.6923	0.6923
157m	159f	0.0122	0.1539	-0.1417	0.6923	0.6521
157m	163m	0.5062	0.115	0.3912	0.6923	0.6671
157m	169m	0.6569	0.1528	0.5041	0.6923	0.6895
157m	175m	0.2207	0.0586	0.1621	0.6923	0.6965
157m	181m	0.2175	0.0504	0.1671	0.6923	0.7532
157m	187m	-0.1745	-0.0437	-0.1308	0.6923	0.777
157m	4212m	-0.003	-0.0064	0.0034	0.6923	0.8551
157m	4370m	0.0041	-0.0018	0.0059	0.6923	0.9286
157m	4373m	-0.0058	-0.0235	0.0177	0.6923	0.8008
157m	49m	0.0022	-0.025	0.0272	0.6923	0.8291
157m	52m	-8e-04	0.012	-0.0128	0.6923	0.9356
157m	97m	0.0592	0.1838	-0.1246	0.6923	0.5823
157m	a13m	-0.0066	0.0076	-0.0142	0.6923	0.9478
157m	a1m	0.0029	0.0037	-8e-04	0.6923	0.9561
157m	a21m	-0.0107	-0.0118	0.0011	0.6923	0.9845
157m	a22m	0.0099	0.0172	-0.0073	0.6923	0.9608
157m	a27m	0.065	0.0323	0.0327	0.6923	0.6368
157m	a28m	0.1998	0.1144	0.0854	0.6923	0.6308
157m	a29m	-8e-04	0.0197	-0.0205	0.6923	0.9533
157m	a30m	-2e-04	-0.0173	0.0171	0.6923	0.7461
157m	a7m	-0.0037	-0.0045	0.000799999999999999	0.6923	0.8943
157m	a8m	0.0057	0.0315	-0.0258	0.6923	0.9856
157m	a9m	0.0038	0.022	-0.0182	0.6923	0.7561
157m	ADr1um	0.0056	-0.0063	0.0119	0.6923	0.9906
157m	bm1m	-0.004	0.0021	-0.0061	0.6923	0.8737
157m	bm2m	-2e-04	0.0033	-0.0035	0.6923	0.8391
157m	bm4m	-0.0134	0.0338	-0.0472	0.6923	0.8894
157m	bm5m	-0.0081	0.0143	-0.0224	0.6923	0.6631
157m	bm6m	-0.0024	0.0224	-0.0248	0.6923	0.6483
157m	bm7m	-0.0046	0.0275	-0.0321	0.6923	0.6693
157m	bm8m	0.0014	0.0045	-0.0031	0.6923	0.8766
157m	ch1m	-0.001	-0.0081	0.0071	0.6923	0.7605
157m	ch4m	-0.0032	-0.006	0.0028	0.6923	0.7866
157m	ch5m	-0.0016	-0.0098	0.0082	0.6923	0.8595
157m	ch6m	-0.0069	0.0162	-0.0231	0.6923	0.831
157m	l1m	-0.0284	-0.041	0.0126	0.6923	0.9945
157m	l2m	0.0039	-0.0147	0.0186	0.6923	1.0098
157m	l3m	0.0077	-0.0201	0.0278	0.6923	1.0446
157m	l4m	0.0363	0.0187	0.0176	0.6923	0.9708
157m	l5m	0.0218	-0.0072	0.029	0.6923	1.0113
157m	r10m	0.0044	-0.0089	0.0133	0.6923	0.9353
157m	r4m	0.0015	0.0053	-0.0038	0.6923	0.9782
157m	r5m	-0.0011	-0.0195	0.0184	0.6923	0.5851
157m	r8m	0.0073	0.0029	0.0044	0.6923	0.9367
157m	r9m	-0.0101	0.0462	-0.0563	0.6923	0.7313
159f	159f	0.8202	0.1681	0.6521	0.6521	0.6521
159f	165f	0.4361	0.0823	0.3538	0.6521	0.712
159f	171f	0.6192	0.137	0.4822	0.6521	0.6631
159f	177f	0.1618	0.0167	0.1451	0.6521	0.7782
159f	183f	0.1658	0.0309	0.1349	0.6521	0.7752
159f	189f	-0.1165	-0.0349	-0.0816	0.6521	0.8007
159f	4213f	0.0076	-0.0072	0.0148	0.6521	0.8245
159f	4371f	0.0121	-0.0017	0.0138	0.6521	0.948
159f	4374f	-0.0087	0.0032	-0.0119	0.6521	0.9117
159f	48f	-0.0188	-0.0133	-0.0055	0.6521	0.9268
159f	51f	0.0202	-7e-04	0.0209	0.6521	0.9526
159f	96f	0.0388	0.1238	-0.085	0.6521	0.3947
159f	99f	-8e-04	-0.0595	0.0587	0.6521	0.6126
159f	a13f	-8e-04	0.0118	-0.0126	0.6521	0.9669
159f	a1f	0.0059	0.0074	-0.0015	0.6521	0.9553
159f	a21f	-0.0126	0.0016	-0.0142	0.6521	0.9291
159f	a22f	-0.0054	0.0283	-0.0337	0.6521	0.9499
159f	a27f	0.0732	0.0403	0.0329	0.6521	0.6538
159f	a28f	0.1534	0.0478	0.1056	0.6521	0.9035
159f	a29f	-0.0027	0.0319	-0.0346	0.6521	0.9285
159f	a30f	-0.0198	-0.0271	0.0073	0.6521	0.7704
159f	a7f	0.0019	-0.0087	0.0106	0.6521	0.9025
159f	a8f	0.0046	0.0338	-0.0292	0.6521	1.0017
159f	a9f	-0.0012	0.0321	-0.0333	0.6521	0.9234
159f	ADr1uf	0.0047	-0.0041	0.0088	0.6521	1.0044
159f	bm1f	-0.002	0.011	-0.013	0.6521	0.9023
159f	bm2f	0.012	-0.0195	0.0315	0.6521	0.7995
159f	bm4f	-0.0033	0.0079	-0.0112	0.6521	0.8919
159f	bm5f	0.0029	-0.0158	0.0187	0.6521	0.6379
159f	bm6f	-0.0028	-0.0025	-3e-04	0.6521	0.6815
159f	bm7f	-0.0046	8.2936e-05	-0.004682936	0.6521	0.6676
159f	bm8f	-0.0025	0.0013	-0.0038	0.6521	0.7496
159f	ch1f	-0.003	-0.0203	0.0173	0.6521	0.7147
159f	ch4f	0.01	-0.0145	0.0245	0.6521	0.8515
159f	ch5f	-0.0047	-0.0174	0.0127	0.6521	0.7707
159f	ch6f	-0.0049	-0.0233	0.0184	0.6521	0.8691
159f	l1f	-0.0581	-0.0406	-0.0175	0.6521	1.0094
159f	l2f	0.0076	0.005	0.0026	0.6521	1.0064
159f	l3f	3e-04	-0.0047	0.005	0.6521	1.0446
159f	l4f	0.0548	0.026	0.0288	0.6521	0.993
159f	l5f	0.0097	0.0099	-0.000200000000000001	0.6521	1.0148
159f	r10f	0.0033	0.0085	-0.0052	0.6521	0.8414
159f	r4f	0.0025	0.0116	-0.0091	0.6521	0.9251
159f	r5f	-0.0083	-0.0061	-0.0022	0.6521	0.7584
159f	r8f	0.0014	4e-04	0.001	0.6521	0.9445
159f	r9f	0.0024	0.0231	-0.0207	0.6521	0.7273
163m	163m	0.8682	0.2011	0.6671	0.6671	0.6671
163m	165f	0.0333	0.1569	-0.1236	0.6671	0.712
163m	169m	0.1668	0.0494	0.1174	0.6671	0.6895
163m	175m	0.3505	0.1159	0.2346	0.6671	0.6965
163m	181m	-0.2775	-0.0484	-0.2291	0.6671	0.7532
163m	187m	-0.337	-0.0542	-0.2828	0.6671	0.777
163m	4212m	-9e-04	0.0025	-0.0034	0.6671	0.8551
163m	4370m	-0.0118	0.0086	-0.0204	0.6671	0.9286
163m	4373m	0.0167	-0.0056	0.0223	0.6671	0.8008
163m	49m	0.0054	0.0346	-0.0292	0.6671	0.8291
163m	52m	-0.008	0.0027	-0.0107	0.6671	0.9356
163m	97m	0.0847	0.1919	-0.1072	0.6671	0.5823
163m	a13m	2e-04	-0.023	0.0232	0.6671	0.9478
163m	a1m	0.0037	-0.0077	0.0114	0.6671	0.9561
163m	a21m	-0.0135	-0.0247	0.0112	0.6671	0.9845
163m	a22m	0.0057	-0.0108	0.0165	0.6671	0.9608
163m	a27m	-0.0069	-0.0128	0.0059	0.6671	0.6368
163m	a28m	0.0069	0.0016	0.0053	0.6671	0.6308
163m	a29m	-0.0013	-0.0087	0.0074	0.6671	0.9533
163m	a30m	0.0337	0.0382	-0.0045	0.6671	0.7461
163m	a7m	0.0084	-0.0095	0.0179	0.6671	0.8943
163m	a8m	-0.0057	-0.0115	0.0058	0.6671	0.9856
163m	a9m	-0.002	-0.0259	0.0239	0.6671	0.7561
163m	ADr1um	0.0089	-0.0053	0.0142	0.6671	0.9906
163m	bm1m	-0.0039	0.0046	-0.0085	0.6671	0.8737
163m	bm2m	0.0084	-0.0108	0.0192	0.6671	0.8391
163m	bm4m	-0.0052	6e-04	-0.0058	0.6671	0.8894
163m	bm5m	0.0018	-0.0306	0.0324	0.6671	0.6631
163m	bm6m	0.0114	-0.0268	0.0382	0.6671	0.6483
163m	bm7m	0.0072	-0.0182	0.0254	0.6671	0.6693
163m	bm8m	-4e-04	0.0142	-0.0146	0.6671	0.8766
163m	ch1m	-0.0042	0.0239	-0.0281	0.6671	0.7605
163m	ch4m	3e-04	0.0316	-0.0313	0.6671	0.7866
163m	ch5m	-0.0015	0.0264	-0.0279	0.6671	0.8595
163m	ch6m	-0.0095	0.0489	-0.0584	0.6671	0.831
163m	l1m	0.006	0.0046	0.0014	0.6671	0.9945
163m	l2m	-0.0046	-0.0164	0.0118	0.6671	1.0098
163m	l3m	-0.0091	-0.0195	0.0104	0.6671	1.0446
163m	l4m	-0.0097	-0.0178	0.0081	0.6671	0.9708
163m	l5m	-0.0016	-0.0242	0.0226	0.6671	1.0113
163m	r10m	-0.0071	-0.0152	0.0081	0.6671	0.9353
163m	r4m	-0.0011	-0.0105	0.0094	0.6671	0.9782
163m	r5m	-0.0031	-0.0209	0.0178	0.6671	0.5851
163m	r8m	0.0114	-0.0186	0.03	0.6671	0.9367
163m	r9m	-0.0077	0.0114	-0.0191	0.6671	0.7313
165f	165f	0.8633	0.1513	0.712	0.712	0.712
165f	171f	0.1476	0.0312	0.1164	0.712	0.6631
165f	177f	0.2652	0.0451	0.2201	0.712	0.7782
165f	183f	-0.2537	-0.0431	-0.2106	0.712	0.7752
165f	189f	-0.2821	-0.0493	-0.2328	0.712	0.8007
165f	4213f	0.0034	0.0114	-0.008	0.712	0.8245
165f	4371f	-0.0018	-0.0029	0.0011	0.712	0.948
165f	4374f	-0.0026	0.0082	-0.0108	0.712	0.9117
165f	48f	0.0088	0.0118	-0.003	0.712	0.9268
165f	51f	-7e-04	-0.0052	0.0045	0.712	0.9526
165f	96f	0.0714	0.1497	-0.0783	0.712	0.3947
165f	99f	0.0393	0.0797	-0.0404	0.712	0.6126
165f	a13f	-0.0039	-0.0067	0.0028	0.712	0.9669
165f	a1f	0.0051	-0.009	0.0141	0.712	0.9553
165f	a21f	-0.0099	-0.0173	0.0074	0.712	0.9291
165f	a22f	0.0012	-0.0045	0.0057	0.712	0.9499
165f	a27f	-0.0465	-0.0117	-0.0348	0.712	0.6538
165f	a28f	-0.0144	-0.0087	-0.0057	0.712	0.9035
165f	a29f	-0.008	0.0024	-0.0104	0.712	0.9285
165f	a30f	0.0114	0.0279	-0.0165	0.712	0.7704
165f	a7f	0.0043	0.001	0.0033	0.712	0.9025
165f	a8f	-0.014	-0.0091	-0.0049	0.712	1.0017
165f	a9f	-0.0078	-0.0049	-0.0029	0.712	0.9234
165f	ADr1uf	0.0027	-6e-04	0.0033	0.712	1.0044
165f	bm1f	0.0017	0.0054	-0.0037	0.712	0.9023
165f	bm2f	0.0095	-0.0052	0.0147	0.712	0.7995
165f	bm4f	0.0014	-0.0054	0.0068	0.712	0.8919
165f	bm5f	0.008	-0.0247	0.0327	0.712	0.6379
165f	bm6f	0.0056	-0.0141	0.0197	0.712	0.6815
165f	bm7f	0.004	-0.0146	0.0186	0.712	0.6676
165f	bm8f	-9e-04	0.0116	-0.0125	0.712	0.7496
165f	ch1f	0.0012	0.007	-0.0058	0.712	0.7147
165f	ch4f	0.0055	-0.0035	0.009	0.712	0.8515
165f	ch5f	-0.0029	0.0157	-0.0186	0.712	0.7707
165f	ch6f	-0.0012	0.0182	-0.0194	0.712	0.8691
165f	l1f	0.0295	0.0135	0.016	0.712	1.0094
165f	l2f	-0.0148	-0.0158	0.001	0.712	1.0064
165f	l3f	-0.0128	-0.0144	0.0016	0.712	1.0446
165f	l4f	-0.0211	-0.0228	0.0017	0.712	0.993
165f	l5f	-0.0183	-0.0206	0.0023	0.712	1.0148
165f	r10f	0.0041	-0.0079	0.012	0.712	0.8414
165f	r4f	6e-04	-0.0133	0.0139	0.712	0.9251
165f	r5f	-0.013	0.007	-0.02	0.712	0.7584
165f	r8f	0.0034	-0.0031	0.0065	0.712	0.9445
165f	r9f	0.0062	0.0052	0.001	0.712	0.7273
169m	169m	0.8614	0.1719	0.6895	0.6895	0.6895
169m	171f	0.0075	0.1451	-0.1376	0.6895	0.6631
169m	175m	0.4288	0.0715	0.3573	0.6895	0.6965
169m	181m	0.6399	0.1134	0.5265	0.6895	0.7532
169m	187m	0.2977	0.0234	0.2743	0.6895	0.777
169m	4212m	-0.0029	-0.0186	0.0157	0.6895	0.8551
169m	4370m	0.0149	-0.0201	0.035	0.6895	0.9286
169m	4373m	-0.0194	-0.0037	-0.0157	0.6895	0.8008
169m	49m	-0.0063	-0.0413	0.035	0.6895	0.8291
169m	52m	0.0022	0.0128	-0.0106	0.6895	0.9356
169m	97m	0.0295	0.1455	-0.116	0.6895	0.5823
169m	a13m	-0.0026	0.0216	-0.0242	0.6895	0.9478
169m	a1m	0.0089	0.0045	0.0044	0.6895	0.9561
169m	a21m	-0.0042	-7e-04	-0.0035	0.6895	0.9845
169m	a22m	0.0108	0.0232	-0.0124	0.6895	0.9608
169m	a27m	0.0772	0.0454	0.0318	0.6895	0.6368
169m	a28m	0.2486	0.1399	0.1087	0.6895	0.6308
169m	a29m	0.001	0.0307	-0.0297	0.6895	0.9533
169m	a30m	-0.0244	-0.0483	0.0239	0.6895	0.7461
169m	a7m	-0.0071	-0.004	-0.0031	0.6895	0.8943
169m	a8m	0.0105	0.0463	-0.0358	0.6895	0.9856
169m	a9m	0.0057	0.0474	-0.0417	0.6895	0.7561
169m	ADr1um	8e-04	-0.0069	0.0077	0.6895	0.9906
169m	bm1m	-0.0059	1e-04	-0.006	0.6895	0.8737
169m	bm2m	-0.0032	0.0122	-0.0154	0.6895	0.8391
169m	bm4m	-0.006	0.0249	-0.0309	0.6895	0.8894
169m	bm5m	-0.0057	0.0196	-0.0253	0.6895	0.6631
169m	bm6m	-0.0073	0.0346	-0.0419	0.6895	0.6483
169m	bm7m	-0.0085	0.0387	-0.0472	0.6895	0.6693
169m	bm8m	0.0049	-0.0069	0.0118	0.6895	0.8766
169m	ch1m	0.0046	-0.0305	0.0351	0.6895	0.7605
169m	ch4m	0.0032	-0.0363	0.0395	0.6895	0.7866
169m	ch5m	0.0035	-0.0438	0.0473	0.6895	0.8595
169m	ch6m	0.0025	-0.0137	0.0162	0.6895	0.831
169m	l1m	-0.0372	-0.058	0.0208	0.6895	0.9945
169m	l2m	0.0181	-0.0135	0.0316	0.6895	1.0098
169m	l3m	0.0229	-0.0164	0.0393	0.6895	1.0446
169m	l4m	0.0522	0.039	0.0132	0.6895	0.9708
169m	l5m	0.036	0.002	0.034	0.6895	1.0113
169m	r10m	0.006	0.0029	0.0031	0.6895	0.9353
169m	r4m	2e-04	0.0152	-0.015	0.6895	0.9782
169m	r5m	0.0069	-0.0163	0.0232	0.6895	0.5851
169m	r8m	8e-04	0.0121	-0.0113	0.6895	0.9367
169m	r9m	-0.0082	0.0472	-0.0554	0.6895	0.7313
171f	171f	0.8152	0.1521	0.6631	0.6631	0.6631
171f	177f	0.475	0.0528	0.4222	0.6631	0.7782
171f	183f	0.6076	0.0887	0.5189	0.6631	0.7752
171f	189f	0.3698	0.0293	0.3405	0.6631	0.8007
171f	4213f	0.0055	-0.0089	0.0144	0.6631	0.8245
171f	4371f	0.0093	0.003	0.0063	0.6631	0.948
171f	4374f	-0.0066	-0.0102	0.0036	0.6631	0.9117
171f	48f	-0.0165	-0.0215	0.005	0.6631	0.9268
171f	51f	0.014	0.0033	0.0107	0.6631	0.9526
171f	96f	0.0237	0.0915	-0.0678	0.6631	0.3947
171f	99f	-0.0091	-0.0694	0.0603	0.6631	0.6126
171f	a13f	0.0023	0.0204	-0.0181	0.6631	0.9669
171f	a1f	0.0055	0.0145	-0.009	0.6631	0.9553
171f	a21f	-0.0069	0.0065	-0.0134	0.6631	0.9291
171f	a22f	0.0014	0.0327	-0.0313	0.6631	0.9499
171f	a27f	0.1064	0.0595	0.0469	0.6631	0.6538
171f	a28f	0.1887	0.0723	0.1164	0.6631	0.9035
171f	a29f	0.0048	0.0346	-0.0298	0.6631	0.9285
171f	a30f	-0.0244	-0.0434	0.019	0.6631	0.7704
171f	a7f	0.0013	-0.0094	0.0107	0.6631	0.9025
171f	a8f	0.0151	0.0484	-0.0333	0.6631	1.0017
171f	a9f	-0.0022	0.0474	-0.0496	0.6631	0.9234
171f	ADr1uf	0.0012	-0.0033	0.0045	0.6631	1.0044
171f	bm1f	-0.0042	0.0051	-0.0093	0.6631	0.9023
171f	bm2f	0.009	-0.0107	0.0197	0.6631	0.7995
171f	bm4f	6e-04	4e-04	2e-04	0.6631	0.8919
171f	bm5f	-0.0025	-5e-04	-0.002	0.6631	0.6379
171f	bm6f	-0.0048	-4e-04	-0.0044	0.6631	0.6815
171f	bm7f	-0.0071	0.0036	-0.0107	0.6631	0.6676
171f	bm8f	-5e-04	-0.0096	0.0091	0.6631	0.7496
171f	ch1f	-0.003	-0.0296	0.0266	0.6631	0.7147
171f	ch4f	0.0107	-0.0143	0.025	0.6631	0.8515
171f	ch5f	-0.0052	-0.0237	0.0185	0.6631	0.7707
171f	ch6f	-0.005	-0.0295	0.0245	0.6631	0.8691
171f	l1f	-0.0945	-0.0616	-0.0329	0.6631	1.0094
171f	l2f	0.0235	0.0181	0.0054	0.6631	1.0064
171f	l3f	0.013	0.0052	0.0078	0.6631	1.0446
171f	l4f	0.0937	0.0515	0.0422	0.6631	0.993
171f	l5f	0.0324	0.0274	0.005	0.6631	1.0148
171f	r10f	0.0068	0.0125	-0.0057	0.6631	0.8414
171f	r4f	0.0038	0.0158	-0.012	0.6631	0.9251
171f	r5f	-0.0033	-0.0159	0.0126	0.6631	0.7584
171f	r8f	-0.0025	0.0038	-0.0063	0.6631	0.9445
171f	r9f	-0.003	0.034	-0.037	0.6631	0.7273
175m	175m	0.8735	0.177	0.6965	0.6965	0.6965
175m	177f	0.0287	0.1054	-0.0767	0.6965	0.7782
175m	181m	0.446	0.0566	0.3894	0.6965	0.7532
175m	187m	0.5455	0.0796	0.4659	0.6965	0.777
175m	4212m	0.0024	-0.0144	0.0168	0.6965	0.8551
175m	4370m	-0.004	-0.0165	0.0125	0.6965	0.9286
175m	4373m	0.0014	0.0213	-0.0199	0.6965	0.8008
175m	49m	-0.0024	0.0099	-0.0123	0.6965	0.8291
175m	52m	-0.0058	0.0033	-0.0091	0.6965	0.9356
175m	97m	0.0542	0.1545	-0.1003	0.6965	0.5823
175m	a13m	-0.002	3e-04	-0.0023	0.6965	0.9478
175m	a1m	0.0114	-0.0027	0.0141	0.6965	0.9561
175m	a21m	-0.0067	-0.0039	-0.0028	0.6965	0.9845
175m	a22m	0.0107	-0.0067	0.0174	0.6965	0.9608
175m	a27m	0.0363	-0.0135	0.0498	0.6965	0.6368
175m	a28m	0.0932	0.0223	0.0709	0.6965	0.6308
175m	a29m	0.0035	0.0033	2e-04	0.6965	0.9533
175m	a30m	-0.0011	-0.0077	0.0066	0.6965	0.7461
175m	a7m	0.0029	-0.0095	0.0124	0.6965	0.8943
175m	a8m	0.0018	0.0081	-0.0063	0.6965	0.9856
175m	a9m	0.0026	0.0098	-0.0072	0.6965	0.7561
175m	ADr1um	-0.003	-0.0047	0.0017	0.6965	0.9906
175m	bm1m	-0.0034	-0.0062	0.0028	0.6965	0.8737
175m	bm2m	0.0078	-0.0095	0.0173	0.6965	0.8391
175m	bm4m	0.0015	-0.0051	0.0066	0.6965	0.8894
175m	bm5m	1.0437e-05	-0.0215	0.021510437	0.6965	0.6631
175m	bm6m	0.0024	-0.0046	0.007	0.6965	0.6483
175m	bm7m	-3e-04	-6e-04	3e-04	0.6965	0.6693
175m	bm8m	0.0054	-0.0071	0.0125	0.6965	0.8766
175m	ch1m	0.0065	-0.0058	0.0123	0.6965	0.7605
175m	ch4m	0.0043	-0.0087	0.013	0.6965	0.7866
175m	ch5m	0.0054	-0.0134	0.0188	0.6965	0.8595
175m	ch6m	0.0067	0.0024	0.0043	0.6965	0.831
175m	l1m	-0.0111	-0.0154	0.0043	0.6965	0.9945
175m	l2m	3e-04	-0.0088	0.0091	0.6965	1.0098
175m	l3m	2e-04	-0.0083	0.0085	0.6965	1.0446
175m	l4m	0.0169	0.0117	0.0052	0.6965	0.9708
175m	l5m	0.0029	-0.0038	0.0067	0.6965	1.0113
175m	r10m	0.0015	-0.0032	0.0047	0.6965	0.9353
175m	r4m	-0.0072	0.0068	-0.014	0.6965	0.9782
175m	r5m	0.0043	-0.0054	0.0097	0.6965	0.5851
175m	r8m	0.0036	-0.0042	0.0078	0.6965	0.9367
175m	r9m	-0.0052	0.0021	-0.0073	0.6965	0.7313
177f	177f	0.8909	0.1127	0.7782	0.7782	0.7782
177f	183f	0.6018	0.0711	0.5307	0.7782	0.7752
177f	189f	0.6744	0.0776	0.5968	0.7782	0.8007
177f	4213f	0.0053	0.003	0.0023	0.7782	0.8245
177f	4371f	-0.0066	0.0064	-0.013	0.7782	0.948
177f	4374f	-2e-04	-0.0159	0.0157	0.7782	0.9117
177f	48f	0.0122	-0.0047	0.0169	0.7782	0.9268
177f	51f	-0.0043	2e-04	-0.0045	0.7782	0.9526
177f	96f	0.0423	0.0905	-0.0482	0.7782	0.3947
177f	99f	0.0297	0.0374	-0.0077	0.7782	0.6126
177f	a13f	-9e-04	0.0101	-0.011	0.7782	0.9669
177f	a1f	0.0041	0.0028	0.0013	0.7782	0.9553
177f	a21f	0.0033	-0.0082	0.0115	0.7782	0.9291
177f	a22f	0.0137	0.005	0.0087	0.7782	0.9499
177f	a27f	0.0228	0.0346	-0.0118	0.7782	0.6538
177f	a28f	0.0529	0.0366	0.0163	0.7782	0.9035
177f	a29f	0.0069	0.0054	0.0015	0.7782	0.9285
177f	a30f	-0.001	-0.0028	0.0018	0.7782	0.7704
177f	a7f	0.0016	-9.2869e-05	0.001692869	0.7782	0.9025
177f	a8f	0.0092	0.0193	-0.0101	0.7782	1.0017
177f	a9f	-0.004	0.0169	-0.0209	0.7782	0.9234
177f	ADr1uf	-0.0071	0.0013	-0.0084	0.7782	1.0044
177f	bm1f	-0.0069	0.002	-0.0089	0.7782	0.9023
177f	bm2f	0.0015	0.0091	-0.0076	0.7782	0.7995
177f	bm4f	0.009	-0.0179	0.0269	0.7782	0.8919
177f	bm5f	0.0013	-0.0035	0.0048	0.7782	0.6379
177f	bm6f	0.0019	-0.0087	0.0106	0.7782	0.6815
177f	bm7f	-1e-04	-0.0052	0.0051	0.7782	0.6676
177f	bm8f	0.0092	-0.0179	0.0271	0.7782	0.7496
177f	ch1f	0.0041	-0.0075	0.0116	0.7782	0.7147
177f	ch4f	0.0077	-0.0059	0.0136	0.7782	0.8515
177f	ch5f	-0.0016	0.0052	-0.0068	0.7782	0.7707
177f	ch6f	-2.5318e-05	8e-04	-0.000825318	0.7782	0.8691
177f	l1f	-0.0419	-0.0286	-0.0133	0.7782	1.0094
177f	l2f	0.0189	0.0103	0.0086	0.7782	1.0064
177f	l3f	0.0178	0.005	0.0128	0.7782	1.0446
177f	l4f	0.0569	0.028	0.0289	0.7782	0.993
177f	l5f	0.0292	0.0145	0.0147	0.7782	1.0148
177f	r10f	0.0093	-9e-04	0.0102	0.7782	0.8414
177f	r4f	6e-04	-9e-04	0.0015	0.7782	0.9251
177f	r5f	-0.0032	-0.006	0.0028	0.7782	0.7584
177f	r8f	-0.0034	0.0023	-0.0057	0.7782	0.9445
177f	r9f	-0.0019	0.0201	-0.022	0.7782	0.7273
181m	181m	0.8914	0.1382	0.7532	0.7532	0.7532
181m	183f	0.0141	0.0919	-0.0778	0.7532	0.7752
181m	187m	0.7311	0.0962	0.6349	0.7532	0.777
181m	4212m	-0.0027	-0.0188	0.0161	0.7532	0.8551
181m	4370m	0.0115	-0.021	0.0325	0.7532	0.9286
181m	4373m	-0.0214	0.0092	-0.0306	0.7532	0.8008
181m	49m	-0.0102	-0.0464	0.0362	0.7532	0.8291
181m	52m	0.0054	0.0078	-0.0024	0.7532	0.9356
181m	97m	-0.0049	0.0443	-0.0492	0.7532	0.5823
181m	a13m	-0.0032	0.0298	-0.033	0.7532	0.9478
181m	a1m	0.0065	0.0077	-0.0012	0.7532	0.9561
181m	a21m	-2e-04	0.0177	-0.0179	0.7532	0.9845
181m	a22m	0.0114	0.0189	-0.0075	0.7532	0.9608
181m	a27m	0.0807	0.0404	0.0403	0.7532	0.6368
181m	a28m	0.2161	0.1103	0.1058	0.7532	0.6308
181m	a29m	0.0045	0.0266	-0.0221	0.7532	0.9533
181m	a30m	-0.041	-0.0637	0.0227	0.7532	0.7461
181m	a7m	-0.0073	-0.0018	-0.0055	0.7532	0.8943
181m	a8m	0.0086	0.0436	-0.035	0.7532	0.9856
181m	a9m	0.0026	0.0587	-0.0561	0.7532	0.7561
181m	ADr1um	-0.0025	-0.0047	0.0022	0.7532	0.9906
181m	bm1m	-0.0024	-0.0085	0.0061	0.7532	0.8737
181m	bm2m	-0.0094	0.0163	-0.0257	0.7532	0.8391
181m	bm4m	-0.0023	0.0102	-0.0125	0.7532	0.8894
181m	bm5m	-0.0072	0.0239	-0.0311	0.7532	0.6631
181m	bm6m	-0.0133	0.042	-0.0553	0.7532	0.6483
181m	bm7m	-0.0139	0.0434	-0.0573	0.7532	0.6693
181m	bm8m	0.0068	-0.0206	0.0274	0.7532	0.8766
181m	ch1m	0.0075	-0.0354	0.0429	0.7532	0.7605
181m	ch4m	-6e-04	-0.0417	0.0411	0.7532	0.7866
181m	ch5m	0.0059	-0.0516	0.0575	0.7532	0.8595
181m	ch6m	0.0085	-0.0369	0.0454	0.7532	0.831
181m	l1m	-0.0311	-0.0505	0.0194	0.7532	0.9945
181m	l2m	0.0127	-6e-04	0.0133	0.7532	1.0098
181m	l3m	0.0201	-6e-04	0.0207	0.7532	1.0446
181m	l4m	0.0452	0.0462	-0.001	0.7532	0.9708
181m	l5m	0.0251	0.0166	0.0085	0.7532	1.0113
181m	r10m	0.0147	0.0044	0.0103	0.7532	0.9353
181m	r4m	-0.0026	0.0204	-0.023	0.7532	0.9782
181m	r5m	0.009	9e-04	0.0081	0.7532	0.5851
181m	r8m	-0.0021	0.0151	-0.0172	0.7532	0.9367
181m	r9m	-0.0051	0.0262	-0.0313	0.7532	0.7313
183f	183f	0.8888	0.1136	0.7752	0.7752	0.7752
183f	189f	0.804	0.0929	0.7111	0.7752	0.8007
183f	4213f	0.005	-0.0136	0.0186	0.7752	0.8245
183f	4371f	0.0043	0.0048	-5e-04	0.7752	0.948
183f	4374f	-0.0049	-0.0168	0.0119	0.7752	0.9117
183f	48f	-0.0055	-0.0207	0.0152	0.7752	0.9268
183f	51f	0.0049	0.0045	4e-04	0.7752	0.9526
183f	96f	-0.0022	0.0176	-0.0198	0.7752	0.3947
183f	99f	-0.0163	-0.0532	0.0369	0.7752	0.6126
183f	a13f	0.004	0.0205	-0.0165	0.7752	0.9669
183f	a1f	0.0027	0.0142	-0.0115	0.7752	0.9553
183f	a21f	0.0056	0.0074	-0.0018	0.7752	0.9291
183f	a22f	0.0108	0.0218	-0.011	0.7752	0.9499
183f	a27f	0.0982	0.0621	0.0361	0.7752	0.6538
183f	a28f	0.1347	0.0637	0.071	0.7752	0.9035
183f	a29f	0.0097	0.021	-0.0113	0.7752	0.9285
183f	a30f	-0.0237	-0.0403	0.0166	0.7752	0.7704
183f	a7f	-7e-04	-0.0043	0.0036	0.7752	0.9025
183f	a8f	0.0211	0.0421	-0.021	0.7752	1.0017
183f	a9f	5e-04	0.0398	-0.0393	0.7752	0.9234
183f	ADr1uf	-9e-04	-9e-04	0	0.7752	1.0044
183f	bm1f	-0.0054	-0.0029	-0.0025	0.7752	0.9023
183f	bm2f	6e-04	0.003	-0.0024	0.7752	0.7995
183f	bm4f	0.0052	-0.0092	0.0144	0.7752	0.8919
183f	bm5f	-0.006	0.0155	-0.0215	0.7752	0.6379
183f	bm6f	-0.0045	0.0087	-0.0132	0.7752	0.6815
183f	bm7f	-0.0061	0.0127	-0.0188	0.7752	0.6676
183f	bm8f	0.0067	-0.0227	0.0294	0.7752	0.7496
183f	ch1f	5e-04	-0.0213	0.0218	0.7752	0.7147
183f	ch4f	0.0056	-0.0075	0.0131	0.7752	0.8515
183f	ch5f	-0.0031	-0.0138	0.0107	0.7752	0.7707
183f	ch6f	-0.0026	-0.024	0.0214	0.7752	0.8691
183f	l1f	-0.0899	-0.0578	-0.0321	0.7752	1.0094
183f	l2f	0.0363	0.0238	0.0125	0.7752	1.0064
183f	l3f	0.0297	0.013	0.0167	0.7752	1.0446
183f	l4f	0.0977	0.0578	0.0399	0.7752	0.993
183f	l5f	0.0453	0.0345	0.0108	0.7752	1.0148
183f	r10f	0.0056	0.0125	-0.0069	0.7752	0.8414
183f	r4f	0.0014	0.0165	-0.0151	0.7752	0.9251
183f	r5f	0.0014	-0.0151	0.0165	0.7752	0.7584
183f	r8f	-0.0047	0.0044	-0.0091	0.7752	0.9445
183f	r9f	-0.0081	0.0316	-0.0397	0.7752	0.7273
187m	187m	0.9042	0.1272	0.777	0.777	0.777
187m	189f	0.0169	0.0751	-0.0582	0.777	0.8007
187m	4212m	-0.001	-0.0128	0.0118	0.777	0.8551
187m	4370m	0.0057	-0.0247	0.0304	0.777	0.9286
187m	4373m	-0.0138	0.0284	-0.0422	0.777	0.8008
187m	49m	-0.0111	-0.0171	0.006	0.777	0.8291
187m	52m	0.0012	0.0013	-1e-04	0.777	0.9356
187m	97m	-0.0113	-0.0097	-0.0016	0.777	0.5823
187m	a13m	-0.0012	0.0184	-0.0196	0.777	0.9478
187m	a1m	0.0045	0.0042	3e-04	0.777	0.9561
187m	a21m	0.0047	0.0172	-0.0125	0.777	0.9845
187m	a22m	0.0091	0.0015	0.0076	0.777	0.9608
187m	a27m	0.0483	4e-04	0.0479	0.777	0.6368
187m	a28m	0.0955	0.0215	0.074	0.777	0.6308
187m	a29m	0.0051	0.0105	-0.0054	0.777	0.9533
187m	a30m	-0.0339	-0.0408	0.0069	0.777	0.7461
187m	a7m	-0.0039	-0.0014	-0.0025	0.777	0.8943
187m	a8m	0.0062	0.0189	-0.0127	0.777	0.9856
187m	a9m	3e-04	0.034	-0.0337	0.777	0.7561
187m	ADr1um	-0.0069	-0.0018	-0.0051	0.777	0.9906
187m	bm1m	-0.0027	-0.0071	0.0044	0.777	0.8737
187m	bm2m	-0.0067	0.0078	-0.0145	0.777	0.8391
187m	bm4m	0.0065	-0.0143	0.0208	0.777	0.8894
187m	bm5m	-2e-04	-0.0032	0.003	0.777	0.6631
187m	bm6m	-0.0102	0.0207	-0.0309	0.777	0.6483
187m	bm7m	-0.0112	0.0218	-0.033	0.777	0.6693
187m	bm8m	0.0038	-0.018	0.0218	0.777	0.8766
187m	ch1m	0.0086	-0.0212	0.0298	0.777	0.7605
187m	ch4m	0.0029	-0.0342	0.0371	0.777	0.7866
187m	ch5m	0.0076	-0.0384	0.046	0.777	0.8595
187m	ch6m	0.0147	-0.0406	0.0553	0.777	0.831
187m	l1m	-0.0157	-0.0225	0.0068	0.777	0.9945
187m	l2m	0.0082	0.0044	0.0038	0.777	1.0098
187m	l3m	0.0117	0.0076	0.0041	0.777	1.0446
187m	l4m	0.0242	0.0302	-0.006	0.777	0.9708
187m	l5m	0.0102	0.0156	-0.0054	0.777	1.0113
187m	r10m	0.0081	0.0082	-0.000100000000000001	0.777	0.9353
187m	r4m	-0.0071	0.0163	-0.0234	0.777	0.9782
187m	r5m	0.0098	0.0093	5e-04	0.777	0.5851
187m	r8m	-0.0032	0.0079	-0.0111	0.777	0.9367
187m	r9m	-0.0024	-8.8792e-05	-0.002311208	0.777	0.7313
189f	189f	0.908	0.1073	0.8007	0.8007	0.8007
189f	4213f	0.0041	-0.0082	0.0123	0.8007	0.8245
189f	4371f	-0.0022	0.0051	-0.0073	0.8007	0.948
189f	4374f	8.2578e-05	-0.0208	0.020882578	0.8007	0.9117
189f	48f	0.0065	-0.0118	0.0183	0.8007	0.9268
189f	51f	-0.0033	0.0037	-0.007	0.8007	0.9526
189f	96f	-0.0069	-0.006	-9e-04	0.8007	0.3947
189f	99f	-4e-04	-0.0055	0.0051	0.8007	0.6126
189f	a13f	0.0033	0.0136	-0.0103	0.8007	0.9669
189f	a1f	5e-04	0.0091	-0.0086	0.8007	0.9553
189f	a21f	0.0112	0.003	0.0082	0.8007	0.9291
189f	a22f	0.0162	0.0069	0.0093	0.8007	0.9499
189f	a27f	0.0584	0.0306	0.0278	0.8007	0.6538
189f	a28f	0.0641	0.0342	0.0299	0.8007	0.9035
189f	a29f	0.0104	0.0052	0.0052	0.8007	0.9285
189f	a30f	-0.011	-0.0217	0.0107	0.8007	0.7704
189f	a7f	-8e-04	3.6747e-05	-0.000836747	0.8007	0.9025
189f	a8f	0.0192	0.0236	-0.0044	0.8007	1.0017
189f	a9f	-0.0018	0.0226	-0.0244	0.8007	0.9234
189f	ADr1uf	-0.0066	0.0016	-0.0082	0.8007	1.0044
189f	bm1f	-0.008	-0.0018	-0.0062	0.8007	0.9023
189f	bm2f	-0.0041	0.0123	-0.0164	0.8007	0.7995
189f	bm4f	0.0087	-0.0189	0.0276	0.8007	0.8919
189f	bm5f	-0.0045	0.0135	-0.018	0.8007	0.6379
189f	bm6f	-0.0035	0.0086	-0.0121	0.8007	0.6815
189f	bm7f	-0.0036	0.0103	-0.0139	0.8007	0.6676
189f	bm8f	0.0095	-0.0239	0.0334	0.8007	0.7496
189f	ch1f	0.0017	-0.0109	0.0126	0.8007	0.7147
189f	ch4f	0.0021	-3e-04	0.0024	0.8007	0.8515
189f	ch5f	-0.0026	0.001	-0.0036	0.8007	0.7707
189f	ch6f	-7e-04	-0.0097	0.009	0.8007	0.8691
189f	l1f	-0.0605	-0.0368	-0.0237	0.8007	1.0094
189f	l2f	0.0319	0.0187	0.0132	0.8007	1.0064
189f	l3f	0.0295	0.0126	0.0169	0.8007	1.0446
189f	l4f	0.0725	0.0424	0.0301	0.8007	0.993
189f	l5f	0.0415	0.0261	0.0154	0.8007	1.0148
189f	r10f	0.0041	0.0063	-0.0022	0.8007	0.8414
189f	r4f	3e-04	0.0081	-0.0078	0.8007	0.9251
189f	r5f	0.0021	-0.0092	0.0113	0.8007	0.7584
189f	r8f	-0.0039	0.0028	-0.0067	0.8007	0.9445
189f	r9f	-0.0078	0.0195	-0.0273	0.8007	0.7273
4212m	4212m	1.0034	0.1483	0.8551	0.8551	0.8551
4212m	4213f	0.024	0.1316	-0.1076	0.8551	0.8245
4212m	4370m	8e-04	0.0027	-0.0019	0.8551	0.9286
4212m	4373m	0.0015	-0.0082	0.0097	0.8551	0.8008
4212m	49m	-0.0049	0.0188	-0.0237	0.8551	0.8291
4212m	52m	-0.0018	-0.0043	0.0025	0.8551	0.9356
4212m	97m	7.6241e-05	-0.0107	0.010776241	0.8551	0.5823
4212m	a13m	-0.0013	-0.0023	0.001	0.8551	0.9478
4212m	a1m	-0.0091	0.0062	-0.0153	0.8551	0.9561
4212m	a21m	-0.003	-0.003	0	0.8551	0.9845
4212m	a22m	-0.0038	0.0034	-0.0072	0.8551	0.9608
4212m	a27m	0.0049	0.0364	-0.0315	0.8551	0.6368
4212m	a28m	-0.0253	5e-04	-0.0258	0.8551	0.6308
4212m	a29m	0.0011	-0.0033	0.0044	0.8551	0.9533
4212m	a30m	0.0027	-0.016	0.0187	0.8551	0.7461
4212m	a7m	0.0075	-0.0083	0.0158	0.8551	0.8943
4212m	a8m	0.0032	-0.0153	0.0185	0.8551	0.9856
4212m	a9m	0.014	-0.0474	0.0614	0.8551	0.7561
4212m	ADr1um	-0.0039	0.0059	-0.0098	0.8551	0.9906
4212m	bm1m	-9e-04	-0.0107	0.0098	0.8551	0.8737
4212m	bm2m	1.5705e-05	-0.0321	0.032115705	0.8551	0.8391
4212m	bm4m	-0.0098	0.0113	-0.0211	0.8551	0.8894
4212m	bm5m	0.0077	-0.0173	0.025	0.8551	0.6631
4212m	bm6m	0.0083	-0.0042	0.0125	0.8551	0.6483
4212m	bm7m	0.0074	-0.0126	0.02	0.8551	0.6693
4212m	bm8m	0.0012	0.0391	-0.0379	0.8551	0.8766
4212m	ch1m	-0.0082	0.0322	-0.0404	0.8551	0.7605
4212m	ch4m	0.0025	-0.0208	0.0233	0.8551	0.7866
4212m	ch5m	-0.0071	0.0283	-0.0354	0.8551	0.8595
4212m	ch6m	-0.0041	0.0116	-0.0157	0.8551	0.831
4212m	l1m	0.0175	0.0019	0.0156	0.8551	0.9945
4212m	l2m	4.0464e-05	0.0065	-0.006459536	0.8551	1.0098
4212m	l3m	-0.0013	0.0093	-0.0106	0.8551	1.0446
4212m	l4m	-0.0153	0.0029	-0.0182	0.8551	0.9708
4212m	l5m	-0.0082	0.0075	-0.0157	0.8551	1.0113
4212m	r10m	0.0034	0.0025	9e-04	0.8551	0.9353
4212m	r4m	0.0013	0.0175	-0.0162	0.8551	0.9782
4212m	r5m	0.0067	-0.0051	0.0118	0.8551	0.5851
4212m	r8m	0.0057	-0.0019	0.0076	0.8551	0.9367
4212m	r9m	-0.0073	0.0252	-0.0325	0.8551	0.7313
4213f	4213f	0.998	0.1735	0.8245	0.8245	0.8245
4213f	4371f	0.0021	-7e-04	0.0028	0.8245	0.948
4213f	4374f	0.0024	-0.0121	0.0145	0.8245	0.9117
4213f	48f	0.0081	-0.0111	0.0192	0.8245	0.9268
4213f	51f	-0.0055	0.0122	-0.0177	0.8245	0.9526
4213f	96f	-3e-04	0.0212	-0.0215	0.8245	0.3947
4213f	99f	-0.0061	0.0376	-0.0437	0.8245	0.6126
4213f	a13f	-0.0022	0.0059	-0.0081	0.8245	0.9669
4213f	a1f	-0.0101	0.0077	-0.0178	0.8245	0.9553
4213f	a21f	0.0064	-0.0145	0.0209	0.8245	0.9291
4213f	a22f	0.0054	0.0017	0.0037	0.8245	0.9499
4213f	a27f	-0.0018	0.0935	-0.0953	0.8245	0.6538
4213f	a28f	-0.0091	3e-04	-0.0094	0.8245	0.9035
4213f	a29f	-0.0037	0.0041	-0.0078	0.8245	0.9285
4213f	a30f	-0.0038	0.0095	-0.0133	0.8245	0.7704
4213f	a7f	-0.0018	0.0018	-0.0036	0.8245	0.9025
4213f	a8f	0.0039	-0.0117	0.0156	0.8245	1.0017
4213f	a9f	-0.0037	0.0356	-0.0393	0.8245	0.9234
4213f	ADr1uf	-0.0012	4e-04	-0.0016	0.8245	1.0044
4213f	bm1f	6e-04	-0.0121	0.0127	0.8245	0.9023
4213f	bm2f	-0.0023	0.0286	-0.0309	0.8245	0.7995
4213f	bm4f	-0.0014	-0.0076	0.0062	0.8245	0.8919
4213f	bm5f	-0.0025	0.005	-0.0075	0.8245	0.6379
4213f	bm6f	0.0058	-0.0017	0.0075	0.8245	0.6815
4213f	bm7f	0.0048	-0.003	0.0078	0.8245	0.6676
4213f	bm8f	0.0022	-0.0193	0.0215	0.8245	0.7496
4213f	ch1f	-0.0037	0.0386	-0.0423	0.8245	0.7147
4213f	ch4f	0.003	-0.0181	0.0211	0.8245	0.8515
4213f	ch5f	0.0038	-0.0184	0.0222	0.8245	0.7707
4213f	ch6f	-8e-04	-0.0015	7e-04	0.8245	0.8691
4213f	l1f	-0.0089	0.0102	-0.0191	0.8245	1.0094
4213f	l2f	-0.0011	0.0075	-0.0086	0.8245	1.0064
4213f	l3f	-0.0081	0.0139	-0.022	0.8245	1.0446
4213f	l4f	-0.0125	0.0011	-0.0136	0.8245	0.993
4213f	l5f	-8e-04	0.0063	-0.0071	0.8245	1.0148
4213f	r10f	-0.0071	0.0387	-0.0458	0.8245	0.8414
4213f	r4f	-0.0081	0.0059	-0.014	0.8245	0.9251
4213f	r5f	-2e-04	-0.0064	0.0062	0.8245	0.7584
4213f	r8f	-0.0044	-0.0042	-0.000200000000000001	0.8245	0.9445
4213f	r9f	-0.0043	0.0683	-0.0726	0.8245	0.7273
4370m	4370m	1.0267	0.0981	0.9286	0.9286	0.9286
4370m	4371f	0.0433	0.1115	-0.0682	0.9286	0.948
4370m	4373m	-0.1439	0.0015	-0.1454	0.9286	0.8008
4370m	49m	-0.0057	0.0147	-0.0204	0.9286	0.8291
4370m	52m	-0.0023	-0.0039	0.0016	0.9286	0.9356
4370m	97m	0.0028	-0.0354	0.0382	0.9286	0.5823
4370m	a13m	0.0025	3e-04	0.0022	0.9286	0.9478
4370m	a1m	-0.0045	-0.0035	-0.001	0.9286	0.9561
4370m	a21m	-0.0028	-0.0077	0.0049	0.9286	0.9845
4370m	a22m	-0.0063	-0.0026	-0.0037	0.9286	0.9608
4370m	a27m	-0.0022	-0.0205	0.0183	0.9286	0.6368
4370m	a28m	0.0116	-0.0042	0.0158	0.9286	0.6308
4370m	a29m	0.0045	-0.0106	0.0151	0.9286	0.9533
4370m	a30m	0.0022	0.0082	-0.006	0.9286	0.7461
4370m	a7m	-0.0113	0.0125	-0.0238	0.9286	0.8943
4370m	a8m	3e-04	-0.0042	0.0045	0.9286	0.9856
4370m	a9m	-0.0072	0.0026	-0.0098	0.9286	0.7561
4370m	ADr1um	0.0055	-0.0033	0.0088	0.9286	0.9906
4370m	bm1m	0.0059	-0.0134	0.0193	0.9286	0.8737
4370m	bm2m	0.0032	-0.0121	0.0153	0.9286	0.8391
4370m	bm4m	-0.0063	0.006	-0.0123	0.9286	0.8894
4370m	bm5m	-0.0058	0.0055	-0.0113	0.9286	0.6631
4370m	bm6m	-6e-04	0.0035	-0.0041	0.9286	0.6483
4370m	bm7m	0.0024	-5.4816e-05	0.002454816	0.9286	0.6693
4370m	bm8m	0.0051	-0.0145	0.0196	0.9286	0.8766
4370m	ch1m	0.0049	-0.0019	0.0068	0.9286	0.7605
4370m	ch4m	0.0068	-0.0275	0.0343	0.9286	0.7866
4370m	ch5m	-0.0048	0.0171	-0.0219	0.9286	0.8595
4370m	ch6m	0.0034	0.0031	3e-04	0.9286	0.831
4370m	l1m	-0.0089	6.1876e-05	-0.008961876	0.9286	0.9945
4370m	l2m	0.0119	-0.0032	0.0151	0.9286	1.0098
4370m	l3m	0.0134	-0.0021	0.0155	0.9286	1.0446
4370m	l4m	0.0049	0.0065	-0.0016	0.9286	0.9708
4370m	l5m	0.0136	-0.0037	0.0173	0.9286	1.0113
4370m	r10m	-4e-04	0.0077	-0.0081	0.9286	0.9353
4370m	r4m	0.0037	-0.011	0.0147	0.9286	0.9782
4370m	r5m	-0.0035	-0.0059	0.0024	0.9286	0.5851
4370m	r8m	0.0027	-0.0099	0.0126	0.9286	0.9367
4370m	r9m	-0.0011	0.0119	-0.013	0.9286	0.7313
4371f	4371f	1.0249	0.0769	0.948	0.948	0.948
4371f	4374f	-0.1697	0.0071	-0.1768	0.948	0.9117
4371f	48f	0.0025	-0.0026	0.0051	0.948	0.9268
4371f	51f	-9e-04	0.0054	-0.0063	0.948	0.9526
4371f	96f	0.006	-0.0504	0.0564	0.948	0.3947
4371f	99f	0.0073	-0.0034	0.0107	0.948	0.6126
4371f	a13f	-0.0013	0.0015	-0.0028	0.948	0.9669
4371f	a1f	-0.0048	6e-04	-0.0054	0.948	0.9553
4371f	a21f	-0.0067	0.0072	-0.0139	0.948	0.9291
4371f	a22f	-0.0041	0.0016	-0.0057	0.948	0.9499
4371f	a27f	0.0157	-0.0332	0.0489	0.948	0.6538
4371f	a28f	0.0078	-0.0199	0.0277	0.948	0.9035
4371f	a29f	-0.0052	-0.0027	-0.0025	0.948	0.9285
4371f	a30f	0.0022	-6e-04	0.0028	0.948	0.7704
4371f	a7f	-0.0062	0.0058	-0.012	0.948	0.9025
4371f	a8f	-0.0051	0.0027	-0.0078	0.948	1.0017
4371f	a9f	0.008	-0.0165	0.0245	0.948	0.9234
4371f	ADr1uf	0.0019	4e-04	0.0015	0.948	1.0044
4371f	bm1f	8e-04	-0.0109	0.0117	0.948	0.9023
4371f	bm2f	0.0029	-0.0163	0.0192	0.948	0.7995
4371f	bm4f	0.0014	-0.003	0.0044	0.948	0.8919
4371f	bm5f	-0.0011	0.0172	-0.0183	0.948	0.6379
4371f	bm6f	-0.0083	0.0268	-0.0351	0.948	0.6815
4371f	bm7f	-0.0062	0.0167	-0.0229	0.948	0.6676
4371f	bm8f	2e-04	0.009	-0.0088	0.948	0.7496
4371f	ch1f	-0.0012	-0.027	0.0258	0.948	0.7147
4371f	ch4f	-9e-04	-0.0086	0.0077	0.948	0.8515
4371f	ch5f	-0.0088	0.0094	-0.0182	0.948	0.7707
4371f	ch6f	-0.0023	-0.0074	0.0051	0.948	0.8691
4371f	l1f	-3.6974e-05	-0.0048	0.004763026	0.948	1.0094
4371f	l2f	0.007	-0.0015	0.0085	0.948	1.0064
4371f	l3f	0.0083	-0.0017	0.01	0.948	1.0446
4371f	l4f	0.0012	0.0078	-0.0066	0.948	0.993
4371f	l5f	0.008	-5e-04	0.0085	0.948	1.0148
4371f	r10f	0.0048	-0.0153	0.0201	0.948	0.8414
4371f	r4f	-0.0069	0.0106	-0.0175	0.948	0.9251
4371f	r5f	-0.0068	0.0147	-0.0215	0.948	0.7584
4371f	r8f	0.0031	0.0037	-6e-04	0.948	0.9445
4371f	r9f	0.0064	-0.0299	0.0363	0.948	0.7273
4373m	4373m	0.9971	0.1963	0.8008	0.8008	0.8008
4373m	4374f	0.0252	0.1524	-0.1272	0.8008	0.9117
4373m	49m	-0.0026	0.004	-0.0066	0.8008	0.8291
4373m	52m	0.0026	-0.0082	0.0108	0.8008	0.9356
4373m	97m	0.0026	-0.0082	0.0108	0.8008	0.5823
4373m	a13m	0.0077	-0.0104	0.0181	0.8008	0.9478
4373m	a1m	0.0047	-0.008	0.0127	0.8008	0.9561
4373m	a21m	-7e-04	-0.0072	0.0065	0.8008	0.9845
4373m	a22m	0.0022	0.0041	-0.0019	0.8008	0.9608
4373m	a27m	-0.0072	0.0188	-0.026	0.8008	0.6368
4373m	a28m	-0.0048	-0.0661	0.0613	0.8008	0.6308
4373m	a29m	6e-04	-0.0011	0.0017	0.8008	0.9533
4373m	a30m	9e-04	-0.0091	0.01	0.8008	0.7461
4373m	a7m	0.0013	1e-04	0.0012	0.8008	0.8943
4373m	a8m	-0.006	-0.0073	0.0013	0.8008	0.9856
4373m	a9m	-0.0162	0.0337	-0.0499	0.8008	0.7561
4373m	ADr1um	-0.0064	0.004	-0.0104	0.8008	0.9906
4373m	bm1m	0.0033	-0.0019	0.0052	0.8008	0.8737
4373m	bm2m	0.0055	-0.0163	0.0218	0.8008	0.8391
4373m	bm4m	-2e-04	0.0191	-0.0193	0.8008	0.8894
4373m	bm5m	0.0038	-0.0263	0.0301	0.8008	0.6631
4373m	bm6m	-0.0025	-0.0127	0.0102	0.8008	0.6483
4373m	bm7m	-0.003	-0.0206	0.0176	0.8008	0.6693
4373m	bm8m	-4e-04	-0.0084	0.008	0.8008	0.8766
4373m	ch1m	-0.0077	0.0521	-0.0598	0.8008	0.7605
4373m	ch4m	0.0012	0.0152	-0.014	0.8008	0.7866
4373m	ch5m	-0.0036	0.0448	-0.0484	0.8008	0.8595
4373m	ch6m	0.0013	0.0276	-0.0263	0.8008	0.831
4373m	l1m	0.0112	0.0094	0.0018	0.8008	0.9945
4373m	l2m	-0.0043	-5e-04	-0.0038	0.8008	1.0098
4373m	l3m	-0.0035	-6e-04	-0.0029	0.8008	1.0446
4373m	l4m	-0.0164	-0.0077	-0.0087	0.8008	0.9708
4373m	l5m	-0.0062	-0.0031	-0.0031	0.8008	1.0113
4373m	r10m	-0.0103	0.0102	-0.0205	0.8008	0.9353
4373m	r4m	-7e-04	-0.0037	0.003	0.8008	0.9782
4373m	r5m	-0.0115	0.0183	-0.0298	0.8008	0.5851
4373m	r8m	-0.0021	-0.0021	0	0.8008	0.9367
4373m	r9m	0.0037	-0.0423	0.046	0.8008	0.7313
4374f	4374f	1.0182	0.1065	0.9117	0.9117	0.9117
4374f	48f	0.0014	7e-04	7e-04	0.9117	0.9268
4374f	51f	0.0019	-0.0028	0.0047	0.9117	0.9526
4374f	96f	-0.0014	-0.0201	0.0187	0.9117	0.3947
4374f	99f	-0.0021	0.0297	-0.0318	0.9117	0.6126
4374f	a13f	-0.0024	-0.0013	-0.0011	0.9117	0.9669
4374f	a1f	0.0082	6e-04	0.0076	0.9117	0.9553
4374f	a21f	0.0082	-0.0118	0.02	0.9117	0.9291
4374f	a22f	-0.0027	0.0029	-0.0056	0.9117	0.9499
4374f	a27f	0.0046	-8e-04	0.0054	0.9117	0.6538
4374f	a28f	-0.0171	0.014	-0.0311	0.9117	0.9035
4374f	a29f	0.0017	0.0033	-0.0016	0.9117	0.9285
4374f	a30f	-6e-04	-0.0077	0.0071	0.9117	0.7704
4374f	a7f	0.0047	0.0045	0.000200000000000001	0.9117	0.9025
4374f	a8f	-0.0064	-0.0038	-0.0026	0.9117	1.0017
4374f	a9f	-0.0051	-0.0025	-0.0026	0.9117	0.9234
4374f	ADr1uf	9e-04	-5e-04	0.0014	0.9117	1.0044
4374f	bm1f	0.0032	-0.0027	0.0059	0.9117	0.9023
4374f	bm2f	-0.0046	-0.0026	-0.002	0.9117	0.7995
4374f	bm4f	-0.0015	0.0168	-0.0183	0.9117	0.8919
4374f	bm5f	-7e-04	0.0028	-0.0035	0.9117	0.6379
4374f	bm6f	0.002	-0.0122	0.0142	0.9117	0.6815
4374f	bm7f	0.0021	-0.0203	0.0224	0.9117	0.6676
4374f	bm8f	0.0061	-0.0209	0.027	0.9117	0.7496
4374f	ch1f	0.0015	-0.0027	0.0042	0.9117	0.7147
4374f	ch4f	-8e-04	0.005	-0.0058	0.9117	0.8515
4374f	ch5f	0.0014	0.0025	-0.0011	0.9117	0.7707
4374f	ch6f	0.0022	-0.0121	0.0143	0.9117	0.8691
4374f	l1f	0.0122	-0.0025	0.0147	0.9117	1.0094
4374f	l2f	-0.0068	-0.0021	-0.0047	0.9117	1.0064
4374f	l3f	-0.0094	-0.0035	-0.0059	0.9117	1.0446
4374f	l4f	-0.0183	-0.0049	-0.0134	0.9117	0.993
4374f	l5f	-0.0098	-0.0029	-0.0069	0.9117	1.0148
4374f	r10f	5e-04	-0.0025	0.003	0.9117	0.8414
4374f	r4f	0.0064	-3e-04	0.0067	0.9117	0.9251
4374f	r5f	-0.0016	-0.0075	0.0059	0.9117	0.7584
4374f	r8f	-1e-04	-0.0086	0.0085	0.9117	0.9445
4374f	r9f	-7e-04	0.0107	-0.0114	0.9117	0.7273
48f	48f	0.9706	0.0438	0.9268	0.9268	0.9268
48f	51f	-0.1808	-0.0202	-0.1606	0.9268	0.9526
48f	96f	0.0056	0.0081	-0.0025	0.9268	0.3947
48f	99f	5e-04	0.0261	-0.0256	0.9268	0.6126
48f	a13f	-0.0197	-0.0136	-0.0061	0.9268	0.9669
48f	a1f	-0.0261	-0.0172	-0.0089	0.9268	0.9553
48f	a21f	-0.0043	-0.0105	0.0062	0.9268	0.9291
48f	a22f	0.0048	-0.0135	0.0183	0.9268	0.9499
48f	a27f	-0.0031	-0.0207	0.0176	0.9268	0.6538
48f	a28f	-0.003	-0.0188	0.0158	0.9268	0.9035
48f	a29f	-0.0272	-0.0327	0.0055	0.9268	0.9285
48f	a30f	0.1244	0.0652	0.0592	0.9268	0.7704
48f	a7f	-0.0054	0.0058	-0.0112	0.9268	0.9025
48f	a8f	-0.0173	-0.0152	-0.0021	0.9268	1.0017
48f	a9f	-0.0051	-0.0601	0.055	0.9268	0.9234
48f	ADr1uf	0.0042	0.0026	0.0016	0.9268	1.0044
48f	bm1f	0.002	-3.7074e-06	0.0020037074	0.9268	0.9023
48f	bm2f	0.0022	-0.0157	0.0179	0.9268	0.7995
48f	bm4f	1e-04	-0.0036	0.0037	0.9268	0.8919
48f	bm5f	0.0101	-0.0057	0.0158	0.9268	0.6379
48f	bm6f	-9e-04	-0.0038	0.0029	0.9268	0.6815
48f	bm7f	3.3489e-05	-0.0023	0.002333489	0.9268	0.6676
48f	bm8f	-0.0094	-2e-04	-0.0092	0.9268	0.7496
48f	ch1f	0.0021	0.0417	-0.0396	0.9268	0.7147
48f	ch4f	0.0012	0.033	-0.0318	0.9268	0.8515
48f	ch5f	8e-04	0.0445	-0.0437	0.9268	0.7707
48f	ch6f	8e-04	0.0304	-0.0296	0.9268	0.8691
48f	l1f	0.0328	0.0223	0.0105	0.9268	1.0094
48f	l2f	9e-04	-0.0085	0.0094	0.9268	1.0064
48f	l3f	0.0067	-0.0058	0.0125	0.9268	1.0446
48f	l4f	-0.034	-0.0224	-0.0116	0.9268	0.993
48f	l5f	-0.0067	-0.0124	0.0057	0.9268	1.0148
48f	r10f	-0.0013	-0.0264	0.0251	0.9268	0.8414
48f	r4f	-0.0022	-0.0245	0.0223	0.9268	0.9251
48f	r5f	-0.0082	6e-04	-0.0088	0.9268	0.7584
48f	r8f	-0.0069	-0.0017	-0.0052	0.9268	0.9445
48f	r9f	5e-04	-0.0014	0.0019	0.9268	0.7273
49m	48f	0.0325	0.0626	-0.0301	0.8291	0.9268
49m	49m	0.9425	0.1134	0.8291	0.8291	0.8291
49m	52m	-0.1939	-0.0373	-0.1566	0.8291	0.9356
49m	97m	0.0105	-0.0061	0.0166	0.8291	0.5823
49m	a13m	-0.001	-0.0223	0.0213	0.8291	0.9478
49m	a1m	-0.0013	-0.0144	0.0131	0.8291	0.9561
49m	a21m	0.0062	-0.006	0.0122	0.8291	0.9845
49m	a22m	0.0037	-0.0128	0.0165	0.8291	0.9608
49m	a27m	-0.0251	-0.0164	-0.0087	0.8291	0.6368
49m	a28m	-0.0065	-0.0483	0.0418	0.8291	0.6308
49m	a29m	0.0051	-0.0439	0.049	0.8291	0.9533
49m	a30m	0.0625	0.0987	-0.0362	0.8291	0.7461
49m	a7m	2e-04	0.0056	-0.0054	0.8291	0.8943
49m	a8m	-0.0141	-0.02	0.0059	0.8291	0.9856
49m	a9m	-0.0011	-0.0763	0.0752	0.8291	0.7561
49m	ADr1um	0.0083	0.0015	0.0068	0.8291	0.9906
49m	bm1m	9e-04	-0.0145	0.0154	0.8291	0.8737
49m	bm2m	-0.0025	0.0056	-0.0081	0.8291	0.8391
49m	bm4m	0.0047	0.0052	-5e-04	0.8291	0.8894
49m	bm5m	0.0034	-0.0043	0.0077	0.8291	0.6631
49m	bm6m	0.005	-0.0076	0.0126	0.8291	0.6483
49m	bm7m	0.0086	-0.0139	0.0225	0.8291	0.6693
49m	bm8m	-4e-04	-0.0105	0.0101	0.8291	0.8766
49m	ch1m	-0.0035	0.0619	-0.0654	0.8291	0.7605
49m	ch4m	9e-04	0.0309	-0.03	0.8291	0.7866
49m	ch5m	-0.0051	0.0643	-0.0694	0.8291	0.8595
49m	ch6m	-0.0046	0.0594	-0.064	0.8291	0.831
49m	l1m	0.0148	0.0248	-0.01	0.8291	0.9945
49m	l2m	0.0042	-0.0078	0.012	0.8291	1.0098
49m	l3m	0.0076	-0.0101	0.0177	0.8291	1.0446
49m	l4m	-0.0117	-0.0279	0.0162	0.8291	0.9708
49m	l5m	-9.4845e-05	-0.018	0.017905155	0.8291	1.0113
49m	r10m	0.0097	-0.0307	0.0404	0.8291	0.9353
49m	r4m	0.0069	-0.0315	0.0384	0.8291	0.9782
49m	r5m	0.0035	-0.0109	0.0144	0.8291	0.5851
49m	r8m	0.007	-0.0298	0.0368	0.8291	0.9367
49m	r9m	0.0105	-0.0445	0.055	0.8291	0.7313
51f	51f	0.9747	0.0221	0.9526	0.9526	0.9526
51f	96f	-0.0132	-0.003	-0.0102	0.9526	0.3947
51f	99f	-9e-04	0.0043	-0.0052	0.9526	0.6126
51f	a13f	0.0041	0.0054	-0.0013	0.9526	0.9669
51f	a1f	0.0012	0.0049	-0.0037	0.9526	0.9553
51f	a21f	0.002	0.0048	-0.0028	0.9526	0.9291
51f	a22f	-0.0044	0.0063	-0.0107	0.9526	0.9499
51f	a27f	-0.0124	0.0187	-0.0311	0.9526	0.6538
51f	a28f	6e-04	-0.0012	0.0018	0.9526	0.9035
51f	a29f	0.0086	0.0128	-0.0042	0.9526	0.9285
51f	a30f	-0.0474	-0.0128	-0.0346	0.9526	0.7704
51f	a7f	-0.0048	-0.0017	-0.0031	0.9526	0.9025
51f	a8f	-0.0051	0.0045	-0.0096	0.9526	1.0017
51f	a9f	-0.0041	0.0237	-0.0278	0.9526	0.9234
51f	ADr1uf	0.0054	-0.0016	0.007	0.9526	1.0044
51f	bm1f	0.0025	-8e-04	0.0033	0.9526	0.9023
51f	bm2f	-0.0021	-0.0069	0.0048	0.9526	0.7995
51f	bm4f	0.0033	-0.0035	0.0068	0.9526	0.8919
51f	bm5f	0.0051	-0.0052	0.0103	0.9526	0.6379
51f	bm6f	0.0018	-0.0012	0.003	0.9526	0.6815
51f	bm7f	-0.0013	-0.0023	0.001	0.9526	0.6676
51f	bm8f	-0.0049	0.0068	-0.0117	0.9526	0.7496
51f	ch1f	0.0025	-0.0171	0.0196	0.9526	0.7147
51f	ch4f	0.006	-0.02	0.026	0.9526	0.8515
51f	ch5f	0.0047	-0.0192	0.0239	0.9526	0.7707
51f	ch6f	0.0021	-0.0148	0.0169	0.9526	0.8691
51f	l1f	-0.0053	-0.0086	0.0033	0.9526	1.0094
51f	l2f	-0.0041	0.0033	-0.0074	0.9526	1.0064
51f	l3f	-0.0062	0.0014	-0.0076	0.9526	1.0446
51f	l4f	0.0011	0.0074	-0.0063	0.9526	0.993
51f	l5f	-0.0034	0.0047	-0.0081	0.9526	1.0148
51f	r10f	-0.0063	0.0117	-0.018	0.9526	0.8414
51f	r4f	7e-04	0.0091	-0.0084	0.9526	0.9251
51f	r5f	0.0034	-9e-04	0.0043	0.9526	0.7584
51f	r8f	0.0015	0.0039	-0.0024	0.9526	0.9445
51f	r9f	0.003	0.0043	-0.0013	0.9526	0.7273
52m	51f	0.0122	0.0248	-0.0126	0.9356	0.9526
52m	52m	0.9705	0.0349	0.9356	0.9356	0.9356
52m	97m	-0.0036	0.0151	-0.0187	0.9356	0.5823
52m	a13m	0.0054	0.0069	-0.0015	0.9356	0.9478
52m	a1m	-0.0048	0.0113	-0.0161	0.9356	0.9561
52m	a21m	-0.0109	-0.0013	-0.0096	0.9356	0.9845
52m	a22m	0.0269	-0.0016	0.0285	0.9356	0.9608
52m	a27m	-0.0043	0.0203	-0.0246	0.9356	0.6368
52m	a28m	-0.0103	0.0051	-0.0154	0.9356	0.6308
52m	a29m	0.0186	0.0123	0.0063	0.9356	0.9533
52m	a30m	-0.0231	-0.0243	0.0012	0.9356	0.7461
52m	a7m	0.0113	-0.0073	0.0186	0.9356	0.8943
52m	a8m	-0.0069	0.0058	-0.0127	0.9356	0.9856
52m	a9m	-0.0126	0.0465	-0.0591	0.9356	0.7561
52m	ADr1um	0.0067	-0.0023	0.009	0.9356	0.9906
52m	bm1m	0.0018	-0.0096	0.0114	0.9356	0.8737
52m	bm2m	-7e-04	0.0041	-0.0048	0.9356	0.8391
52m	bm4m	6e-04	0.0032	-0.0026	0.9356	0.8894
52m	bm5m	-0.0026	-0.0011	-0.0015	0.9356	0.6631
52m	bm6m	-0.0012	0.009	-0.0102	0.9356	0.6483
52m	bm7m	-0.0058	0.0144	-0.0202	0.9356	0.6693
52m	bm8m	3e-04	-0.0056	0.0059	0.9356	0.8766
52m	ch1m	0.0043	-0.0245	0.0288	0.9356	0.7605
52m	ch4m	0.0083	-0.0168	0.0251	0.9356	0.7866
52m	ch5m	-8e-04	-0.012	0.0112	0.9356	0.8595
52m	ch6m	0.0059	-0.0249	0.0308	0.9356	0.831
52m	l1m	-3e-04	-0.0077	0.0074	0.9356	0.9945
52m	l2m	0.0048	6e-04	0.0042	0.9356	1.0098
52m	l3m	0.0068	-9e-04	0.0077	0.9356	1.0446
52m	l4m	0.0058	0.0051	0.000699999999999999	0.9356	0.9708
52m	l5m	0.0093	5e-04	0.0088	0.9356	1.0113
52m	r10m	-0.0149	0.0244	-0.0393	0.9356	0.9353
52m	r4m	0.0016	0.0133	-0.0117	0.9356	0.9782
52m	r5m	-0.0128	0.0081	-0.0209	0.9356	0.5851
52m	r8m	0.0209	0.0198	0.0011	0.9356	0.9367
52m	r9m	0.0045	0.0079	-0.0034	0.9356	0.7313
96f	96f	0.9584	0.5637	0.3947	0.3947	0.3947
96f	99f	-0.1182	-0.0221	-0.0961	0.3947	0.6126
96f	a13f	0.007	-0.0124	0.0194	0.3947	0.9669
96f	a1f	0.004	-0.0188	0.0228	0.3947	0.9553
96f	a21f	-0.0078	-0.0415	0.0337	0.3947	0.9291
96f	a22f	-0.0014	-0.0036	0.0022	0.3947	0.9499
96f	a27f	-0.0125	0.0658	-0.0783	0.3947	0.6538
96f	a28f	0.02	-0.0073	0.0273	0.3947	0.9035
96f	a29f	0.0025	-0.0043	0.0068	0.3947	0.9285
96f	a30f	0.0214	0.0544	-0.033	0.3947	0.7704
96f	a7f	0.0026	6e-04	0.002	0.3947	0.9025
96f	a8f	-6e-04	0.0065	-0.0071	0.3947	1.0017
96f	a9f	0.0047	-0.036	0.0407	0.3947	0.9234
96f	ADr1uf	-0.0045	0.0059	-0.0104	0.3947	1.0044
96f	bm1f	0.0033	-9e-04	0.0042	0.3947	0.9023
96f	bm2f	0.0119	-0.0666	0.0785	0.3947	0.7995
96f	bm4f	0.0095	-0.0539	0.0634	0.3947	0.8919
96f	bm5f	-0.0079	0.0315	-0.0394	0.3947	0.6379
96f	bm6f	-0.0041	-0.007	0.0029	0.3947	0.6815
96f	bm7f	-0.0038	0.0031	-0.0069	0.3947	0.6676
96f	bm8f	0.0028	-0.0425	0.0453	0.3947	0.7496
96f	ch1f	0.0095	0.0486	-0.0391	0.3947	0.7147
96f	ch4f	-0.0036	0.129	-0.1326	0.3947	0.8515
96f	ch5f	-0.0051	0.0639	-0.069	0.3947	0.7707
96f	ch6f	0.0165	-0.033	0.0495	0.3947	0.8691
96f	l1f	-0.0038	0.0085	-0.0123	0.3947	1.0094
96f	l2f	-0.0137	-0.0151	0.0014	0.3947	1.0064
96f	l3f	-0.0124	-0.0185	0.0061	0.3947	1.0446
96f	l4f	0.0022	-0.0242	0.0264	0.3947	0.993
96f	l5f	-0.0088	-0.0235	0.0147	0.3947	1.0148
96f	r10f	0.0096	-0.0366	0.0462	0.3947	0.8414
96f	r4f	0.0113	-0.0434	0.0547	0.3947	0.9251
96f	r5f	-0.0011	-0.0039	0.0028	0.3947	0.7584
96f	r8f	0.0017	0.0098	-0.0081	0.3947	0.9445
96f	r9f	-0.01	0.0999	-0.1099	0.3947	0.7273
97m	96f	0.0081	0.3895	-0.3814	0.5823	0.3947
97m	97m	0.9759	0.3936	0.5823	0.5823	0.5823
97m	a13m	5.9392e-06	-0.008	0.0080059392	0.5823	0.9478
97m	a1m	0.005	-0.0233	0.0283	0.5823	0.9561
97m	a21m	-0.0078	-0.02	0.0122	0.5823	0.9845
97m	a22m	0.0017	-0.0029	0.0046	0.5823	0.9608
97m	a27m	0.0147	-0.0039	0.0186	0.5823	0.6368
97m	a28m	0.0151	0.0957	-0.0806	0.5823	0.6308
97m	a29m	0.0018	-0.0011	0.0029	0.5823	0.9533
97m	a30m	0.0303	0.0244	0.0059	0.5823	0.7461
97m	a7m	-0.0015	0.018	-0.0195	0.5823	0.8943
97m	a8m	-0.0104	0.0233	-0.0337	0.5823	0.9856
97m	a9m	-0.005	0.017	-0.022	0.5823	0.7561
97m	ADr1um	0.0051	-0.0104	0.0155	0.5823	0.9906
97m	bm1m	0.0054	-0.0146	0.02	0.5823	0.8737
97m	bm2m	-7e-04	-0.0181	0.0174	0.5823	0.8391
97m	bm4m	0.0053	0.0034	0.0019	0.5823	0.8894
97m	bm5m	-8e-04	-0.0147	0.0139	0.5823	0.6631
97m	bm6m	0.007	-0.095	0.102	0.5823	0.6483
97m	bm7m	0.0044	-0.0844	0.0888	0.5823	0.6693
97m	bm8m	0.0026	0.0105	-0.0079	0.5823	0.8766
97m	ch1m	0.0038	0.0526	-0.0488	0.5823	0.7605
97m	ch4m	0.017	0.02	-0.003	0.5823	0.7866
97m	ch5m	0.0164	0.0156	0.000800000000000002	0.5823	0.8595
97m	ch6m	0.0131	-0.0143	0.0274	0.5823	0.831
97m	l1m	0.0084	-0.0346	0.043	0.5823	0.9945
97m	l2m	-0.0151	-0.0125	-0.0026	0.5823	1.0098
97m	l3m	-0.0153	-0.0162	9e-04	0.5823	1.0446
97m	l4m	-0.01	0.0089	-0.0189	0.5823	0.9708
97m	l5m	-0.012	-0.0112	-8e-04	0.5823	1.0113
97m	r10m	3e-04	0.0033	-0.003	0.5823	0.9353
97m	r4m	0.0079	-0.0129	0.0208	0.5823	0.9782
97m	r5m	0.0062	-0.0457	0.0519	0.5823	0.5851
97m	r8m	-0.0069	0.0175	-0.0244	0.5823	0.9367
97m	r9m	0.0031	0.0288	-0.0257	0.5823	0.7313
99f	99f	0.9836	0.371	0.6126	0.6126	0.6126
99f	a13f	-0.0063	-3e-04	-0.006	0.6126	0.9669
99f	a1f	-0.0084	-0.0108	0.0024	0.6126	0.9553
99f	a21f	-0.0118	-0.0174	0.0056	0.6126	0.9291
99f	a22f	0.0013	0.0061	-0.0048	0.6126	0.9499
99f	a27f	-0.0126	0.0068	-0.0194	0.6126	0.6538
99f	a28f	-0.0046	-0.0937	0.0891	0.6126	0.9035
99f	a29f	-0.0093	0.0111	-0.0204	0.6126	0.9285
99f	a30f	-0.0036	0.0242	-0.0278	0.6126	0.7704
99f	a7f	0.0026	0.0053	-0.0027	0.6126	0.9025
99f	a8f	0.0034	-0.0209	0.0243	0.6126	1.0017
99f	a9f	-0.0013	-0.0148	0.0135	0.6126	0.9234
99f	ADr1uf	-0.0054	0.0053	-0.0107	0.6126	1.0044
99f	bm1f	-0.001	0.0067	-0.0077	0.6126	0.9023
99f	bm2f	0.0012	0.0229	-0.0217	0.6126	0.7995
99f	bm4f	-0.0061	0.0322	-0.0383	0.6126	0.8919
99f	bm5f	0.0103	0.0275	-0.0172	0.6126	0.6379
99f	bm6f	0.0027	-0.0121	0.0148	0.6126	0.6815
99f	bm7f	0.005	-0.0344	0.0394	0.6126	0.6676
99f	bm8f	0.0039	-0.0276	0.0315	0.6126	0.7496
99f	ch1f	0.0048	-0.0389	0.0437	0.6126	0.7147
99f	ch4f	0.0105	-0.0319	0.0424	0.6126	0.8515
99f	ch5f	0.0045	-0.0287	0.0332	0.6126	0.7707
99f	ch6f	0.0019	-0.0052	0.0071	0.6126	0.8691
99f	l1f	5e-04	0.0231	-0.0226	0.6126	1.0094
99f	l2f	-0.0042	-0.0066	0.0024	0.6126	1.0064
99f	l3f	-0.0016	-0.0093	0.0077	0.6126	1.0446
99f	l4f	-0.0072	-0.0273	0.0201	0.6126	0.993
99f	l5f	-0.0012	-0.0179	0.0167	0.6126	1.0148
99f	r10f	0.003	-0.0413	0.0443	0.6126	0.8414
99f	r4f	-0.0061	0.0023	-0.0084	0.6126	0.9251
99f	r5f	-0.0042	0.022	-0.0262	0.6126	0.7584
99f	r8f	0.0051	0.0018	0.0033	0.6126	0.9445
99f	r9f	9e-04	0.0296	-0.0287	0.6126	0.7273
a13f	a13f	0.9923	0.0254	0.9669	0.9669	0.9669
a13f	a1f	0.0345	0.0113	0.0232	0.9669	0.9553
a13f	a21f	0.0295	0.0072	0.0223	0.9669	0.9291
a13f	a22f	0.0185	0.0061	0.0124	0.9669	0.9499
a13f	a27f	0.0288	0.0194	0.0094	0.9669	0.6538
a13f	a28f	0.0198	0.0075	0.0123	0.9669	0.9035
a13f	a29f	0.062	0.0169	0.0451	0.9669	0.9285
a13f	a30f	-0.0149	-0.026	0.0111	0.9669	0.7704
a13f	a7f	0.0142	-0.0034	0.0176	0.9669	0.9025
a13f	a8f	0.0697	0.016	0.0537	0.9669	1.0017
a13f	a9f	0.0158	0.0226	-0.0068	0.9669	0.9234
a13f	ADr1uf	-0.002	-0.0068	0.0048	0.9669	1.0044
a13f	bm1f	-0.0042	-0.004	-2e-04	0.9669	0.9023
a13f	bm2f	-0.0114	0.0139	-0.0253	0.9669	0.7995
a13f	bm4f	0.0045	-0.0028	0.0073	0.9669	0.8919
a13f	bm5f	0.008	0.0063	0.0017	0.9669	0.6379
a13f	bm6f	0.0029	0.0108	-0.0079	0.9669	0.6815
a13f	bm7f	0.0014	0.01	-0.0086	0.9669	0.6676
a13f	bm8f	-0.0083	0.0046	-0.0129	0.9669	0.7496
a13f	ch1f	0.0072	-0.0175	0.0247	0.9669	0.7147
a13f	ch4f	-2e-04	-0.0101	0.0099	0.9669	0.8515
a13f	ch5f	-0.0056	-0.0022	-0.0034	0.9669	0.7707
a13f	ch6f	0.0052	-0.0095	0.0147	0.9669	0.8691
a13f	l1f	-0.0636	-0.0198	-0.0438	0.9669	1.0094
a13f	l2f	0.0312	0.0081	0.0231	0.9669	1.0064
a13f	l3f	0.0107	0.0049	0.0058	0.9669	1.0446
a13f	l4f	0.0514	0.0191	0.0323	0.9669	0.993
a13f	l5f	0.0316	0.0122	0.0194	0.9669	1.0148
a13f	r10f	0.01	0.0154	-0.0054	0.9669	0.8414
a13f	r4f	0.0125	0.0133	-0.000799999999999999	0.9669	0.9251
a13f	r5f	0.0142	-0.0023	0.0165	0.9669	0.7584
a13f	r8f	0.0068	-1e-04	0.0069	0.9669	0.9445
a13f	r9f	0.0034	0.0155	-0.0121	0.9669	0.7273
a13m	a13f	0.0419	0.038	0.0039	0.9478	0.9669
a13m	a13m	0.9994	0.0516	0.9478	0.9478	0.9478
a13m	a1m	0.0355	0.0114	0.0241	0.9478	0.9561
a13m	a21m	0.0329	0.002	0.0309	0.9478	0.9845
a13m	a22m	0.0047	0.0075	-0.0028	0.9478	0.9608
a13m	a27m	0.0247	0.0109	0.0138	0.9478	0.6368
a13m	a28m	0.0086	0.0414	-0.0328	0.9478	0.6308
a13m	a29m	0.0659	0.0177	0.0482	0.9478	0.9533
a13m	a30m	-0.0196	-0.0301	0.0105	0.9478	0.7461
a13m	a7m	0.0055	-0.0052	0.0107	0.9478	0.8943
a13m	a8m	0.079	0.0212	0.0578	0.9478	0.9856
a13m	a9m	0.0179	0.0305	-0.0126	0.9478	0.7561
a13m	ADr1um	-0.0042	-0.0091	0.0049	0.9478	0.9906
a13m	bm1m	-0.0087	0.0027	-0.0114	0.9478	0.8737
a13m	bm2m	0.0061	-0.0062	0.0123	0.9478	0.8391
a13m	bm4m	0.0048	-0.0049	0.0097	0.9478	0.8894
a13m	bm5m	0.0099	0.0043	0.0056	0.9478	0.6631
a13m	bm6m	-1e-04	0.0084	-0.0085	0.9478	0.6483
a13m	bm7m	0.0028	0.0059	-0.0031	0.9478	0.6693
a13m	bm8m	-0.0066	0.0152	-0.0218	0.9478	0.8766
a13m	ch1m	-0.0041	7e-04	-0.0048	0.9478	0.7605
a13m	ch4m	-0.0054	-0.0112	0.0058	0.9478	0.7866
a13m	ch5m	3e-04	-0.0151	0.0154	0.9478	0.8595
a13m	ch6m	-0.0095	-0.0074	-0.0021	0.9478	0.831
a13m	l1m	-0.078	-0.022	-0.056	0.9478	0.9945
a13m	l2m	0.0041	0.0048	-0.000699999999999999	0.9478	1.0098
a13m	l3m	-0.0115	0.0043	-0.0158	0.9478	1.0446
a13m	l4m	0.038	0.022	0.016	0.9478	0.9708
a13m	l5m	6e-04	0.0141	-0.0135	0.9478	1.0113
a13m	r10m	0.0028	0.0149	-0.0121	0.9478	0.9353
a13m	r4m	0.0083	0.0087	-0.000399999999999999	0.9478	0.9782
a13m	r5m	0.0226	-0.0075	0.0301	0.9478	0.5851
a13m	r8m	0.0141	0.0051	0.009	0.9478	0.9367
a13m	r9m	0.0053	0.0188	-0.0135	0.9478	0.7313
a1f	a1f	1.0095	0.0542	0.9553	0.9553	0.9553
a1f	a21f	0.027	0.0085	0.0185	0.9553	0.9291
a1f	a22f	0.0057	0.0035	0.0022	0.9553	0.9499
a1f	a27f	0.0099	0.0078	0.0021	0.9553	0.6538
a1f	a28f	-0.0016	0.0075	-0.0091	0.9553	0.9035
a1f	a29f	0.151	0.0383	0.1127	0.9553	0.9285
a1f	a30f	-0.0263	-0.0372	0.0109	0.9553	0.7704
a1f	a7f	-0.0057	0.0021	-0.0078	0.9553	0.9025
a1f	a8f	0.0186	0.0112	0.0074	0.9553	1.0017
a1f	a9f	0.0031	0.0412	-0.0381	0.9553	0.9234
a1f	ADr1uf	0.0056	-0.0017	0.0073	0.9553	1.0044
a1f	bm1f	0.0049	-0.0125	0.0174	0.9553	0.9023
a1f	bm2f	-0.0016	0.0171	-0.0187	0.9553	0.7995
a1f	bm4f	-0.0119	0.017	-0.0289	0.9553	0.8919
a1f	bm5f	-0.0085	0.0277	-0.0362	0.9553	0.6379
a1f	bm6f	-7e-04	0.0046	-0.0053	0.9553	0.6815
a1f	bm7f	0.0038	5e-04	0.0033	0.9553	0.6676
a1f	bm8f	0.006	-0.0013	0.0073	0.9553	0.7496
a1f	ch1f	-0.0024	-0.0181	0.0157	0.9553	0.7147
a1f	ch4f	0.0064	-0.0261	0.0325	0.9553	0.8515
a1f	ch5f	-0.0034	-0.0236	0.0202	0.9553	0.7707
a1f	ch6f	7e-04	-0.0288	0.0295	0.9553	0.8691
a1f	l1f	-0.0094	-0.0142	0.0048	0.9553	1.0094
a1f	l2f	0.019	0.0036	0.0154	0.9553	1.0064
a1f	l3f	0.0135	0.0023	0.0112	0.9553	1.0446
a1f	l4f	0.0235	0.0155	0.008	0.9553	0.993
a1f	l5f	0.0189	0.0069	0.012	0.9553	1.0148
a1f	r10f	-0.0118	0.0376	-0.0494	0.9553	0.8414
a1f	r4f	0.0726	0.0182	0.0544	0.9553	0.9251
a1f	r5f	0.0013	-0.0069	0.0082	0.9553	0.7584
a1f	r8f	0.0012	-8e-04	0.002	0.9553	0.9445
a1f	r9f	-0.0035	0.0072	-0.0107	0.9553	0.7273
a1m	a1f	0.0073	0.0416	-0.0343	0.9561	0.9553
a1m	a1m	1.0004	0.0443	0.9561	0.9561	0.9561
a1m	a21m	0.018	0.0063	0.0117	0.9561	0.9845
a1m	a22m	-0.0216	-0.0019	-0.0197	0.9561	0.9608
a1m	a27m	-0.0129	0.0178	-0.0307	0.9561	0.6368
a1m	a28m	0.0103	-0.0031	0.0134	0.9561	0.6308
a1m	a29m	0.1401	0.0295	0.1106	0.9561	0.9533
a1m	a30m	-0.0173	-0.0189	0.0016	0.9561	0.7461
a1m	a7m	8e-04	4e-04	4e-04	0.9561	0.8943
a1m	a8m	0.028	0.0082	0.0198	0.9561	0.9856
a1m	a9m	0.0028	0.0282	-0.0254	0.9561	0.7561
a1m	ADr1um	0.0027	-4e-04	0.0031	0.9561	0.9906
a1m	bm1m	-0.0109	0.0018	-0.0127	0.9561	0.8737
a1m	bm2m	-0.0124	0.0042	-0.0166	0.9561	0.8391
a1m	bm4m	0.0066	0.0104	-0.0038	0.9561	0.8894
a1m	bm5m	2e-04	0.0027	-0.0025	0.9561	0.6631
a1m	bm6m	-0.0055	0.0133	-0.0188	0.9561	0.6483
a1m	bm7m	-7e-04	0.0124	-0.0131	0.9561	0.6693
a1m	bm8m	-0.0077	0.0122	-0.0199	0.9561	0.8766
a1m	ch1m	-0.0038	0.0077	-0.0115	0.9561	0.7605
a1m	ch4m	0.0026	-0.0192	0.0218	0.9561	0.7866
a1m	ch5m	-0.0059	0.0029	-0.0088	0.9561	0.8595
a1m	ch6m	-0.0017	-0.0017	0	0.9561	0.831
a1m	l1m	-0.0035	-0.0071	0.0036	0.9561	0.9945
a1m	l2m	0.0024	0.0013	0.0011	0.9561	1.0098
a1m	l3m	2e-04	0.0023	-0.0021	0.9561	1.0446
a1m	l4m	0.0093	0.0079	0.0014	0.9561	0.9708
a1m	l5m	0.0067	0.0035	0.0032	0.9561	1.0113
a1m	r10m	0.0015	0.0308	-0.0293	0.9561	0.9353
a1m	r4m	0.0641	0.0159	0.0482	0.9561	0.9782
a1m	r5m	-0.0044	0.0198	-0.0242	0.9561	0.5851
a1m	r8m	0.0155	0.0042	0.0113	0.9561	0.9367
a1m	r9m	-0.009	0.0079	-0.0169	0.9561	0.7313
a21f	a21f	0.9887	0.0596	0.9291	0.9291	0.9291
a21f	a22f	0.0126	0.0095	0.0031	0.9291	0.9499
a21f	a27f	0.0061	0.0059	0.000200000000000001	0.9291	0.6538
a21f	a28f	-0.0045	0.0064	-0.0109	0.9291	0.9035
a21f	a29f	0.0621	0.0157	0.0464	0.9291	0.9285
a21f	a30f	-0.0158	-0.0155	-0.000300000000000002	0.9291	0.7704
a21f	a7f	-0.0031	0.0047	-0.0078	0.9291	0.9025
a21f	a8f	0.0179	0.0061	0.0118	0.9291	1.0017
a21f	a9f	0.0112	0.0051	0.0061	0.9291	0.9234
a21f	ADr1uf	-6e-04	1e-04	-7e-04	0.9291	1.0044
a21f	bm1f	-0.0073	0.0138	-0.0211	0.9291	0.9023
a21f	bm2f	-0.0106	0.0281	-0.0387	0.9291	0.7995
a21f	bm4f	-4e-04	0.0177	-0.0181	0.9291	0.8919
a21f	bm5f	-0.0055	-0.0016	-0.0039	0.9291	0.6379
a21f	bm6f	0.0017	0.0027	-0.001	0.9291	0.6815
a21f	bm7f	0.0017	0.0011	6e-04	0.9291	0.6676
a21f	bm8f	-0.0014	-0.001	-4e-04	0.9291	0.7496
a21f	ch1f	0.0085	-0.0272	0.0357	0.9291	0.7147
a21f	ch4f	-0.0035	-0.0118	0.0083	0.9291	0.8515
a21f	ch5f	0.0016	-0.0232	0.0248	0.9291	0.7707
a21f	ch6f	8e-04	-0.0144	0.0152	0.9291	0.8691
a21f	l1f	-0.0183	-0.0049	-0.0134	0.9291	1.0094
a21f	l2f	0.0026	0.0023	3e-04	0.9291	1.0064
a21f	l3f	-0.0026	0.0027	-0.0053	0.9291	1.0446
a21f	l4f	0.0057	0.0112	-0.0055	0.9291	0.993
a21f	l5f	0.0049	0.0048	1e-04	0.9291	1.0148
a21f	r10f	-0.0074	0.0149	-0.0223	0.9291	0.8414
a21f	r4f	0.0142	0.0131	0.0011	0.9291	0.9251
a21f	r5f	0.0151	-0.0012	0.0163	0.9291	0.7584
a21f	r8f	-0.0095	-1e-04	-0.0094	0.9291	0.9445
a21f	r9f	0.0025	-0.0016	0.0041	0.9291	0.7273
a21m	a21f	0.1068	0.0396	0.0672	0.9845	0.9291
a21m	a21m	1.0179	0.0334	0.9845	0.9845	0.9845
a21m	a22m	-0.0062	0.0046	-0.0108	0.9845	0.9608
a21m	a27m	0.0031	0.0038	-7e-04	0.9845	0.6368
a21m	a28m	0.0017	0.0042	-0.0025	0.9845	0.6308
a21m	a29m	0.0354	0.008	0.0274	0.9845	0.9533
a21m	a30m	-0.0138	-0.0028	-0.011	0.9845	0.7461
a21m	a7m	-0.0023	1e-04	-0.0024	0.9845	0.8943
a21m	a8m	0.0424	0.0058	0.0366	0.9845	0.9856
a21m	a9m	0.0037	0.0027	0.001	0.9845	0.7561
a21m	ADr1um	-0.0058	-5e-04	-0.0053	0.9845	0.9906
a21m	bm1m	0.0042	-0.0066	0.0108	0.9845	0.8737
a21m	bm2m	0.0088	-0.0117	0.0205	0.9845	0.8391
a21m	bm4m	-0.0062	0.0051	-0.0113	0.9845	0.8894
a21m	bm5m	0.005	-0.0018	0.0068	0.9845	0.6631
a21m	bm6m	2e-04	-0.0062	0.0064	0.9845	0.6483
a21m	bm7m	0.0029	-0.0068	0.0097	0.9845	0.6693
a21m	bm8m	-0.0054	-8e-04	-0.0046	0.9845	0.8766
a21m	ch1m	0.002	-0.0064	0.0084	0.9845	0.7605
a21m	ch4m	-0.0064	0.0044	-0.0108	0.9845	0.7866
a21m	ch5m	0.0088	-0.0164	0.0252	0.9845	0.8595
a21m	ch6m	0.0013	-0.0042	0.0055	0.9845	0.831
a21m	l1m	-0.0121	-0.003	-0.0091	0.9845	0.9945
a21m	l2m	-0.0062	-1e-04	-0.0061	0.9845	1.0098
a21m	l3m	-0.0083	0.001	-0.0093	0.9845	1.0446
a21m	l4m	0.0043	0.0056	-0.0013	0.9845	0.9708
a21m	l5m	-0.008	0.0021	-0.0101	0.9845	1.0113
a21m	r10m	0.0193	0.0029	0.0164	0.9845	0.9353
a21m	r4m	0.0129	0.0056	0.0073	0.9845	0.9782
a21m	r5m	0.0136	-0.0013	0.0149	0.9845	0.5851
a21m	r8m	-0.0074	1e-04	-0.0075	0.9845	0.9367
a21m	r9m	-0.0035	0.0116	-0.0151	0.9845	0.7313
a22f	a22f	1.0204	0.0705	0.9499	0.9499	0.9499
a22f	a27f	-0.0145	0.0297	-0.0442	0.9499	0.6538
a22f	a28f	-0.0034	0.0278	-0.0312	0.9499	0.9035
a22f	a29f	0.0557	0.0175	0.0382	0.9499	0.9285
a22f	a30f	-0.0017	-0.025	0.0233	0.9499	0.7704
a22f	a7f	0.0033	-0.0058	0.0091	0.9499	0.9025
a22f	a8f	0.023	0.0166	0.0064	0.9499	1.0017
a22f	a9f	0.0033	0.0175	-0.0142	0.9499	0.9234
a22f	ADr1uf	0.001	-0.0015	0.0025	0.9499	1.0044
a22f	bm1f	-5.9979e-05	-0.0141	0.014040021	0.9499	0.9023
a22f	bm2f	0.0041	0.0024	0.0017	0.9499	0.7995
a22f	bm4f	-0.0145	0.0152	-0.0297	0.9499	0.8919
a22f	bm5f	-1.6014e-05	-7e-04	0.000683986	0.9499	0.6379
a22f	bm6f	0.003	0.0049	-0.0019	0.9499	0.6815
a22f	bm7f	0.0016	0.0048	-0.0032	0.9499	0.6676
a22f	bm8f	-0.0131	-0.0042	-0.0089	0.9499	0.7496
a22f	ch1f	8e-04	-0.0288	0.0296	0.9499	0.7147
a22f	ch4f	0.001	-0.0111	0.0121	0.9499	0.8515
a22f	ch5f	-0.0052	-0.0139	0.0087	0.9499	0.7707
a22f	ch6f	0.0076	-0.0309	0.0385	0.9499	0.8691
a22f	l1f	-0.0441	-0.0213	-0.0228	0.9499	1.0094
a22f	l2f	0.0422	0.0073	0.0349	0.9499	1.0064
a22f	l3f	0.0316	0.0023	0.0293	0.9499	1.0446
a22f	l4f	0.0618	0.0187	0.0431	0.9499	0.993
a22f	l5f	0.0512	0.0099	0.0413	0.9499	1.0148
a22f	r10f	-0.0108	0.0118	-0.0226	0.9499	0.8414
a22f	r4f	0.0253	0.0078	0.0175	0.9499	0.9251
a22f	r5f	-0.0037	-0.0087	0.005	0.9499	0.7584
a22f	r8f	0.0087	0.0026	0.0061	0.9499	0.9445
a22f	r9f	0.0051	0.0074	-0.0023	0.9499	0.7273
a22m	a22f	0.0118	0.0575	-0.0457	0.9608	0.9499
a22m	a22m	1.0164	0.0556	0.9608	0.9608	0.9608
a22m	a27m	0.0224	0.0031	0.0193	0.9608	0.6368
a22m	a28m	0.0059	0.0266	-0.0207	0.9608	0.6308
a22m	a29m	0.0187	0.0139	0.0048	0.9608	0.9533
a22m	a30m	-0.0121	-0.014	0.0019	0.9608	0.7461
a22m	a7m	-0.0023	-0.003	7e-04	0.9608	0.8943
a22m	a8m	0.0162	0.0131	0.0031	0.9608	0.9856
a22m	a9m	-0.004	0.0187	-0.0227	0.9608	0.7561
a22m	ADr1um	0.007	-5e-04	0.0075	0.9608	0.9906
a22m	bm1m	-5e-04	3e-04	-8e-04	0.9608	0.8737
a22m	bm2m	-0.0036	0.0072	-0.0108	0.9608	0.8391
a22m	bm4m	-0.0106	0.0184	-0.029	0.9608	0.8894
a22m	bm5m	-0.0066	0.0125	-0.0191	0.9608	0.6631
a22m	bm6m	-0.0052	0.0122	-0.0174	0.9608	0.6483
a22m	bm7m	-0.0066	0.0106	-0.0172	0.9608	0.6693
a22m	bm8m	-0.0078	0.0018	-0.0096	0.9608	0.8766
a22m	ch1m	-0.0018	-0.0107	0.0089	0.9608	0.7605
a22m	ch4m	-0.0035	0.0083	-0.0118	0.9608	0.7866
a22m	ch5m	-0.0028	0.0047	-0.0075	0.9608	0.8595
a22m	ch6m	0.0027	-0.0155	0.0182	0.9608	0.831
a22m	l1m	-0.0296	-0.0111	-0.0185	0.9608	0.9945
a22m	l2m	0.0182	0.0037	0.0145	0.9608	1.0098
a22m	l3m	0.0102	0.0041	0.0061	0.9608	1.0446
a22m	l4m	0.0408	0.012	0.0288	0.9608	0.9708
a22m	l5m	0.032	0.0088	0.0232	0.9608	1.0113
a22m	r10m	-0.0038	0.0011	-0.0049	0.9608	0.9353
a22m	r4m	-0.0095	0.0095	-0.019	0.9608	0.9782
a22m	r5m	0.0077	-0.0308	0.0385	0.9608	0.5851
a22m	r8m	0.0287	-9e-04	0.0296	0.9608	0.9367
a22m	r9m	0.0021	4e-04	0.0017	0.9608	0.7313
a27f	a27f	0.9431	0.2893	0.6538	0.6538	0.6538
a27f	a28f	0.2523	0.0792	0.1731	0.6538	0.9035
a27f	a29f	0.0226	-0.0063	0.0289	0.6538	0.9285
a27f	a30f	-0.0294	-0.02	-0.0094	0.6538	0.7704
a27f	a7f	-0.0202	0.0158	-0.036	0.6538	0.9025
a27f	a8f	0.0432	0.0957	-0.0525	0.6538	1.0017
a27f	a9f	0.012	0.0536	-0.0416	0.6538	0.9234
a27f	ADr1uf	-0.0024	-0.0089	0.0065	0.6538	1.0044
a27f	bm1f	-0.021	0.0633	-0.0843	0.6538	0.9023
a27f	bm2f	-0.0059	0.007	-0.0129	0.6538	0.7995
a27f	bm4f	-0.0154	0.0511	-0.0665	0.6538	0.8919
a27f	bm5f	-0.0301	0.033	-0.0631	0.6538	0.6379
a27f	bm6f	-0.0151	0.0085	-0.0236	0.6538	0.6815
a27f	bm7f	-0.008	-0.0107	0.0027	0.6538	0.6676
a27f	bm8f	0.0042	-0.014	0.0182	0.6538	0.7496
a27f	ch1f	0.0027	0.0041	-0.0014	0.6538	0.7147
a27f	ch4f	-0.0108	0.0308	-0.0416	0.6538	0.8515
a27f	ch5f	0.0039	0.0463	-0.0424	0.6538	0.7707
a27f	ch6f	-0.0017	-0.0187	0.017	0.6538	0.8691
a27f	l1f	-0.0467	-0.0402	-0.0065	0.6538	1.0094
a27f	l2f	0.0545	0.0019	0.0526	0.6538	1.0064
a27f	l3f	0.0587	-0.0083	0.067	0.6538	1.0446
a27f	l4f	0.0466	0.0516	-0.005	0.6538	0.993
a27f	l5f	0.0603	0.0093	0.051	0.6538	1.0148
a27f	r10f	0.0273	-0.012	0.0393	0.6538	0.8414
a27f	r4f	0.0161	-0.0158	0.0319	0.6538	0.9251
a27f	r5f	-0.0061	0.0015	-0.0076	0.6538	0.7584
a27f	r8f	6e-04	-0.0124	0.013	0.6538	0.9445
a27f	r9f	0.0085	-0.0045	0.013	0.6538	0.7273
a27m	a27f	0.0517	0.222	-0.1703	0.6368	0.6538
a27m	a27m	0.9215	0.2847	0.6368	0.6368	0.6368
a27m	a28m	0.2296	0.0398	0.1898	0.6368	0.6308
a27m	a29m	0.009	-8.8548e-06	0.0090088548	0.6368	0.9533
a27m	a30m	-0.0052	-0.0277	0.0225	0.6368	0.7461
a27m	a7m	-0.0213	0.0116	-0.0329	0.6368	0.8943
a27m	a8m	0.0456	0.0968	-0.0512	0.6368	0.9856
a27m	a9m	0.007	0.0287	-0.0217	0.6368	0.7561
a27m	ADr1um	0.0129	-0.0065	0.0194	0.6368	0.9906
a27m	bm1m	-9e-04	0.0156	-0.0165	0.6368	0.8737
a27m	bm2m	-0.0048	0.0398	-0.0446	0.6368	0.8391
a27m	bm4m	0.0123	-0.0238	0.0361	0.6368	0.8894
a27m	bm5m	0.0111	0.0054	0.0057	0.6368	0.6631
a27m	bm6m	0.0176	-0.0058	0.0234	0.6368	0.6483
a27m	bm7m	0.0195	-0.0129	0.0324	0.6368	0.6693
a27m	bm8m	0.0107	0.0068	0.0039	0.6368	0.8766
a27m	ch1m	-0.0056	0.0206	-0.0262	0.6368	0.7605
a27m	ch4m	0.0073	-0.035	0.0423	0.6368	0.7866
a27m	ch5m	-0.0076	0.0503	-0.0579	0.6368	0.8595
a27m	ch6m	-0.0106	0.0296	-0.0402	0.6368	0.831
a27m	l1m	-0.0462	-0.0139	-0.0323	0.6368	0.9945
a27m	l2m	0.0514	-0.0318	0.0832	0.6368	1.0098
a27m	l3m	0.0435	-0.0188	0.0623	0.6368	1.0446
a27m	l4m	0.0388	0.0274	0.0114	0.6368	0.9708
a27m	l5m	0.0326	-0.0138	0.0464	0.6368	1.0113
a27m	r10m	-0.0116	-0.007	-0.0046	0.6368	0.9353
a27m	r4m	0.0082	-0.0172	0.0254	0.6368	0.9782
a27m	r5m	0.0071	-0.0066	0.0137	0.6368	0.5851
a27m	r8m	0.0093	-0.0067	0.016	0.6368	0.9367
a27m	r9m	-0.0139	0.024	-0.0379	0.6368	0.7313
a28f	a28f	1.0013	0.0978	0.9035	0.9035	0.9035
a28f	a29f	0.0066	0.0197	-0.0131	0.9035	0.9285
a28f	a30f	-0.0229	-0.0417	0.0188	0.9035	0.7704
a28f	a7f	-0.0047	-0.0077	0.003	0.9035	0.9025
a28f	a8f	0.0111	0.0377	-0.0266	0.9035	1.0017
a28f	a9f	-0.0017	0.0261	-0.0278	0.9035	0.9234
a28f	ADr1uf	NA	NA	NA	0.9035	1.0044
a28f	bm1f	-3e-04	-0.0081	0.0078	0.9035	0.9023
a28f	bm2f	-4e-04	-0.0061	0.0057	0.9035	0.7995
a28f	bm4f	0.0015	0.0125	-0.011	0.9035	0.8919
a28f	bm5f	-0.0029	-0.0016	-0.0013	0.9035	0.6379
a28f	bm6f	-0.0014	-0.0137	0.0123	0.9035	0.6815
a28f	bm7f	3e-04	-0.0117	0.012	0.9035	0.6676
a28f	bm8f	-0.0108	0.0371	-0.0479	0.9035	0.7496
a28f	ch1f	-0.0158	0.026	-0.0418	0.9035	0.7147
a28f	ch4f	-0.0024	0.0012	-0.0036	0.9035	0.8515
a28f	ch5f	-0.0122	0.0236	-0.0358	0.9035	0.7707
a28f	ch6f	-0.0082	-0.0031	-0.0051	0.9035	0.8691
a28f	l1f	-0.1041	-0.0423	-0.0618	0.9035	1.0094
a28f	l2f	0.0405	0.0125	0.028	0.9035	1.0064
a28f	l3f	0.0182	0.0068	0.0114	0.9035	1.0446
a28f	l4f	0.093	0.0481	0.0449	0.9035	0.993
a28f	l5f	0.0441	0.0235	0.0206	0.9035	1.0148
a28f	r10f	0.0101	-0.0047	0.0148	0.9035	0.8414
a28f	r4f	0.0107	0.0066	0.0041	0.9035	0.9251
a28f	r5f	0.003	-0.0122	0.0152	0.9035	0.7584
a28f	r8f	0.0011	-0.0056	0.0067	0.9035	0.9445
a28f	r9f	-0.0018	0.0182	-0.02	0.9035	0.7273
a28m	a28f	0.0503	0.1547	-0.1044	0.6308	0.9035
a28m	a28m	0.8892	0.2584	0.6308	0.6308	0.6308
a28m	a29m	0.0181	0.0167	0.0014	0.6308	0.9533
a28m	a30m	0.0045	-0.0473	0.0518	0.6308	0.7461
a28m	a7m	-0.0022	-0.0051	0.0029	0.6308	0.8943
a28m	a8m	0.0104	0.0689	-0.0585	0.6308	0.9856
a28m	a9m	0.0325	0.0033	0.0292	0.6308	0.7561
a28m	ADr1um	0.0016	-0.0035	0.0051	0.6308	0.9906
a28m	bm1m	0.0114	-0.0455	0.0569	0.6308	0.8737
a28m	bm2m	-0.0067	-0.0059	-8e-04	0.6308	0.8391
a28m	bm4m	0.0175	-0.0537	0.0712	0.6308	0.8894
a28m	bm5m	0.0143	-0.0065	0.0208	0.6308	0.6631
a28m	bm6m	0.0028	-0.0364	0.0392	0.6308	0.6483
a28m	bm7m	0.0085	-0.0394	0.0479	0.6308	0.6693
a28m	bm8m	-0.0098	0.0354	-0.0452	0.6308	0.8766
a28m	ch1m	-0.0058	0.0362	-0.042	0.6308	0.7605
a28m	ch4m	0.01	-0.0504	0.0604	0.6308	0.7866
a28m	ch5m	-0.0037	-0.0015	-0.0022	0.6308	0.8595
a28m	ch6m	-0.0177	0.0127	-0.0304	0.6308	0.831
a28m	l1m	-0.0407	-0.0958	0.0551	0.6308	0.9945
a28m	l2m	0.0286	-0.0237	0.0523	0.6308	1.0098
a28m	l3m	0.0267	-0.0235	0.0502	0.6308	1.0446
a28m	l4m	0.0504	0.0809	-0.0305	0.6308	0.9708
a28m	l5m	0.0191	0.0114	0.0077	0.6308	1.0113
a28m	r10m	0.0178	-0.0152	0.033	0.6308	0.9353
a28m	r4m	0.0031	0.0205	-0.0174	0.6308	0.9782
a28m	r5m	0.0105	-0.0118	0.0223	0.6308	0.5851
a28m	r8m	-0.0023	-0.0018	-5e-04	0.6308	0.9367
a28m	r9m	-0.0192	0.0569	-0.0761	0.6308	0.7313
a29f	a29f	1.0146	0.0861	0.9285	0.9285	0.9285
a29f	a30f	-0.0222	-0.0524	0.0302	0.9285	0.7704
a29f	a7f	0.0121	-0.0035	0.0156	0.9285	0.9025
a29f	a8f	0.0315	0.0166	0.0149	0.9285	1.0017
a29f	a9f	0.0072	0.0727	-0.0655	0.9285	0.9234
a29f	ADr1uf	0.0134	-0.0045	0.0179	0.9285	1.0044
a29f	bm1f	-0.0043	-0.0161	0.0118	0.9285	0.9023
a29f	bm2f	-0.0063	0.0158	-0.0221	0.9285	0.7995
a29f	bm4f	-3.3098e-05	-6e-04	0.000566902	0.9285	0.8919
a29f	bm5f	0.0069	0.0124	-0.0055	0.9285	0.6379
a29f	bm6f	0.0069	0.0131	-0.0062	0.9285	0.6815
a29f	bm7f	0.0055	0.0148	-0.0093	0.9285	0.6676
a29f	bm8f	-5e-04	0.0155	-0.016	0.9285	0.7496
a29f	ch1f	0.0045	-0.0431	0.0476	0.9285	0.7147
a29f	ch4f	8e-04	-0.0239	0.0247	0.9285	0.8515
a29f	ch5f	-0.0029	-0.0357	0.0328	0.9285	0.7707
a29f	ch6f	0.0064	-0.0411	0.0475	0.9285	0.8691
a29f	l1f	-0.0332	-0.029	-0.0042	0.9285	1.0094
a29f	l2f	0.0114	0.0115	-9.99999999999994e-05	0.9285	1.0064
a29f	l3f	-0.0023	0.0075	-0.0098	0.9285	1.0446
a29f	l4f	0.042	0.0293	0.0127	0.9285	0.993
a29f	l5f	0.0164	0.0166	-0.000199999999999999	0.9285	1.0148
a29f	r10f	-0.0048	0.0516	-0.0564	0.9285	0.8414
a29f	r4f	0.1008	0.0445	0.0563	0.9285	0.9251
a29f	r5f	9e-04	0.0136	-0.0127	0.9285	0.7584
a29f	r8f	0.0261	0.0111	0.015	0.9285	0.9445
a29f	r9f	0.0067	-0.0052	0.0119	0.9285	0.7273
a29m	a29f	0.0244	0.0698	-0.0454	0.9533	0.9285
a29m	a29m	1.0208	0.0675	0.9533	0.9533	0.9533
a29m	a30m	-0.0373	-0.063	0.0257	0.9533	0.7461
a29m	a7m	-0.0038	-0.0061	0.0023	0.9533	0.8943
a29m	a8m	0.0351	0.0173	0.0178	0.9533	0.9856
a29m	a9m	0.0118	0.075	-0.0632	0.9533	0.7561
a29m	ADr1um	0.001	-0.0031	0.0041	0.9533	0.9906
a29m	bm1m	-0.0063	0.0039	-0.0102	0.9533	0.8737
a29m	bm2m	-0.0032	0.0063	-0.0095	0.9533	0.8391
a29m	bm4m	0.001	0.0065	-0.0055	0.9533	0.8894
a29m	bm5m	0.0095	-0.013	0.0225	0.9533	0.6631
a29m	bm6m	0.0029	0.0012	0.0017	0.9533	0.6483
a29m	bm7m	0.003	0.0034	-4e-04	0.9533	0.6693
a29m	bm8m	-1e-04	0.0095	-0.0096	0.9533	0.8766
a29m	ch1m	0.0023	-0.0315	0.0338	0.9533	0.7605
a29m	ch4m	-0.0066	-0.0198	0.0132	0.9533	0.7866
a29m	ch5m	0.0044	-0.0493	0.0537	0.9533	0.8595
a29m	ch6m	0.006	-0.0353	0.0413	0.9533	0.831
a29m	l1m	-0.0283	-0.0224	-0.0059	0.9533	0.9945
a29m	l2m	-0.0049	0.0061	-0.011	0.9533	1.0098
a29m	l3m	-0.0128	0.0074	-0.0202	0.9533	1.0446
a29m	l4m	0.0301	0.0231	0.007	0.9533	0.9708
a29m	l5m	0.0025	0.0108	-0.0083	0.9533	1.0113
a29m	r10m	-0.0033	0.0423	-0.0456	0.9533	0.9353
a29m	r4m	0.0823	0.0282	0.0541	0.9533	0.9782
a29m	r5m	0.0118	0.0116	0.000200000000000001	0.9533	0.5851
a29m	r8m	0.048	0.0193	0.0287	0.9533	0.9367
a29m	r9m	0.0028	0.0055	-0.0027	0.9533	0.7313
a30f	a30f	0.9508	0.1804	0.7704	0.7704	0.7704
a30f	a7f	0.0083	0.0064	0.0019	0.7704	0.9025
a30f	a8f	-0.0321	-0.0252	-0.0069	0.7704	1.0017
a30f	a9f	-0.001	-0.0933	0.0923	0.7704	0.9234
a30f	ADr1uf	0.0214	0.0049	0.0165	0.7704	1.0044
a30f	bm1f	0.0051	0.01	-0.0049	0.7704	0.9023
a30f	bm2f	-0.0027	-0.0015	-0.0012	0.7704	0.7995
a30f	bm4f	-0.0026	2e-04	-0.0028	0.7704	0.8919
a30f	bm5f	0.0071	-0.0125	0.0196	0.7704	0.6379
a30f	bm6f	0.0015	-0.021	0.0225	0.7704	0.6815
a30f	bm7f	0.0042	-0.0222	0.0264	0.7704	0.6676
a30f	bm8f	-0.013	-0.001	-0.012	0.7704	0.7496
a30f	ch1f	0.0034	0.1133	-0.1099	0.7704	0.7147
a30f	ch4f	0.0021	0.098	-0.0959	0.7704	0.8515
a30f	ch5f	0.0042	0.0995	-0.0953	0.7704	0.7707
a30f	ch6f	0.002	0.1049	-0.1029	0.7704	0.8691
a30f	l1f	0.048	0.0392	0.0088	0.7704	1.0094
a30f	l2f	-0.0131	-0.0166	0.0035	0.7704	1.0064
a30f	l3f	0.0022	-0.0116	0.0138	0.7704	1.0446
a30f	l4f	-0.0345	-0.0438	0.0093	0.7704	0.993
a30f	l5f	-0.0147	-0.0252	0.0105	0.7704	1.0148
a30f	r10f	0.009	-0.0421	0.0511	0.7704	0.8414
a30f	r4f	-0.0124	-0.0167	0.0043	0.7704	0.9251
a30f	r5f	-5e-04	0.023	-0.0235	0.7704	0.7584
a30f	r8f	0.0389	0.0187	0.0202	0.7704	0.9445
a30f	r9f	-0.0058	0.0103	-0.0161	0.7704	0.7273
a30m	a30f	0.0607	0.1744	-0.1137	0.7461	0.7704
a30m	a30m	0.9478	0.2017	0.7461	0.7461	0.7461
a30m	a7m	0.0088	0.0148	-0.006	0.7461	0.8943
a30m	a8m	-0.0182	-0.0272	0.009	0.7461	0.9856
a30m	a9m	-0.0025	-0.1209	0.1184	0.7461	0.7561
a30m	ADr1um	0.0138	0.0079	0.0059	0.7461	0.9906
a30m	bm1m	0.001	0.0013	-3e-04	0.7461	0.8737
a30m	bm2m	0.0028	-0.0062	0.009	0.7461	0.8391
a30m	bm4m	-9e-04	-0.0095	0.0086	0.7461	0.8894
a30m	bm5m	-0.0014	0.0183	-0.0197	0.7461	0.6631
a30m	bm6m	0.0074	-0.0071	0.0145	0.7461	0.6483
a30m	bm7m	0.0065	-0.0134	0.0199	0.7461	0.6693
a30m	bm8m	-0.0043	-0.0207	0.0164	0.7461	0.8766
a30m	ch1m	-0.005	0.1165	-0.1215	0.7461	0.7605
a30m	ch4m	-0.0013	0.1231	-0.1244	0.7461	0.7866
a30m	ch5m	-0.0045	0.1323	-0.1368	0.7461	0.8595
a30m	ch6m	-0.0029	0.1096	-0.1125	0.7461	0.831
a30m	l1m	0.0202	0.0346	-0.0144	0.7461	0.9945
a30m	l2m	-0.0043	-0.0085	0.0042	0.7461	1.0098
a30m	l3m	-8e-04	-0.009	0.0082	0.7461	1.0446
a30m	l4m	-0.0173	-0.0349	0.0176	0.7461	0.9708
a30m	l5m	-0.0113	-0.0176	0.0063	0.7461	1.0113
a30m	r10m	-0.0079	-0.0172	0.0093	0.7461	0.9353
a30m	r4m	-0.0095	-0.0146	0.0051	0.7461	0.9782
a30m	r5m	-2e-04	-0.0021	0.0019	0.7461	0.5851
a30m	r8m	0.0023	-0.0167	0.019	0.7461	0.9367
a30m	r9m	0.006	-0.0257	0.0317	0.7461	0.7313
a7f	a7f	0.9548	0.0523	0.9025	0.9025	0.9025
a7f	a8f	0.017	-0.0042	0.0212	0.9025	1.0017
a7f	a9f	0.0255	-0.0194	0.0449	0.9025	0.9234
a7f	ADr1uf	0.0139	0.001	0.0129	0.9025	1.0044
a7f	bm1f	-0.0021	0.0148	-0.0169	0.9025	0.9023
a7f	bm2f	0.0016	0.009	-0.0074	0.9025	0.7995
a7f	bm4f	-0.004	4e-04	-0.0044	0.9025	0.8919
a7f	bm5f	-0.0074	0.0197	-0.0271	0.9025	0.6379
a7f	bm6f	1e-04	0.0048	-0.0047	0.9025	0.6815
a7f	bm7f	0.0037	-0.006	0.0097	0.9025	0.6676
a7f	bm8f	-0.0049	9e-04	-0.0058	0.9025	0.7496
a7f	ch1f	-5e-04	0.0076	-0.0081	0.9025	0.7147
a7f	ch4f	-0.0028	0.0075	-0.0103	0.9025	0.8515
a7f	ch5f	0.0069	-0.0257	0.0326	0.9025	0.7707
a7f	ch6f	-0.0017	0.0106	-0.0123	0.9025	0.8691
a7f	l1f	-0.0062	0.0056	-0.0118	0.9025	1.0094
a7f	l2f	0.0081	-0.0048	0.0129	0.9025	1.0064
a7f	l3f	0.0099	-0.0046	0.0145	0.9025	1.0446
a7f	l4f	0.0154	-0.0087	0.0241	0.9025	0.993
a7f	l5f	0.0113	-0.0075	0.0188	0.9025	1.0148
a7f	r10f	0.0149	0.0051	0.0098	0.9025	0.8414
a7f	r4f	0.0046	-0.0063	0.0109	0.9025	0.9251
a7f	r5f	0.0477	-0.0068	0.0545	0.9025	0.7584
a7f	r8f	0.0068	0.0016	0.0052	0.9025	0.9445
a7f	r9f	0.0067	-0.0083	0.015	0.9025	0.7273
a7m	a7f	-0.0042	0.05	-0.0542	0.8943	0.9025
a7m	a7m	0.9581	0.0638	0.8943	0.8943	0.8943
a7m	a8m	0.0111	-6e-04	0.0117	0.8943	0.9856
a7m	a9m	0.0257	-0.01	0.0357	0.8943	0.7561
a7m	ADr1um	0.0119	0.0048	0.0071	0.8943	0.9906
a7m	bm1m	2e-04	-0.0083	0.0085	0.8943	0.8737
a7m	bm2m	0.002	-0.0012	0.0032	0.8943	0.8391
a7m	bm4m	0.0037	-0.0186	0.0223	0.8943	0.8894
a7m	bm5m	-0.0028	0.0251	-0.0279	0.8943	0.6631
a7m	bm6m	-0.0038	0.0192	-0.023	0.8943	0.6483
a7m	bm7m	-0.0013	0.0142	-0.0155	0.8943	0.6693
a7m	bm8m	0.0073	-0.0128	0.0201	0.8943	0.8766
a7m	ch1m	-0.0063	0.0149	-0.0212	0.8943	0.7605
a7m	ch4m	-0.0012	0.0233	-0.0245	0.8943	0.7866
a7m	ch5m	-7.1437e-05	0.0142	-0.014271437	0.8943	0.8595
a7m	ch6m	-0.0071	0.0199	-0.027	0.8943	0.831
a7m	l1m	0.0069	4e-04	0.0065	0.8943	0.9945
a7m	l2m	8.865e-05	-0.0032	0.00328865	0.8943	1.0098
a7m	l3m	0.0031	-0.0041	0.0072	0.8943	1.0446
a7m	l4m	7e-04	-0.0045	0.0052	0.8943	0.9708
a7m	l5m	-0.0033	-0.0047	0.0014	0.8943	1.0113
a7m	r10m	0.0045	0.0248	-0.0203	0.8943	0.9353
a7m	r4m	-6e-04	-3e-04	-3e-04	0.8943	0.9782
a7m	r5m	0.0436	0.0141	0.0295	0.8943	0.5851
a7m	r8m	-0.0036	8e-04	-0.0044	0.8943	0.9367
a7m	r9m	0.0027	-0.01	0.0127	0.8943	0.7313
a8f	a8f	1.0459	0.0442	1.0017	1.0017	1.0017
a8f	a9f	0.0465	0.0163	0.0302	1.0017	0.9234
a8f	ADr1uf	-0.0128	-0.0024	-0.0104	1.0017	1.0044
a8f	bm1f	0.0075	-0.0027	0.0102	1.0017	0.9023
a8f	bm2f	0.0011	-0.0083	0.0094	1.0017	0.7995
a8f	bm4f	-4e-04	-0.0012	8e-04	1.0017	0.8919
a8f	bm5f	-0.0052	0.001	-0.0062	1.0017	0.6379
a8f	bm6f	3e-04	-0.0017	0.002	1.0017	0.6815
a8f	bm7f	4e-04	0.0011	-7e-04	1.0017	0.6676
a8f	bm8f	0.0026	4e-04	0.0022	1.0017	0.7496
a8f	ch1f	0.0032	-0.0228	0.026	1.0017	0.7147
a8f	ch4f	-0.0036	-0.0084	0.0048	1.0017	0.8515
a8f	ch5f	0.0045	-0.0128	0.0173	1.0017	0.7707
a8f	ch6f	-0.0033	-0.0176	0.0143	1.0017	0.8691
a8f	l1f	-0.1113	-0.0362	-0.0751	1.0017	1.0094
a8f	l2f	-0.0082	0.0102	-0.0184	1.0017	1.0064
a8f	l3f	-0.0309	0.0051	-0.036	1.0017	1.0446
a8f	l4f	0.098	0.038	0.06	1.0017	0.993
a8f	l5f	0.0137	0.0177	-0.004	1.0017	1.0148
a8f	r10f	0.0075	0.013	-0.0055	1.0017	0.8414
a8f	r4f	0.0136	0.0103	0.0033	1.0017	0.9251
a8f	r5f	0.0574	-0.017	0.0744	1.0017	0.7584
a8f	r8f	-0.0098	0.0011	-0.0109	1.0017	0.9445
a8f	r9f	-2e-04	0.0107	-0.0109	1.0017	0.7273
a8m	a8f	0.0958	0.0444	0.0514	0.9856	1.0017
a8m	a8m	1.0377	0.0521	0.9856	0.9856	0.9856
a8m	a9m	0.0043	0.0415	-0.0372	0.9856	0.7561
a8m	ADr1um	-0.0115	-0.0032	-0.0083	0.9856	0.9906
a8m	bm1m	-0.008	0.0013	-0.0093	0.9856	0.8737
a8m	bm2m	-0.0039	0.0033	-0.0072	0.9856	0.8391
a8m	bm4m	0.0077	-0.0037	0.0114	0.9856	0.8894
a8m	bm5m	0.0053	-0.0026	0.0079	0.9856	0.6631
a8m	bm6m	-0.0078	0.0029	-0.0107	0.9856	0.6483
a8m	bm7m	-0.0066	0.004	-0.0106	0.9856	0.6693
a8m	bm8m	0.0022	-5e-04	0.0027	0.9856	0.8766
a8m	ch1m	0.0086	-0.0251	0.0337	0.9856	0.7605
a8m	ch4m	0.0019	-0.0165	0.0184	0.9856	0.7866
a8m	ch5m	0.0038	-0.0271	0.0309	0.9856	0.8595
a8m	ch6m	-0.0042	-0.0156	0.0114	0.9856	0.831
a8m	l1m	-0.1003	-0.0343	-0.066	0.9856	0.9945
a8m	l2m	-0.0518	-8e-04	-0.051	0.9856	1.0098
a8m	l3m	-0.0553	7e-04	-0.056	0.9856	1.0446
a8m	l4m	0.0781	0.0351	0.043	0.9856	0.9708
a8m	l5m	-0.0422	0.0111	-0.0533	0.9856	1.0113
a8m	r10m	0.0347	0.0014	0.0333	0.9856	0.9353
a8m	r4m	0.0126	0.0079	0.0047	0.9856	0.9782
a8m	r5m	0.0266	-0.0064	0.033	0.9856	0.5851
a8m	r8m	0.0018	0.0057	-0.0039	0.9856	0.9367
a8m	r9m	-0.0045	0.0181	-0.0226	0.9856	0.7313
a9f	a9f	1.0585	0.1351	0.9234	0.9234	0.9234
a9f	ADr1uf	0.003	-0.0044	0.0074	0.9234	1.0044
a9f	bm1f	0.0063	-0.0294	0.0357	0.9234	0.9023
a9f	bm2f	4e-04	0.0193	-0.0189	0.9234	0.7995
a9f	bm4f	-0.0055	0.0268	-0.0323	0.9234	0.8919
a9f	bm5f	-0.003	0.0062	-0.0092	0.9234	0.6379
a9f	bm6f	-0.0026	0.0174	-0.02	0.9234	0.6815
a9f	bm7f	-3e-04	0.0057	-0.006	0.9234	0.6676
a9f	bm8f	-0.0021	-4e-04	-0.0017	0.9234	0.7496
a9f	ch1f	6e-04	-0.051	0.0516	0.9234	0.7147
a9f	ch4f	2e-04	-0.1068	0.107	0.9234	0.8515
a9f	ch5f	-0.0052	-0.0402	0.035	0.9234	0.7707
a9f	ch6f	-0.0017	-0.0406	0.0389	0.9234	0.8691
a9f	l1f	-0.0152	-0.0277	0.0125	0.9234	1.0094
a9f	l2f	9e-04	0.0128	-0.0119	0.9234	1.0064
a9f	l3f	-1.7087e-05	0.0097	-0.009717087	0.9234	1.0446
a9f	l4f	0.0139	0.0315	-0.0176	0.9234	0.993
a9f	l5f	0.0051	0.0183	-0.0132	0.9234	1.0148
a9f	r10f	0.2087	0.0888	0.1199	0.9234	0.8414
a9f	r4f	0.0033	0.055	-0.0517	0.9234	0.9251
a9f	r5f	0.0692	-0.0243	0.0935	0.9234	0.7584
a9f	r8f	-0.0078	0.0389	-0.0467	0.9234	0.9445
a9f	r9f	-0.0021	0.0324	-0.0345	0.9234	0.7273
a9m	a9f	0.0165	0.2208	-0.2043	0.7561	0.9234
a9m	a9m	1.0063	0.2502	0.7561	0.7561	0.7561
a9m	ADr1um	-0.0041	-0.0097	0.0056	0.7561	0.9906
a9m	bm1m	0.0033	0.0216	-0.0183	0.7561	0.8737
a9m	bm2m	-0.0022	0.0041	-0.0063	0.7561	0.8391
a9m	bm4m	-0.0056	0.0232	-0.0288	0.7561	0.8894
a9m	bm5m	0.0031	-0.0239	0.027	0.7561	0.6631
a9m	bm6m	-0.0015	0.0177	-0.0192	0.7561	0.6483
a9m	bm7m	-0.002	0.0209	-0.0229	0.7561	0.6693
a9m	bm8m	-0.004	-0.0015	-0.0025	0.7561	0.8766
a9m	ch1m	0.0016	-0.0924	0.094	0.7561	0.7605
a9m	ch4m	-0.0153	-0.0112	-0.0041	0.7561	0.7866
a9m	ch5m	-0.002	-0.0828	0.0808	0.7561	0.8595
a9m	ch6m	0.0079	-0.1002	0.1081	0.7561	0.831
a9m	l1m	-0.0014	-0.0366	0.0352	0.7561	0.9945
a9m	l2m	-0.0039	0.0072	-0.0111	0.7561	1.0098
a9m	l3m	0.003	0.0075	-0.0045	0.7561	1.0446
a9m	l4m	0.0156	0.0324	-0.0168	0.7561	0.9708
a9m	l5m	0.0022	0.0131	-0.0109	0.7561	1.0113
a9m	r10m	0.2068	0.0735	0.1333	0.7561	0.9353
a9m	r4m	0.0043	0.0332	-0.0289	0.7561	0.9782
a9m	r5m	0.036	0.059	-0.023	0.7561	0.5851
a9m	r8m	-8e-04	0.0561	-0.0569	0.7561	0.9367
a9m	r9m	3e-04	0.0379	-0.0376	0.7561	0.7313
ADr1uf	ADr1uf	1.0059	0.0015	1.0044	1.0044	1.0044
ADr1uf	bm1f	-0.0044	0.0044	-0.0088	1.0044	0.9023
ADr1uf	bm2f	0.0027	0.0017	0.001	1.0044	0.7995
ADr1uf	bm4f	0.0029	-0.0042	0.0071	1.0044	0.8919
ADr1uf	bm5f	-0.007	0.0015	-0.0085	1.0044	0.6379
ADr1uf	bm6f	-0.008	0.0065	-0.0145	1.0044	0.6815
ADr1uf	bm7f	-0.0098	0.0034	-0.0132	1.0044	0.6676
ADr1uf	bm8f	6e-04	-0.004	0.0046	1.0044	0.7496
ADr1uf	ch1f	0.0047	0.0076	-0.0029	1.0044	0.7147
ADr1uf	ch4f	0.0018	0.004	-0.0022	1.0044	0.8515
ADr1uf	ch5f	-0.002	0.0083	-0.0103	1.0044	0.7707
ADr1uf	ch6f	5e-04	0.0088	-0.0083	1.0044	0.8691
ADr1uf	l1f	-0.0159	0.0075	-0.0234	1.0044	1.0094
ADr1uf	l2f	0.0237	-0.0041	0.0278	1.0044	1.0064
ADr1uf	l3f	0.0362	-0.0042	0.0404	1.0044	1.0446
ADr1uf	l4f	0.0152	-0.0073	0.0225	1.0044	0.993
ADr1uf	l5f	0.0339	-0.0067	0.0406	1.0044	1.0148
ADr1uf	r10f	0.0048	4e-04	0.0044	1.0044	0.8414
ADr1uf	r4f	0.019	-0.0066	0.0256	1.0044	0.9251
ADr1uf	r5f	-0.001	0.0016	-0.0026	1.0044	0.7584
ADr1uf	r8f	0.0021	0.0031	-0.001	1.0044	0.9445
ADr1uf	r9f	0.0049	-0.0176	0.0225	1.0044	0.7273
ADr1um	ADr1uf	0.0303	0.0017	0.0286	0.9906	1.0044
ADr1um	ADr1um	0.9925	0.0019	0.9906	0.9906	0.9906
ADr1um	bm1m	0.0039	-0.0027	0.0066	0.9906	0.8737
ADr1um	bm2m	0.005	-0.0012	0.0062	0.9906	0.8391
ADr1um	bm4m	-0.0024	-2e-04	-0.0022	0.9906	0.8894
ADr1um	bm5m	-0.0026	0.007	-0.0096	0.9906	0.6631
ADr1um	bm6m	0.001	-9e-04	0.0019	0.9906	0.6483
ADr1um	bm7m	0.0044	-0.0058	0.0102	0.9906	0.6693
ADr1um	bm8m	-0.0086	0.0027	-0.0113	0.9906	0.8766
ADr1um	ch1m	-4e-04	0.0094	-0.0098	0.9906	0.7605
ADr1um	ch4m	-0.0057	0.0079	-0.0136	0.9906	0.7866
ADr1um	ch5m	-0.0027	0.0157	-0.0184	0.9906	0.8595
ADr1um	ch6m	-0.0038	0.0041	-0.0079	0.9906	0.831
ADr1um	l1m	-0.0198	0.0083	-0.0281	0.9906	0.9945
ADr1um	l2m	0.0314	-0.0037	0.0351	0.9906	1.0098
ADr1um	l3m	0.034	-0.0034	0.0374	0.9906	1.0446
ADr1um	l4m	0.0055	-0.0038	0.0093	0.9906	0.9708
ADr1um	l5m	0.033	-0.006	0.039	0.9906	1.0113
ADr1um	r10m	0.0038	-0.0106	0.0144	0.9906	0.9353
ADr1um	r4m	-0.0035	0.0019	-0.0054	0.9906	0.9782
ADr1um	r5m	-0.0098	0.0048	-0.0146	0.9906	0.5851
ADr1um	r8m	0.0015	-1e-04	0.0016	0.9906	0.9367
ADr1um	r9m	0.0064	-0.0106	0.017	0.9906	0.7313
bm1f	bm1f	1.0066	0.1043	0.9023	0.9023	0.9023
bm1f	bm2f	-0.0405	0.0077	-0.0482	0.9023	0.7995
bm1f	bm4f	0.0168	-0.007	0.0238	0.9023	0.8919
bm1f	bm5f	-0.0343	0.0013	-0.0356	0.9023	0.6379
bm1f	bm6f	-0.1086	-0.0213	-0.0873	0.9023	0.6815
bm1f	bm7f	-0.0921	-0.0167	-0.0754	0.9023	0.6676
bm1f	bm8f	-0.0419	-0.0094	-0.0325	0.9023	0.7496
bm1f	ch1f	0.0048	0.01	-0.0052	0.9023	0.7147
bm1f	ch4f	0.0019	0.0179	-0.016	0.9023	0.8515
bm1f	ch5f	0.0026	-0.0093	0.0119	0.9023	0.7707
bm1f	ch6f	0.0031	0.0061	-0.003	0.9023	0.8691
bm1f	l1f	0.0095	-0.0021	0.0116	0.9023	1.0094
bm1f	l2f	-0.002	-0.0014	-6e-04	0.9023	1.0064
bm1f	l3f	0.0034	-0.0025	0.0059	0.9023	1.0446
bm1f	l4f	-0.0038	9e-04	-0.0047	0.9023	0.993
bm1f	l5f	-0.001	-8e-04	-2e-04	0.9023	1.0148
bm1f	r10f	0.0081	-0.0127	0.0208	0.9023	0.8414
bm1f	r4f	8e-04	-0.0087	0.0095	0.9023	0.9251
bm1f	r5f	-9e-04	0.0078	-0.0087	0.9023	0.7584
bm1f	r8f	-0.0055	4.781e-05	-0.00554781	0.9023	0.9445
bm1f	r9f	-0.0082	0.0088	-0.017	0.9023	0.7273
bm1m	bm1f	0.0017	0.0852	-0.0835	0.8737	0.9023
bm1m	bm1m	1.0081	0.1344	0.8737	0.8737	0.8737
bm1m	bm2m	-0.0424	-0.089	0.0466	0.8737	0.8391
bm1m	bm4m	0.0148	-0.0141	0.0289	0.8737	0.8894
bm1m	bm5m	-0.0676	0.0148	-0.0824	0.8737	0.6631
bm1m	bm6m	-0.1112	-0.023	-0.0882	0.8737	0.6483
bm1m	bm7m	-0.0896	-0.031	-0.0586	0.8737	0.6693
bm1m	bm8m	-0.0175	-0.0063	-0.0112	0.8737	0.8766
bm1m	ch1m	-6e-04	0.0038	-0.0044	0.8737	0.7605
bm1m	ch4m	0.003	-0.0211	0.0241	0.8737	0.7866
bm1m	ch5m	0.0026	0.0111	-0.0085	0.8737	0.8595
bm1m	ch6m	0.0028	-0.0174	0.0202	0.8737	0.831
bm1m	l1m	0.0063	-0.0028	0.0091	0.8737	0.9945
bm1m	l2m	-0.0082	0.0019	-0.0101	0.8737	1.0098
bm1m	l3m	-0.0059	0.0024	-0.0083	0.8737	1.0446
bm1m	l4m	-0.0049	4.6898e-05	-0.004946898	0.8737	0.9708
bm1m	l5m	-0.004	0.0025	-0.0065	0.8737	1.0113
bm1m	r10m	-0.0156	0.0556	-0.0712	0.8737	0.9353
bm1m	r4m	0.0019	-0.0124	0.0143	0.8737	0.9782
bm1m	r5m	-9e-04	7e-04	-0.0016	0.8737	0.5851
bm1m	r8m	-0.0074	0.0094	-0.0168	0.8737	0.9367
bm1m	r9m	-0.0052	0.0502	-0.0554	0.8737	0.7313
bm2f	bm2f	0.9951	0.1956	0.7995	0.7995	0.7995
bm2f	bm4f	-0.0118	0.0281	-0.0399	0.7995	0.8919
bm2f	bm5f	0.0573	-9e-04	0.0582	0.7995	0.6379
bm2f	bm6f	0.0044	-0.0638	0.0682	0.7995	0.6815
bm2f	bm7f	0.0074	-0.061	0.0684	0.7995	0.6676
bm2f	bm8f	-0.0666	-0.0727	0.00609999999999999	0.7995	0.7496
bm2f	ch1f	-0.0023	0.0129	-0.0152	0.7995	0.7147
bm2f	ch4f	8e-04	-0.0047	0.0055	0.7995	0.8515
bm2f	ch5f	2e-04	-0.0162	0.0164	0.7995	0.7707
bm2f	ch6f	-0.0077	0.0176	-0.0253	0.7995	0.8691
bm2f	l1f	-8e-04	-4e-04	-4e-04	0.7995	1.0094
bm2f	l2f	0.007	-0.0046	0.0116	0.7995	1.0064
bm2f	l3f	0.0031	-0.0017	0.0048	0.7995	1.0446
bm2f	l4f	0.002	8e-04	0.0012	0.7995	0.993
bm2f	l5f	0.0028	-6e-04	0.0034	0.7995	1.0148
bm2f	r10f	-0.0048	8e-04	-0.0056	0.7995	0.8414
bm2f	r4f	0.0102	-5e-04	0.0107	0.7995	0.9251
bm2f	r5f	7e-04	0.0045	-0.0038	0.7995	0.7584
bm2f	r8f	0.005	-7e-04	0.0057	0.7995	0.9445
bm2f	r9f	-0.0078	-0.016	0.0082	0.7995	0.7273
bm2m	bm2f	0.0042	0.0969	-0.0927	0.8391	0.7995
bm2m	bm2m	1.0001	0.161	0.8391	0.8391	0.8391
bm2m	bm4m	-0.0204	0.0035	-0.0239	0.8391	0.8894
bm2m	bm5m	0.0163	0.0336	-0.0173	0.8391	0.6631
bm2m	bm6m	-0.0201	-0.013	-0.0071	0.8391	0.6483
bm2m	bm7m	-0.0201	-0.0123	-0.0078	0.8391	0.6693
bm2m	bm8m	-0.0611	-0.0399	-0.0212	0.8391	0.8766
bm2m	ch1m	-0.0024	0.0361	-0.0385	0.8391	0.7605
bm2m	ch4m	-3.5785e-06	0.0134	-0.0134035785	0.8391	0.7866
bm2m	ch5m	8e-04	0.005	-0.0042	0.8391	0.8595
bm2m	ch6m	0.0033	0.0146	-0.0113	0.8391	0.831
bm2m	l1m	0.0114	5e-04	0.0109	0.8391	0.9945
bm2m	l2m	0.0069	-0.0034	0.0103	0.8391	1.0098
bm2m	l3m	0.0047	-0.002	0.0067	0.8391	1.0446
bm2m	l4m	-0.0117	0.0013	-0.013	0.8391	0.9708
bm2m	l5m	0.0064	-0.0095	0.0159	0.8391	1.0113
bm2m	r10m	0.0051	-0.0022	0.0073	0.8391	0.9353
bm2m	r4m	-0.0015	-0.0091	0.0076	0.8391	0.9782
bm2m	r5m	-0.0087	0.0102	-0.0189	0.8391	0.5851
bm2m	r8m	-0.0016	0.0096	-0.0112	0.8391	0.9367
bm2m	r9m	-0.0101	0.024	-0.0341	0.8391	0.7313
bm4f	bm4f	1.0062	0.1143	0.8919	0.8919	0.8919
bm4f	bm5f	-0.0046	-8e-04	-0.0038	0.8919	0.6379
bm4f	bm6f	0.0104	0.0125	-0.0021	0.8919	0.6815
bm4f	bm7f	0.0061	0.0171	-0.011	0.8919	0.6676
bm4f	bm8f	0.0125	-0.0103	0.0228	0.8919	0.7496
bm4f	ch1f	-0.0068	0.0238	-0.0306	0.8919	0.7147
bm4f	ch4f	-0.0061	0.002	-0.0081	0.8919	0.8515
bm4f	ch5f	2e-04	-0.0083	0.0085	0.8919	0.7707
bm4f	ch6f	-0.0019	0.0097	-0.0116	0.8919	0.8691
bm4f	l1f	0.0058	0.0054	0.000399999999999999	0.8919	1.0094
bm4f	l2f	9e-04	0.0012	-3e-04	0.8919	1.0064
bm4f	l3f	0.002	0.001	0.001	0.8919	1.0446
bm4f	l4f	-3e-04	-0.0069	0.0066	0.8919	0.993
bm4f	l5f	0.0013	-0.0023	0.0036	0.8919	1.0148
bm4f	r10f	0.0026	-0.002	0.0046	0.8919	0.8414
bm4f	r4f	-6e-04	5e-04	-0.0011	0.8919	0.9251
bm4f	r5f	0.0023	-0.0101	0.0124	0.8919	0.7584
bm4f	r8f	0.0064	-0.0048	0.0112	0.8919	0.9445
bm4f	r9f	0.0034	-0.0253	0.0287	0.8919	0.7273
bm4m	bm4f	-0.0017	0.0802	-0.0819	0.8894	0.8919
bm4m	bm4m	0.9944	0.105	0.8894	0.8894	0.8894
bm4m	bm5m	0.0031	0.0037	-6e-04	0.8894	0.6631
bm4m	bm6m	0.0073	0.0114	-0.0041	0.8894	0.6483
bm4m	bm7m	0.006	0.0303	-0.0243	0.8894	0.6693
bm4m	bm8m	-0.0034	-0.0066	0.0032	0.8894	0.8766
bm4m	ch1m	0.0079	-0.0643	0.0722	0.8894	0.7605
bm4m	ch4m	0.0018	0.0065	-0.0047	0.8894	0.7866
bm4m	ch5m	0.0091	-0.0691	0.0782	0.8894	0.8595
bm4m	ch6m	0.0068	-0.0551	0.0619	0.8894	0.831
bm4m	l1m	-0.0026	-9e-04	-0.0017	0.8894	0.9945
bm4m	l2m	-0.005	0.0018	-0.0068	0.8894	1.0098
bm4m	l3m	-0.0053	0.0019	-0.0072	0.8894	1.0446
bm4m	l4m	0.0035	-0.0017	0.0052	0.8894	0.9708
bm4m	l5m	-0.0057	0.0046	-0.0103	0.8894	1.0113
bm4m	r10m	-0.0104	0.0181	-0.0285	0.8894	0.9353
bm4m	r4m	-0.0016	-0.0025	9e-04	0.8894	0.9782
bm4m	r5m	-0.0042	0.0224	-0.0266	0.8894	0.5851
bm4m	r8m	-0.0034	0.007	-0.0104	0.8894	0.9367
bm4m	r9m	-0.009	-0.0026	-0.0064	0.8894	0.7313
bm5f	bm5f	1.0051	0.3672	0.6379	0.6379	0.6379
bm5f	bm6f	0.3577	0.0761	0.2816	0.6379	0.6815
bm5f	bm7f	0.3474	0.0859	0.2615	0.6379	0.6676
bm5f	bm8f	-0.1193	-0.0599	-0.0594	0.6379	0.7496
bm5f	ch1f	0.0049	-0.0211	0.026	0.6379	0.7147
bm5f	ch4f	0.0019	0.0303	-0.0284	0.6379	0.8515
bm5f	ch5f	0.0023	-0.0276	0.0299	0.6379	0.7707
bm5f	ch6f	0.0088	-0.0308	0.0396	0.6379	0.8691
bm5f	l1f	-6e-04	-0.0027	0.0021	0.6379	1.0094
bm5f	l2f	-1e-04	1e-04	-2e-04	0.6379	1.0064
bm5f	l3f	0.002	-0.0025	0.0045	0.6379	1.0446
bm5f	l4f	0.0068	-0.0086	0.0154	0.6379	0.993
bm5f	l5f	6e-04	-0.001	0.0016	0.6379	1.0148
bm5f	r10f	0.0061	0.0025	0.0036	0.6379	0.8414
bm5f	r4f	0.0024	0.0233	-0.0209	0.6379	0.9251
bm5f	r5f	8e-04	-0.0024	0.0032	0.6379	0.7584
bm5f	r8f	0.007	0.0076	-6e-04	0.6379	0.9445
bm5f	r9f	0.0136	-0.0198	0.0334	0.6379	0.7273
bm5m	bm5f	0.0063	0.3276	-0.3213	0.6631	0.6379
bm5m	bm5m	1.0026	0.3395	0.6631	0.6631	0.6631
bm5m	bm6m	0.3616	0.1492	0.2124	0.6631	0.6483
bm5m	bm7m	0.3519	0.1299	0.222	0.6631	0.6693
bm5m	bm8m	-0.0588	0.0034	-0.0622	0.6631	0.8766
bm5m	ch1m	0.0023	-0.0628	0.0651	0.6631	0.7605
bm5m	ch4m	-8e-04	-0.005	0.0042	0.6631	0.7866
bm5m	ch5m	0.0029	-0.074	0.0769	0.6631	0.8595
bm5m	ch6m	0.0066	-0.0258	0.0324	0.6631	0.831
bm5m	l1m	-0.0111	0.0103	-0.0214	0.6631	0.9945
bm5m	l2m	-0.0031	0.005	-0.0081	0.6631	1.0098
bm5m	l3m	-0.0038	0.0078	-0.0116	0.6631	1.0446
bm5m	l4m	0.0063	-0.0035	0.0098	0.6631	0.9708
bm5m	l5m	-0.0011	0.0024	-0.0035	0.6631	1.0113
bm5m	r10m	0.007	0.0098	-0.0028	0.6631	0.9353
bm5m	r4m	-0.0053	0.0253	-0.0306	0.6631	0.9782
bm5m	r5m	0.0104	-0.0271	0.0375	0.6631	0.5851
bm5m	r8m	0.0106	0.0045	0.0061	0.6631	0.9367
bm5m	r9m	0.0097	-0.0136	0.0233	0.6631	0.7313
bm6f	bm6f	1.0084	0.3269	0.6815	0.6815	0.6815
bm6f	bm7f	0.8875	0.3303	0.5572	0.6815	0.6676
bm6f	bm8f	0.0556	0.0303	0.0253	0.6815	0.7496
bm6f	ch1f	0.0022	-0.0555	0.0577	0.6815	0.7147
bm6f	ch4f	0.001	-0.0048	0.0058	0.6815	0.8515
bm6f	ch5f	-0.0015	0.0204	-0.0219	0.6815	0.7707
bm6f	ch6f	0.004	-0.0331	0.0371	0.6815	0.8691
bm6f	l1f	-3e-04	-0.0064	0.0061	0.6815	1.0094
bm6f	l2f	0.0018	-0.0099	0.0117	0.6815	1.0064
bm6f	l3f	0.0018	-0.0116	0.0134	0.6815	1.0446
bm6f	l4f	3.8802e-05	-0.0026	0.002638802	0.6815	0.993
bm6f	l5f	0.0011	-0.0074	0.0085	0.6815	1.0148
bm6f	r10f	0.0033	0.0093	-0.006	0.6815	0.8414
bm6f	r4f	-0.0052	0.0292	-0.0344	0.6815	0.9251
bm6f	r5f	0.004	-0.0148	0.0188	0.6815	0.7584
bm6f	r8f	0.0022	4e-04	0.0018	0.6815	0.9445
bm6f	r9f	0.0114	0.0083	0.0031	0.6815	0.7273
bm6m	bm6f	0.0013	0.3314	-0.3301	0.6483	0.6815
bm6m	bm6m	0.9989	0.3506	0.6483	0.6483	0.6483
bm6m	bm7m	0.8662	0.3373	0.5289	0.6483	0.6693
bm6m	bm8m	0.0598	-0.0013	0.0611	0.6483	0.8766
bm6m	ch1m	0.0105	-0.0916	0.1021	0.6483	0.7605
bm6m	ch4m	7e-04	-0.0252	0.0259	0.6483	0.7866
bm6m	ch5m	0.013	-0.1055	0.1185	0.6483	0.8595
bm6m	ch6m	0.0057	-0.038	0.0437	0.6483	0.831
bm6m	l1m	-3e-04	-0.0041	0.0038	0.6483	0.9945
bm6m	l2m	-0.0036	0.0085	-0.0121	0.6483	1.0098
bm6m	l3m	-7e-04	0.0047	-0.0054	0.6483	1.0446
bm6m	l4m	0.0064	-0.005	0.0114	0.6483	0.9708
bm6m	l5m	-0.0027	0.0047	-0.0074	0.6483	1.0113
bm6m	r10m	-0.0016	0.0278	-0.0294	0.6483	0.9353
bm6m	r4m	0.0072	-0.0048	0.012	0.6483	0.9782
bm6m	r5m	0.0146	-0.0262	0.0408	0.6483	0.5851
bm6m	r8m	0.0085	-0.0013	0.0098	0.6483	0.9367
bm6m	r9m	0.0181	0.0083	0.0098	0.6483	0.7313
bm7f	bm7f	1.0081	0.3405	0.6676	0.6676	0.6676
bm7f	bm8f	0.066	0.0076	0.0584	0.6676	0.7496
bm7f	ch1f	0.0029	-0.0491	0.052	0.6676	0.7147
bm7f	ch4f	0.0032	-0.0303	0.0335	0.6676	0.8515
bm7f	ch5f	-0.0032	0.0385	-0.0417	0.6676	0.7707
bm7f	ch6f	0.0047	-0.0322	0.0369	0.6676	0.8691
bm7f	l1f	-0.0022	-0.006	0.0038	0.6676	1.0094
bm7f	l2f	-0.0024	-0.0073	0.0049	0.6676	1.0064
bm7f	l3f	-0.001	-0.0091	0.0081	0.6676	1.0446
bm7f	l4f	0.0045	-0.0049	0.0094	0.6676	0.993
bm7f	l5f	-0.0012	-0.005	0.0038	0.6676	1.0148
bm7f	r10f	0.0014	0.0157	-0.0143	0.6676	0.8414
bm7f	r4f	-0.0023	0.0248	-0.0271	0.6676	0.9251
bm7f	r5f	0.0059	-0.0133	0.0192	0.6676	0.7584
bm7f	r8f	0.0064	-0.0049	0.0113	0.6676	0.9445
bm7f	r9f	0.0138	-5.0615e-05	0.013850615	0.6676	0.7273
bm7m	bm7f	7e-04	0.3463	-0.3456	0.6693	0.6676
bm7m	bm7m	1.0051	0.3358	0.6693	0.6693	0.6693
bm7m	bm8m	0.0566	0.0045	0.0521	0.6693	0.8766
bm7m	ch1m	0.0088	-0.0951	0.1039	0.6693	0.7605
bm7m	ch4m	0.0026	-0.0312	0.0338	0.6693	0.7866
bm7m	ch5m	0.0106	-0.0816	0.0922	0.6693	0.8595
bm7m	ch6m	0.0055	-0.0411	0.0466	0.6693	0.831
bm7m	l1m	0.0049	-0.0069	0.0118	0.6693	0.9945
bm7m	l2m	-0.004	0.0092	-0.0132	0.6693	1.0098
bm7m	l3m	4e-04	0.0052	-0.0048	0.6693	1.0446
bm7m	l4m	0.0055	-0.0041	0.0096	0.6693	0.9708
bm7m	l5m	-0.0052	0.0095	-0.0147	0.6693	1.0113
bm7m	r10m	1e-04	0.0161	-0.016	0.6693	0.9353
bm7m	r4m	0.0065	-0.0106	0.0171	0.6693	0.9782
bm7m	r5m	0.0125	-0.0227	0.0352	0.6693	0.5851
bm7m	r8m	0.01	-0.0026	0.0126	0.6693	0.9367
bm7m	r9m	0.0119	0.0287	-0.0168	0.6693	0.7313
bm8f	bm8f	1.0018	0.2522	0.7496	0.7496	0.7496
bm8f	ch1f	-0.0012	-0.0179	0.0167	0.7496	0.7147
bm8f	ch4f	-8e-04	-0.037	0.0362	0.7496	0.8515
bm8f	ch5f	-0.0021	-0.004	0.0019	0.7496	0.7707
bm8f	ch6f	0.0014	-0.018	0.0194	0.7496	0.8691
bm8f	l1f	-0.0046	-0.0021	-0.0025	0.7496	1.0094
bm8f	l2f	-0.0058	0.0012	-0.007	0.7496	1.0064
bm8f	l3f	-0.006	-6e-04	-0.0054	0.7496	1.0446
bm8f	l4f	5e-04	0.005	-0.0045	0.7496	0.993
bm8f	l5f	-0.0026	0.0014	-0.004	0.7496	1.0148
bm8f	r10f	0.0075	-0.011	0.0185	0.7496	0.8414
bm8f	r4f	-0.0093	0.0024	-0.0117	0.7496	0.9251
bm8f	r5f	8e-04	-0.0167	0.0175	0.7496	0.7584
bm8f	r8f	-0.0104	-0.0061	-0.0043	0.7496	0.9445
bm8f	r9f	-0.0095	0.0227	-0.0322	0.7496	0.7273
bm8m	bm8f	-2e-04	0.1893	-0.1895	0.8766	0.7496
bm8m	bm8m	1.0106	0.134	0.8766	0.8766	0.8766
bm8m	ch1m	0.0034	-0.0258	0.0292	0.8766	0.7605
bm8m	ch4m	-3e-04	0.0101	-0.0104	0.8766	0.7866
bm8m	ch5m	-0.0051	0.0294	-0.0345	0.8766	0.8595
bm8m	ch6m	-0.0027	0.0107	-0.0134	0.8766	0.831
bm8m	l1m	-0.0044	-0.0013	-0.0031	0.8766	0.9945
bm8m	l2m	-0.002	0.0024	-0.0044	0.8766	1.0098
bm8m	l3m	-9e-04	0.003	-0.0039	0.8766	1.0446
bm8m	l4m	0.0056	0.0024	0.0032	0.8766	0.9708
bm8m	l5m	-0.0045	0.0063	-0.0108	0.8766	1.0113
bm8m	r10m	-0.0016	-0.002	4e-04	0.8766	0.9353
bm8m	r4m	0.0059	-0.0042	0.0101	0.8766	0.9782
bm8m	r5m	0.0027	-0.0254	0.0281	0.8766	0.5851
bm8m	r8m	-0.0027	-0.014	0.0113	0.8766	0.9367
bm8m	r9m	-0.0064	0.0078	-0.0142	0.8766	0.7313
ch1f	ch1f	0.9982	0.2835	0.7147	0.7147	0.7147
ch1f	ch4f	0.1158	0.0956	0.0202	0.7147	0.8515
ch1f	ch5f	0.3389	0.2878	0.0511	0.7147	0.7707
ch1f	ch6f	0.4458	0.2306	0.2152	0.7147	0.8691
ch1f	l1f	0.0011	0.0418	-0.0407	0.7147	1.0094
ch1f	l2f	0.0035	-0.0133	0.0168	0.7147	1.0064
ch1f	l3f	9e-04	-5e-04	0.0014	0.7147	1.0446
ch1f	l4f	-0.0025	-0.0304	0.0279	0.7147	0.993
ch1f	l5f	-0.0012	-0.0171	0.0159	0.7147	1.0148
ch1f	r10f	-0.0058	0.0273	-0.0331	0.7147	0.8414
ch1f	r4f	0.0093	-0.0297	0.039	0.7147	0.9251
ch1f	r5f	-0.0024	0.0468	-0.0492	0.7147	0.7584
ch1f	r8f	-0.0015	0.0059	-0.0074	0.7147	0.9445
ch1f	r9f	0.0093	-0.049	0.0583	0.7147	0.7273
ch1m	ch1f	0.0136	0.2592	-0.2456	0.7605	0.7147
ch1m	ch1m	0.9998	0.2393	0.7605	0.7605	0.7605
ch1m	ch4m	0.1667	-0.045	0.2117	0.7605	0.7866
ch1m	ch5m	0.3534	0.2387	0.1147	0.7605	0.8595
ch1m	ch6m	0.5448	0.2246	0.3202	0.7605	0.831
ch1m	l1m	0.0127	0.0165	-0.0038	0.7605	0.9945
ch1m	l2m	-0.003	-0.0088	0.0058	0.7605	1.0098
ch1m	l3m	-0.0035	-0.0024	-0.0011	0.7605	1.0446
ch1m	l4m	-0.0121	-0.0081	-0.004	0.7605	0.9708
ch1m	l5m	-0.0011	-0.0109	0.0098	0.7605	1.0113
ch1m	r10m	-0.0012	0.0121	-0.0133	0.7605	0.9353
ch1m	r4m	-0.0011	-0.0053	0.0042	0.7605	0.9782
ch1m	r5m	0.0089	-0.0032	0.0121	0.7605	0.5851
ch1m	r8m	-0.0035	-0.0072	0.0037	0.7605	0.9367
ch1m	r9m	0.0028	-0.0375	0.0403	0.7605	0.7313
ch4f	ch4f	0.9972	0.1457	0.8515	0.8515	0.8515
ch4f	ch5f	0.1814	0.0788	0.1026	0.8515	0.7707
ch4f	ch6f	0.138	0.0356	0.1024	0.8515	0.8691
ch4f	l1f	-0.0016	0.0208	-0.0224	0.8515	1.0094
ch4f	l2f	-0.0033	7e-04	-0.004	0.8515	1.0064
ch4f	l3f	-0.0019	0.0029	-0.0048	0.8515	1.0446
ch4f	l4f	0.0043	-0.0197	0.024	0.8515	0.993
ch4f	l5f	-0.001	-0.0063	0.0053	0.8515	1.0148
ch4f	r10f	0.0086	-0.044	0.0526	0.8515	0.8414
ch4f	r4f	0.0031	-0.03	0.0331	0.8515	0.9251
ch4f	r5f	-0.003	-0.0355	0.0325	0.8515	0.7584
ch4f	r8f	0.0013	0.0096	-0.0083	0.8515	0.9445
ch4f	r9f	0.0073	-0.0354	0.0427	0.8515	0.7273
ch4m	ch4f	0.2024	0.1573	0.0451	0.7866	0.8515
ch4m	ch4m	0.9967	0.2101	0.7866	0.7866	0.7866
ch4m	ch5m	0.1833	0.0206	0.1627	0.7866	0.8595
ch4m	ch6m	0.1533	3.0398e-05	0.153269602	0.7866	0.831
ch4m	l1m	0.0083	0.0134	-0.0051	0.7866	0.9945
ch4m	l2m	-0.0105	0.0108	-0.0213	0.7866	1.0098
ch4m	l3m	-0.0068	0.0072	-0.014	0.7866	1.0446
ch4m	l4m	-0.0014	-0.0225	0.0211	0.7866	0.9708
ch4m	l5m	-0.0052	0.0027	-0.0079	0.7866	1.0113
ch4m	r10m	0.0026	-0.0286	0.0312	0.7866	0.9353
ch4m	r4m	-0.0041	-0.0144	0.0103	0.7866	0.9782
ch4m	r5m	-0.0102	-0.0323	0.0221	0.7866	0.5851
ch4m	r8m	-0.0071	0.005	-0.0121	0.7866	0.9367
ch4m	r9m	8e-04	0.0192	-0.0184	0.7866	0.7313
ch5f	ch5f	0.9941	0.2234	0.7707	0.7707	0.7707
ch5f	ch6f	0.2342	0.2086	0.0256	0.7707	0.8691
ch5f	l1f	-0.0042	0.0305	-0.0347	0.7707	1.0094
ch5f	l2f	0.0085	-0.0218	0.0303	0.7707	1.0064
ch5f	l3f	0.0086	-0.0152	0.0238	0.7707	1.0446
ch5f	l4f	-0.007	-0.0171	0.0101	0.7707	0.993
ch5f	l5f	0.0059	-0.0272	0.0331	0.7707	1.0148
ch5f	r10f	-1e-04	-0.0092	0.0091	0.7707	0.8414
ch5f	r4f	7.6722e-05	-0.0121	0.012176722	0.7707	0.9251
ch5f	r5f	-0.0101	0.0313	-0.0414	0.7707	0.7584
ch5f	r8f	0.003	-0.0019	0.0049	0.7707	0.9445
ch5f	r9f	0.0136	-0.0725	0.0861	0.7707	0.7273
ch5m	ch5f	0.0136	0.2041	-0.1905	0.8595	0.7707
ch5m	ch5m	1.0055	0.146	0.8595	0.8595	0.8595
ch5m	ch6m	0.2827	0.1778	0.1049	0.8595	0.831
ch5m	l1m	0.0083	0.0268	-0.0185	0.8595	0.9945
ch5m	l2m	-0.0032	-0.0014	-0.0018	0.8595	1.0098
ch5m	l3m	-0.0017	-4e-04	-0.0013	0.8595	1.0446
ch5m	l4m	-0.0105	-0.0189	0.0084	0.8595	0.9708
ch5m	l5m	0.0044	-0.0143	0.0187	0.8595	1.0113
ch5m	r10m	0.0024	-0.0236	0.026	0.8595	0.9353
ch5m	r4m	-0.0066	-0.0075	9e-04	0.8595	0.9782
ch5m	r5m	-0.001	0.0029	-0.0039	0.8595	0.5851
ch5m	r8m	-0.0046	-0.0069	0.0023	0.8595	0.9367
ch5m	r9m	-0.001	0.0078	-0.0088	0.8595	0.7313
ch6f	ch6f	1.0029	0.1338	0.8691	0.8691	0.8691
ch6f	l1f	0.0022	0.032	-0.0298	0.8691	1.0094
ch6f	l2f	0.0094	-0.0168	0.0262	0.8691	1.0064
ch6f	l3f	0.0106	-0.0085	0.0191	0.8691	1.0446
ch6f	l4f	-4e-04	-0.0239	0.0235	0.8691	0.993
ch6f	l5f	0.0073	-0.0201	0.0274	0.8691	1.0148
ch6f	r10f	-0.006	0.0112	-0.0172	0.8691	0.8414
ch6f	r4f	0.0054	-0.0244	0.0298	0.8691	0.9251
ch6f	r5f	0.0091	6e-04	0.0085	0.8691	0.7584
ch6f	r8f	1e-04	0.0096	-0.0095	0.8691	0.9445
ch6f	r9f	0.0109	-0.0462	0.0571	0.8691	0.7273
ch6m	ch6f	0.1523	0.1523	0	0.831	0.8691
ch6m	ch6m	0.9893	0.1583	0.831	0.831	0.831
ch6m	l1m	0.0144	0.0149	-5e-04	0.831	0.9945
ch6m	l2m	-8e-04	-0.0023	0.0015	0.831	1.0098
ch6m	l3m	0.0019	-0.0026	0.0045	0.831	1.0446
ch6m	l4m	-0.0073	-0.0148	0.0075	0.831	0.9708
ch6m	l5m	0.0013	-0.0067	0.008	0.831	1.0113
ch6m	r10m	-0.0024	0.0013	-0.0037	0.831	0.9353
ch6m	r4m	-0.0023	-0.014	0.0117	0.831	0.9782
ch6m	r5m	0.0035	-0.024	0.0275	0.831	0.5851
ch6m	r8m	0.0018	-0.0211	0.0229	0.831	0.9367
ch6m	r9m	-0.0075	0.0147	-0.0222	0.831	0.7313
l1f	l1f	1.1098	0.1004	1.0094	1.0094	1.0094
l1f	l2f	-0.1108	-0.009	-0.1018	1.0094	1.0064
l1f	l3f	0.1753	0.0128	0.1625	1.0094	1.0446
l1f	l4f	-0.4973	-0.0648	-0.4325	1.0094	0.993
l1f	l5f	-0.2124	-0.0233	-0.1891	1.0094	1.0148
l1f	r10f	-0.0023	-0.0173	0.015	1.0094	0.8414
l1f	r4f	-0.0249	-0.0124	-0.0125	1.0094	0.9251
l1f	r5f	-0.003	0.013	-0.016	1.0094	0.7584
l1f	r8f	-0.0071	0.002	-0.0091	1.0094	0.9445
l1f	r9f	-0.0011	-0.02	0.0189	1.0094	0.7273
l1m	l1f	0.2185	0.0869	0.1316	0.9945	1.0094
l1m	l1m	1.0823	0.0878	0.9945	0.9945	0.9945
l1m	l2m	0.0078	0.0111	-0.0033	0.9945	1.0098
l1m	l3m	0.1521	0.0169	0.1352	0.9945	1.0446
l1m	l4m	-0.5185	-0.0549	-0.4636	0.9945	0.9708
l1m	l5m	-0.0898	-0.0086	-0.0812	0.9945	1.0113
l1m	r10m	-0.012	-0.006	-0.006	0.9945	0.9353
l1m	r4m	-0.0042	-0.0126	0.0084	0.9945	0.9782
l1m	r5m	-0.0125	0.0082	-0.0207	0.9945	0.5851
l1m	r8m	9e-04	-0.0031	0.004	0.9945	0.9367
l1m	r9m	-0.0074	-0.0125	0.0051	0.9945	0.7313
l2f	l2f	1.0735	0.0671	1.0064	1.0064	1.0064
l2f	l3f	0.9481	0.0607	0.8874	1.0064	1.0446
l2f	l4f	0.3506	0.0275	0.3231	1.0064	0.993
l2f	l5f	0.9071	0.0664	0.8407	1.0064	1.0148
l2f	r10f	-0.01	0.005	-0.015	1.0064	0.8414
l2f	r4f	0.0147	0.0046	0.0101	1.0064	0.9251
l2f	r5f	-0.008	-4e-04	-0.0076	1.0064	0.7584
l2f	r8f	-0.0091	6e-04	-0.0097	1.0064	0.9445
l2f	r9f	0.0131	-0.0086	0.0217	1.0064	0.7273
l2m	l2f	0.1644	0.0533	0.1111	1.0098	1.0064
l2m	l2m	1.0644	0.0546	1.0098	1.0098	1.0098
l2m	l3m	0.9486	0.0517	0.8969	1.0098	1.0446
l2m	l4m	0.2438	0.0081	0.2357	1.0098	0.9708
l2m	l5m	0.751	0.0503	0.7007	1.0098	1.0113
l2m	r10m	0.0028	0.0048	-0.002	1.0098	0.9353
l2m	r4m	-0.0049	0.003	-0.0079	1.0098	0.9782
l2m	r5m	-0.004	0.0101	-0.0141	1.0098	0.5851
l2m	r8m	0.017	0.0013	0.0157	1.0098	0.9367
l2m	r9m	0.0048	0.0041	0.000699999999999999	1.0098	0.7313
l3f	l3f	1.1126	0.068	1.0446	1.0446	1.0446
l3f	l4f	0.3777	0.0215	0.3562	1.0446	0.993
l3f	l5f	0.9099	0.0603	0.8496	1.0446	1.0148
l3f	r10f	-0.0119	0.0038	-0.0157	1.0446	0.8414
l3f	r4f	0.0069	0.0037	0.0032	1.0446	0.9251
l3f	r5f	-0.0098	0.0031	-0.0129	1.0446	0.7584
l3f	r8f	-0.0038	2e-04	-0.004	1.0446	0.9445
l3f	r9f	0.0155	-0.0147	0.0302	1.0446	0.7273
l3m	l3f	0.1993	0.0585	0.1408	1.0446	1.0446
l3m	l3m	1.1038	0.0592	1.0446	1.0446	1.0446
l3m	l4m	0.3828	0.0158	0.367	1.0446	0.9708
l3m	l5m	0.8056	0.0523	0.7533	1.0446	1.0113
l3m	r10m	0.0023	0.0063	-0.004	1.0446	0.9353
l3m	r4m	-0.0038	0.0035	-0.0073	1.0446	0.9782
l3m	r5m	0.0023	0.0094	-0.0071	1.0446	0.5851
l3m	r8m	0.017	0.0028	0.0142	1.0446	0.9367
l3m	r9m	9e-04	0.0031	-0.0022	1.0446	0.7313
l4f	l4f	1.0835	0.0905	0.993	0.993	0.993
l4f	l5f	0.506	0.0461	0.4599	0.993	1.0148
l4f	r10f	-0.0029	0.0189	-0.0218	0.993	0.8414
l4f	r4f	0.0244	0.0147	0.0097	0.993	0.9251
l4f	r5f	-0.0035	-0.0085	0.005	0.993	0.7584
l4f	r8f	0.0017	-6e-04	0.0023	0.993	0.9445
l4f	r9f	0.0089	-0.0026	0.0115	0.993	0.7273
l4m	l4f	0.1789	0.0796	0.0993	0.9708	0.993
l4m	l4m	1.0499	0.0791	0.9708	0.9708	0.9708
l4m	l5m	0.4096	0.0336	0.376	0.9708	1.0113
l4m	r10m	0.0118	0.011	8e-04	0.9708	0.9353
l4m	r4m	0.0066	0.0138	-0.0072	0.9708	0.9782
l4m	r5m	0.0094	-0.0019	0.0113	0.9708	0.5851
l4m	r8m	0.0121	0.0047	0.0074	0.9708	0.9367
l4m	r9m	0.0037	0.0094	-0.0057	0.9708	0.7313
l5f	l5f	1.0898	0.075	1.0148	1.0148	1.0148
l5f	r10f	-0.0068	0.007	-0.0138	1.0148	0.8414
l5f	r4f	0.0148	0.0087	0.0061	1.0148	0.9251
l5f	r5f	-0.0095	-0.0022	-0.0073	1.0148	0.7584
l5f	r8f	-0.0053	2e-04	-0.0055	1.0148	0.9445
l5f	r9f	0.0134	-0.0103	0.0237	1.0148	0.7273
l5m	l5f	0.153	0.0669	0.0861	1.0113	1.0148
l5m	l5m	1.0765	0.0652	1.0113	1.0113	1.0113
l5m	r10m	0.0079	-0.0011	0.009	1.0113	0.9353
l5m	r4m	-0.0025	0.0047	-0.0072	1.0113	0.9782
l5m	r5m	0.0028	-0.0029	0.0057	1.0113	0.5851
l5m	r8m	0.0124	0.0027	0.0097	1.0113	0.9367
l5m	r9m	0.0097	0.0082	0.0015	1.0113	0.7313
r10f	r10f	0.9685	0.1271	0.8414	0.8414	0.8414
r10f	r4f	0.0016	0.0674	-0.0658	0.8414	0.9251
r10f	r5f	0.0613	0.072	-0.0107	0.8414	0.7584
r10f	r8f	-0.001	0.0165	-0.0175	0.8414	0.9445
r10f	r9f	5e-04	-0.01	0.0105	0.8414	0.7273
r10m	r10f	0.0079	0.0854	-0.0775	0.9353	0.8414
r10m	r10m	1.0002	0.0649	0.9353	0.9353	0.9353
r10m	r4m	0.0017	0.0461	-0.0444	0.9353	0.9782
r10m	r5m	0.0537	0.0904	-0.0367	0.9353	0.5851
r10m	r8m	0.0014	0.0081	-0.0067	0.9353	0.9367
r10m	r9m	2e-04	0.0052	-0.005	0.9353	0.7313
r4f	r4f	0.9991	0.074	0.9251	0.9251	0.9251
r4f	r5f	0.0053	0.0671	-0.0618	0.9251	0.7584
r4f	r8f	0.0348	0.0186	0.0162	0.9251	0.9445
r4f	r9f	0.0057	0.001	0.0047	0.9251	0.7273
r4m	r4f	1.6531e-05	0.0522	-0.052183469	0.9782	0.9251
r4m	r4m	1.0185	0.0403	0.9782	0.9782	0.9782
r4m	r5m	1e-04	0.0476	-0.0475	0.9782	0.5851
r4m	r8m	0.026	0.0158	0.0102	0.9782	0.9367
r4m	r9m	0.0042	0.0082	-0.004	0.9782	0.7313
r5f	r5f	1.0586	0.3002	0.7584	0.7584	0.7584
r5f	r8f	0.003	0.0459	-0.0429	0.7584	0.9445
r5f	r9f	0.0029	-0.0121	0.015	0.7584	0.7273
r5m	r5f	0.0351	0.354	-0.3189	0.5851	0.7584
r5m	r5m	1.0069	0.4218	0.5851	0.5851	0.5851
r5m	r8m	0.012	0.0271	-0.0151	0.5851	0.9367
r5m	r9m	-0.0065	0.0342	-0.0407	0.5851	0.7313
r8f	r8f	0.9992	0.0547	0.9445	0.9445	0.9445
r8f	r9f	-0.0011	0.0158	-0.0169	0.9445	0.7273
r8m	r8f	0.0063	0.0493	-0.043	0.9367	0.9445
r8m	r8m	1.0045	0.0678	0.9367	0.9367	0.9367
r8m	r9m	0.0088	0.0177	-0.0089	0.9367	0.7313
r9f	r9f	1.0093	0.282	0.7273	0.7273	0.7273
r9m	r9f	-3e-04	0.2505	-0.2508	0.7313	0.7273
r9m	r9m	0.9935	0.2622	0.7313	0.7313	0.7313
