sid	id	Trait	uniqTrait	N	Ncontrol	Ncase	sex	source	uniqTrait_	sTrait	PMID	uniqValue	pair	pair_m_f	TYPE	pair_m_f_	pair_m_f_inv
100m	100	Pubertal growth  (atlas)	Pubertal growth	5043	NA	NA	male	atlas	Pubertal growth	Pubertal growth  (atlas) [male]	23449627	Pubertal growth  (atlas) 23449627	100m 99f	100m 99f	Developmental	100m:99f	99f:100m
105f	105	Tanner scale  (atlas)	Tanner scale	6147	NA	NA	female	atlas	Tanner scale	Tanner scale  (atlas) [female]	24770850	Tanner scale  (atlas) 24770850	105f 106m	106m 105f	Developmental	106m:105f	105f:106m
106m	106	Tanner scale  (atlas)	Tanner scale	3769	NA	NA	male	atlas	Tanner scale	Tanner scale  (atlas) [male]	24770850	Tanner scale  (atlas) 24770850	105f 106m	106m 105f	Developmental	106m:105f	105f:106m
1217m	1217	Alcohol consumption (dichotomous) (atlas)	Alcohol intake	26991	NA	NA	male	atlas	Alcohol intake	Alcohol consumption (dichotomous) (atlas) [male]	27911795	Alcohol consumption (dichotomous) (atlas) 27911795	1217m 1218f	1217m 1218f	Lifestyle	1217m:1218f	1218f:1217m
1218f	1218	Alcohol consumption (dichotomous) (atlas)	Alcohol intake	47720	NA	NA	female	atlas	Alcohol intake	Alcohol consumption (dichotomous) (atlas) [female]	27911795	Alcohol consumption (dichotomous) (atlas) 27911795	1217m 1218f	1217m 1218f	Lifestyle	1217m:1218f	1218f:1217m
126m	126	Height  (atlas)	Height	60588	NA	NA	male	atlas	Height	Height  (atlas) [male]	23754948	Height  (atlas) 23754948	126m 127f	126m 127f	Antropometric	126m:127f	127f:126m
127f	127	Height  (atlas)	Height	73072	NA	NA	female	atlas	Height	Height  (atlas) [female]	23754948	Height  (atlas) 23754948	126m 127f	126m 127f	Antropometric	126m:127f	127f:126m
136m	136	Weight  (atlas)	Weight	60016	NA	NA	male	atlas	Weight	Weight  (atlas) [male]	23754948	Weight  (atlas) 23754948	136m 137f	136m 137f	Antropometric	136m:137f	137f:136m
137f	137	Weight  (atlas)	Weight	72378	NA	NA	female	atlas	Weight	Weight  (atlas) [female]	23754948	Weight  (atlas) 23754948	136m 137f	136m 137f	Antropometric	136m:137f	137f:136m
144m	144	Body Mass Index  (atlas)	Body Mass Index	104666	NA	NA	male	atlas	Body Mass Index	Body Mass Index  (atlas) [male]	25673413	Body Mass Index  (atlas) 25673413	144m 145f	144m 145f	Antropometric	144m:145f	145f:144m
145f	145	Body Mass Index  (atlas)	Body Mass Index	132115	NA	NA	female	atlas	Body Mass Index	Body Mass Index  (atlas) [female]	25673413	Body Mass Index  (atlas) 25673413	144m 145f	144m 145f	Antropometric	144m:145f	145f:144m
151m	151	Waist-hip ratio (> 50 yrs, adjusted for BMI) (atlas)	Waist-hip ratio	74324	NA	NA	male	atlas	Waist-hip ratio	Waist-hip ratio (> 50 yrs, adjusted for BMI) (atlas) [male]	26426971	Waist-hip ratio (> 50 yrs, adjusted for BMI) (atlas) 26426971	151m 153f	151m 153f	Antropometric	151m:153f	153f:151m
152m	152	Waist-hip ratio (<= 50 yrs, adjusted for BMI) (atlas)	Waist-hip ratio	21989	NA	NA	male	atlas	Waist-hip ratio	Waist-hip ratio (<= 50 yrs, adjusted for BMI) (atlas) [male]	26426971	Waist-hip ratio (<= 50 yrs, adjusted for BMI) (atlas) 26426971	152m 154f	152m 154f	Antropometric	152m:154f	154f:152m
153f	153	Waist-hip ratio (> 50 yrs, adjusted for BMI) (atlas)	Waist-hip ratio	88625	NA	NA	female	atlas	Waist-hip ratio	Waist-hip ratio (> 50 yrs, adjusted for BMI) (atlas) [female]	26426971	Waist-hip ratio (> 50 yrs, adjusted for BMI) (atlas) 26426971	151m 153f	151m 153f	Antropometric	151m:153f	153f:151m
154f	154	Waist-hip ratio (<= 50 yrs, adjusted for BMI) (atlas)	Waist-hip ratio	41386	NA	NA	female	atlas	Waist-hip ratio	Waist-hip ratio (<= 50 yrs, adjusted for BMI) (atlas) [female]	26426971	Waist-hip ratio (<= 50 yrs, adjusted for BMI) (atlas) 26426971	152m 154f	152m 154f	Antropometric	152m:154f	154f:152m
157m	157	Hip circumference  (atlas)	Hip circumference	94790	NA	NA	male	atlas	Hip circumference	Hip circumference  (atlas) [male]	25673412	Hip circumference  (atlas) 25673412	157m 159f	157m 159f	Antropometric	157m:159f	159f:157m
159f	159	Hip circumference  (atlas)	Hip circumference	118528	NA	NA	female	atlas	Hip circumference	Hip circumference  (atlas) [female]	25673412	Hip circumference  (atlas) 25673412	157m 159f	157m 159f	Antropometric	157m:159f	159f:157m
163m	163	Hip circumference (adjusted for BMI) (atlas)	Hip circumference	93965	NA	NA	male	atlas	Hip circumference	Hip circumference (adjusted for BMI) (atlas) [male]	25673412	Hip circumference (adjusted for BMI) (atlas) 25673412	163m 165f	163m 165f	Antropometric	163m:165f	165f:163m
165f	165	Hip circumference (adjusted for BMI) (atlas)	Hip circumference	117340	NA	NA	female	atlas	Hip circumference	Hip circumference (adjusted for BMI) (atlas) [female]	25673412	Hip circumference (adjusted for BMI) (atlas) 25673412	163m 165f	163m 165f	Antropometric	163m:165f	165f:163m
169m	169	Waist circumference  (atlas)	Waist circumference	104406	NA	NA	male	atlas	Waist circumference	Waist circumference  (atlas) [male]	25673412	Waist circumference  (atlas) 25673412	169m 171f	169m 171f	Antropometric	169m:171f	171f:169m
171f	171	Waist circumference  (atlas)	Waist circumference	127998	NA	NA	female	atlas	Waist circumference	Waist circumference  (atlas) [female]	25673412	Waist circumference  (atlas) 25673412	169m 171f	169m 171f	Antropometric	169m:171f	171f:169m
175m	175	Waist circumference (adjusted for BMI) (atlas)	Waist circumference	104079	NA	NA	male	atlas	Waist circumference	Waist circumference (adjusted for BMI) (atlas) [male]	25673412	Waist circumference (adjusted for BMI) (atlas) 25673412	175m 177f	175m 177f	Antropometric	175m:177f	177f:175m
177f	177	Waist circumference (adjusted for BMI) (atlas)	Waist circumference	127470	NA	NA	female	atlas	Waist circumference	Waist circumference (adjusted for BMI) (atlas) [female]	25673412	Waist circumference (adjusted for BMI) (atlas) 25673412	175m 177f	175m 177f	Antropometric	175m:177f	177f:175m
181m	181	Waist-hip ratio  (atlas)	Waist-hip ratio	94434	NA	NA	male	atlas	Waist-hip ratio	Waist-hip ratio  (atlas) [male]	25673412	Waist-hip ratio  (atlas) 25673412	181m 183f	181m 183f	Antropometric	181m:183f	183f:181m
183f	183	Waist-hip ratio  (atlas)	Waist-hip ratio	118004	NA	NA	female	atlas	Waist-hip ratio	Waist-hip ratio  (atlas) [female]	25673412	Waist-hip ratio  (atlas) 25673412	181m 183f	181m 183f	Antropometric	181m:183f	183f:181m
187m	187	Waist-hip ratio (adjusted for BMI) (atlas)	Waist-hip ratio	93480	NA	NA	male	atlas	Waist-hip ratio	Waist-hip ratio (adjusted for BMI) (atlas) [male]	25673412	Waist-hip ratio (adjusted for BMI) (atlas) 25673412	187m 189f	187m 189f	Antropometric	187m:189f	189f:187m
189f	189	Waist-hip ratio (adjusted for BMI) (atlas)	Waist-hip ratio	116742	NA	NA	female	atlas	Waist-hip ratio	Waist-hip ratio (adjusted for BMI) (atlas) [female]	25673412	Waist-hip ratio (adjusted for BMI) (atlas) 25673412	187m 189f	187m 189f	Antropometric	187m:189f	189f:187m
3958m	3958	Antisocial behavior  (atlas)	Antisocial behavior	8535	NA	NA	male	atlas	Antisocial behavior	Antisocial behavior  (atlas) [male]	28979981	Antisocial behavior  (atlas) 28979981	3958m 3959f	3958m 3959f	Behavioural	3958m:3959f	3959f:3958m
3959f	3959	Antisocial behavior  (atlas)	Antisocial behavior	7772	NA	NA	female	atlas	Antisocial behavior	Antisocial behavior  (atlas) [female]	28979981	Antisocial behavior  (atlas) 28979981	3958m 3959f	3958m 3959f	Behavioural	3958m:3959f	3959f:3958m
4212m	4212	Glycine level  (atlas)	Glycine	19112	NA	NA	male	atlas	Glycine	Glycine level  (atlas) [male]	31070104	Glycine level  (atlas) 31070104	4212m 4213f	4212m 4213f	Metabolic	4212m:4213f	4213f:4212m
4213f	4213	Glycine level  (atlas)	Glycine	11006	NA	NA	female	atlas	Glycine	Glycine level  (atlas) [female]	31070104	Glycine level  (atlas) 31070104	4212m 4213f	4212m 4213f	Metabolic	4212m:4213f	4213f:4212m
4370m	4370	Thyroid-stimulating hormone  (atlas)	Thyroid stimulating hormone	24618	NA	NA	male	atlas	Thyroid stimulating hormone	Thyroid-stimulating hormone  (atlas) [male]	30367059	Thyroid-stimulating hormone  (atlas) 30367059	4370m 4371f	4370m 4371f	Metabolic	4370m:4371f	4371f:4370m
4371f	4371	Thyroid-stimulating hormone  (atlas)	Thyroid stimulating hormone	30236	NA	NA	female	atlas	Thyroid stimulating hormone	Thyroid-stimulating hormone  (atlas) [female]	30367059	Thyroid-stimulating hormone  (atlas) 30367059	4370m 4371f	4370m 4371f	Metabolic	4370m:4371f	4371f:4370m
4373m	4373	Free thyroxine (FT4) (atlas)	Free thyroxine	22455	NA	NA	male	atlas	Free thyroxine	Free thyroxine (FT4) (atlas) [male]	30367059	Free thyroxine (FT4) (atlas) 30367059	4373m 4374f	4373m 4374f	Metabolic	4373m:4374f	4374f:4373m
4374f	4374	Free thyroxine (FT4) (atlas)	Free thyroxine	27380	NA	NA	female	atlas	Free thyroxine	Free thyroxine (FT4) (atlas) [female]	30367059	Free thyroxine (FT4) (atlas) 30367059	4373m 4374f	4373m 4374f	Metabolic	4373m:4374f	4374f:4373m
48f	48	Age at first birth  (atlas)	Age at first birth	225230	NA	NA	female	atlas	Age at first birth	Age at first birth  (atlas) [female]	27798627	Age at first birth  (atlas) 27798627	48f 49m	49m 48f	Fertility	49m:48f	48f:49m
49m	49	Age at first birth  (atlas)	Age at first birth	48408	NA	NA	male	atlas	Age at first birth	Age at first birth  (atlas) [male]	27798627	Age at first birth  (atlas) 27798627	48f 49m	49m 48f	Fertility	49m:48f	48f:49m
51f	51	Number of children ever born  (atlas)	Number of children ever born	225230	NA	NA	female	atlas	Number of children ever born	Number of children ever born  (atlas) [female]	27798627	Number of children ever born  (atlas) 27798627	51f 52m	52m 51f	Fertility	52m:51f	51f:52m
52m	52	Number of children ever born  (atlas)	Number of children ever born	103909	NA	NA	male	atlas	Number of children ever born	Number of children ever born  (atlas) [male]	27798627	Number of children ever born  (atlas) 27798627	51f 52m	52m 51f	Fertility	52m:51f	51f:52m
96f	96	Height SDS (at age 10) (atlas)	Height SDS	6974	NA	NA	female	atlas	Height SDS	Height SDS (at age 10) (atlas) [female]	23449627	Height SDS (atlas) 23449627	96f 97m	97m 96f	Antropometric	97m:96f	96f:97m
97m	97	Height SDS (at age 12) (atlas)	Height SDS	6986	NA	NA	male	atlas	Height SDS	Height SDS (at age 12) (atlas) [male]	23449627	Height SDS (atlas) 23449627	96f 97m	97m 96f	Antropometric	97m:96f	96f:97m
99f	99	Pubertal growth  (atlas)	Pubertal growth	5756	NA	NA	female	atlas	Pubertal growth	Pubertal growth  (atlas) [female]	23449627	Pubertal growth  (atlas) 23449627	100m 99f	100m 99f	Developmental	100m:99f	99f:100m
ADr1uf	ADr1u	Alzheimer's Disease (requested)	Alzheimer's Disease	352074	327486	24588	female	requested	Alzheimer's Disease	Alzheimer's Disease (requested) [female]	NA	Alzheimer's Disease (requested) NA	ADr1uf ADr1um	ADr1um ADr1uf	Disease	ADr1um:ADr1uf	ADr1uf:ADr1um
ADr1um	ADr1u	Alzheimer's Disease (requested)	Alzheimer's Disease	286959	268018	18941	male	requested	Alzheimer's Disease	Alzheimer's Disease (requested) [male]	NA	Alzheimer's Disease (requested) NA	ADr1uf ADr1um	ADr1um ADr1uf	Disease	ADr1um:ADr1uf	ADr1uf:ADr1um
H26_f	H26	Diagnoses - main ICD10: H26 Other cataract (neales)	Diagnoses - main ICD10: H26 Other cataract	194174	187980	6194	female	neales	Diagnoses - main ICD10: H26 Other cataract	Diagnoses - main ICD10: H26 Other cataract (neales) [female]	NA	Diagnoses - main ICD10: H26 Other cataract (neales) NA	H26_f H26_m	H26_m H26_f	Disease	H26_m:H26_f	H26_f:H26_m
H26_m	H26	Diagnoses - main ICD10: H26 Other cataract (neales)	Diagnoses - main ICD10: H26 Other cataract	167020	161908	5112	male	neales	Diagnoses - main ICD10: H26 Other cataract	Diagnoses - main ICD10: H26 Other cataract (neales) [male]	NA	Diagnoses - main ICD10: H26 Other cataract (neales) NA	H26_f H26_m	H26_m H26_f	Disease	H26_m:H26_f	H26_f:H26_m
I84_f	I84	Diagnoses - main ICD10: I84 Haemorrhoids (neales)	Diagnoses - main ICD10: I84 Haemorrhoids	194174	188131	6043	female	neales	Diagnoses - main ICD10: I84 Haemorrhoids	Diagnoses - main ICD10: I84 Haemorrhoids (neales) [female]	NA	Diagnoses - main ICD10: I84 Haemorrhoids (neales) NA	I84_f I84_m	I84_m I84_f	Disease	I84_m:I84_f	I84_f:I84_m
I84_m	I84	Diagnoses - main ICD10: I84 Haemorrhoids (neales)	Diagnoses - main ICD10: I84 Haemorrhoids	167020	160961	6059	male	neales	Diagnoses - main ICD10: I84 Haemorrhoids	Diagnoses - main ICD10: I84 Haemorrhoids (neales) [male]	NA	Diagnoses - main ICD10: I84 Haemorrhoids (neales) NA	I84_f I84_m	I84_m I84_f	Disease	I84_m:I84_f	I84_f:I84_m
K29_f	K29	Diagnoses - main ICD10: K29 Gastritis and duodenitis (neales)	Diagnoses - main ICD10: K29 Gastritis and duodenitis	194174	187011	7163	female	neales	Diagnoses - main ICD10: K29 Gastritis and duodenitis	Diagnoses - main ICD10: K29 Gastritis and duodenitis (neales) [female]	NA	Diagnoses - main ICD10: K29 Gastritis and duodenitis (neales) NA	K29_f K29_m	K29_m K29_f	Disease	K29_m:K29_f	K29_f:K29_m
K29_m	K29	Diagnoses - main ICD10: K29 Gastritis and duodenitis (neales)	Diagnoses - main ICD10: K29 Gastritis and duodenitis	167020	161505	5515	male	neales	Diagnoses - main ICD10: K29 Gastritis and duodenitis	Diagnoses - main ICD10: K29 Gastritis and duodenitis (neales) [male]	NA	Diagnoses - main ICD10: K29 Gastritis and duodenitis (neales) NA	K29_f K29_m	K29_m K29_f	Disease	K29_m:K29_f	K29_f:K29_m
K57_f	K57	Diagnoses - main ICD10: K57 Diverticular disease of intestine (neales)	Diagnoses - main ICD10: K57 Diverticular disease of intestine	194174	187183	6991	female	neales	Diagnoses - main ICD10: K57 Diverticular disease of intestine	Diagnoses - main ICD10: K57 Diverticular disease of intestine (neales) [female]	NA	Diagnoses - main ICD10: K57 Diverticular disease of intestine (neales) NA	K57_f K57_m	K57_m K57_f	Disease	K57_m:K57_f	K57_f:K57_m
K57_m	K57	Diagnoses - main ICD10: K57 Diverticular disease of intestine (neales)	Diagnoses - main ICD10: K57 Diverticular disease of intestine	167020	161349	5671	male	neales	Diagnoses - main ICD10: K57 Diverticular disease of intestine	Diagnoses - main ICD10: K57 Diverticular disease of intestine (neales) [male]	NA	Diagnoses - main ICD10: K57 Diverticular disease of intestine (neales) NA	K57_f K57_m	K57_m K57_f	Disease	K57_m:K57_f	K57_f:K57_m
K62_f	K62	Diagnoses - main ICD10: K62 Other diseases of anus and rectum (neales)	Diagnoses - main ICD10: K62 Other diseases of anus and rectum	194174	186988	7186	female	neales	Diagnoses - main ICD10: K62 Other diseases of anus and rectum	Diagnoses - main ICD10: K62 Other diseases of anus and rectum (neales) [female]	NA	Diagnoses - main ICD10: K62 Other diseases of anus and rectum (neales) NA	K62_f K62_m	K62_m K62_f	Disease	K62_m:K62_f	K62_f:K62_m
K62_m	K62	Diagnoses - main ICD10: K62 Other diseases of anus and rectum (neales)	Diagnoses - main ICD10: K62 Other diseases of anus and rectum	167020	160324	6696	male	neales	Diagnoses - main ICD10: K62 Other diseases of anus and rectum	Diagnoses - main ICD10: K62 Other diseases of anus and rectum (neales) [male]	NA	Diagnoses - main ICD10: K62 Other diseases of anus and rectum (neales) NA	K62_f K62_m	K62_m K62_f	Disease	K62_m:K62_f	K62_f:K62_m
M17_f	M17	Diagnoses - main ICD10: M17 Gonarthrosis [arthrosis of knee] (neales)	Diagnoses - main ICD10: M17 Gonarthrosis [arthrosis of knee]	194174	188346	5828	female	neales	Diagnoses - main ICD10: M17 Gonarthrosis [arthrosis of knee]	Diagnoses - main ICD10: M17 Gonarthrosis [arthrosis of knee] (neales) [female]	NA	Diagnoses - main ICD10: M17 Gonarthrosis [arthrosis of knee] (neales) NA	M17_f M17_m	M17_m M17_f	Disease	M17_m:M17_f	M17_f:M17_m
M17_m	M17	Diagnoses - main ICD10: M17 Gonarthrosis [arthrosis of knee] (neales)	Diagnoses - main ICD10: M17 Gonarthrosis [arthrosis of knee]	167020	161351	5669	male	neales	Diagnoses - main ICD10: M17 Gonarthrosis [arthrosis of knee]	Diagnoses - main ICD10: M17 Gonarthrosis [arthrosis of knee] (neales) [male]	NA	Diagnoses - main ICD10: M17 Gonarthrosis [arthrosis of knee] (neales) NA	M17_f M17_m	M17_m M17_f	Disease	M17_m:M17_f	M17_f:M17_m
M23_f	M23	Diagnoses - main ICD10: M23 Internal derangement of knee (neales)	Diagnoses - main ICD10: M23 Internal derangement of knee	194174	189167	5007	female	neales	Diagnoses - main ICD10: M23 Internal derangement of knee	Diagnoses - main ICD10: M23 Internal derangement of knee (neales) [female]	NA	Diagnoses - main ICD10: M23 Internal derangement of knee (neales) NA	M23_f M23_m	M23_m M23_f	Disease	M23_m:M23_f	M23_f:M23_m
M23_m	M23	Diagnoses - main ICD10: M23 Internal derangement of knee (neales)	Diagnoses - main ICD10: M23 Internal derangement of knee	167020	160196	6824	male	neales	Diagnoses - main ICD10: M23 Internal derangement of knee	Diagnoses - main ICD10: M23 Internal derangement of knee (neales) [male]	NA	Diagnoses - main ICD10: M23 Internal derangement of knee (neales) NA	M23_f M23_m	M23_m M23_f	Disease	M23_m:M23_f	M23_f:M23_m
R07_f	R07	Diagnoses - main ICD10: R07 Pain in throat and chest (neales)	Diagnoses - main ICD10: R07 Pain in throat and chest	194174	182027	12147	female	neales	Diagnoses - main ICD10: R07 Pain in throat and chest	Diagnoses - main ICD10: R07 Pain in throat and chest (neales) [female]	NA	Diagnoses - main ICD10: R07 Pain in throat and chest (neales) NA	R07_f R07_m	R07_m R07_f	Disease	R07_m:R07_f	R07_f:R07_m
R07_m	R07	Diagnoses - main ICD10: R07 Pain in throat and chest (neales)	Diagnoses - main ICD10: R07 Pain in throat and chest	167020	154637	12383	male	neales	Diagnoses - main ICD10: R07 Pain in throat and chest	Diagnoses - main ICD10: R07 Pain in throat and chest (neales) [male]	NA	Diagnoses - main ICD10: R07 Pain in throat and chest (neales) NA	R07_f R07_m	R07_m R07_f	Disease	R07_m:R07_f	R07_f:R07_m
R10_f	R10	Diagnoses - main ICD10: R10 Abdominal and pelvic pain (neales)	Diagnoses - main ICD10: R10 Abdominal and pelvic pain	194174	181146	13028	female	neales	Diagnoses - main ICD10: R10 Abdominal and pelvic pain	Diagnoses - main ICD10: R10 Abdominal and pelvic pain (neales) [female]	NA	Diagnoses - main ICD10: R10 Abdominal and pelvic pain (neales) NA	R10_f R10_m	R10_m R10_f	Disease	R10_m:R10_f	R10_f:R10_m
R10_m	R10	Diagnoses - main ICD10: R10 Abdominal and pelvic pain (neales)	Diagnoses - main ICD10: R10 Abdominal and pelvic pain	167020	159808	7212	male	neales	Diagnoses - main ICD10: R10 Abdominal and pelvic pain	Diagnoses - main ICD10: R10 Abdominal and pelvic pain (neales) [male]	NA	Diagnoses - main ICD10: R10 Abdominal and pelvic pain (neales) NA	R10_f R10_m	R10_m R10_f	Disease	R10_m:R10_f	R10_f:R10_m
a13f	a13	Cardiovascular disease (requested)	Cardiovascular disease	333496	310499	22997	female	requested	Cardiovascular disease	Cardiovascular disease (requested) [female]	36474045	Cardiovascular disease (requested) 36474045	a13f a13m	a13m a13f	Disease	a13m:a13f	a13f:a13m
a13m	a13	Cardiovascular disease (requested)	Cardiovascular disease	294536	240453	54083	male	requested	Cardiovascular disease	Cardiovascular disease (requested) [male]	36474045	Cardiovascular disease (requested) 36474045	a13f a13m	a13m a13f	Disease	a13m:a13f	a13f:a13m
a1f	a1	Insomnia (requested)	Insomnia	208958	141982	66976	female	requested	Insomnia	Insomnia (requested) [female]	35835914	Insomnia (requested) 35835914	a1f a1m	a1m a1f	Disease	a1m:a1f	a1f:a1m
a1m	a1	Insomnia (requested)	Insomnia	178030	135458	42572	male	requested	Insomnia	Insomnia (requested) [male]	35835914	Insomnia (requested) 35835914	a1f a1m	a1m a1f	Disease	a1m:a1f	a1f:a1m
a21f	a21	Grip strength measurement/ Muscle weakness (requested)	Grip strength measurement/ Muscle weakness	135468	100879	34589	female	requested	Grip strength measurement/ Muscle weakness	Grip strength measurement/ Muscle weakness (requested) [female]	33510174	Grip strength measurement/ Muscle weakness (requested) 33510174	a21f a21m	a21m a21f	Trait	a21m:a21f	a21f:a21m
a21m	a21	Grip strength measurement/ Muscle weakness (requested)	Grip strength measurement/ Muscle weakness	121055	107048	14007	male	requested	Grip strength measurement/ Muscle weakness	Grip strength measurement/ Muscle weakness (requested) [male]	33510174	Grip strength measurement/ Muscle weakness (requested) 33510174	a21f a21m	a21m a21f	Trait	a21m:a21f	a21f:a21m
a22f	a22	Snoring (requested)	Snoring	218346	156554	61792	female	requested	Snoring	Snoring (requested) [female]	32060260	Snoring (requested) 32060260	a22f a22m	a22m a22f	Disease	a22m:a22f	a22f:a22m
a22m	a22	Snoring (requested)	Snoring	189971	99165	90806	male	requested	Snoring	Snoring (requested) [male]	32060260	Snoring (requested) 32060260	a22f a22m	a22m a22f	Disease	a22m:a22f	a22f:a22m
a27f	a27	Fasting glucose (requested)	Fasting glucose	73089	NA	NA	female	requested	Fasting glucose	Fasting glucose (requested) [female]	33402679	Fasting glucose (requested) 33402679	a27f a27m	a27m a27f	Metabolic	a27m:a27f	a27f:a27m
a27m	a27	Fasting glucose (requested)	Fasting glucose	67506	NA	NA	male	requested	Fasting glucose	Fasting glucose (requested) [male]	33402679	Fasting glucose (requested) 33402679	a27f a27m	a27m a27f	Metabolic	a27m:a27f	a27f:a27m
a28f	a28	Fasting insulin (requested)	Fasting insulin	50404	NA	NA	female	requested	Fasting insulin	Fasting insulin (requested) [female]	33402679	Fasting insulin (requested) 33402679	a28f a28m	a28m a28f	Metabolic	a28m:a28f	a28f:a28m
a28m	a28	Fasting insulin (requested)	Fasting insulin	47806	NA	NA	male	requested	Fasting insulin	Fasting insulin (requested) [male]	33402679	Fasting insulin (requested) 33402679	a28f a28m	a28m a28f	Metabolic	a28m:a28f	a28f:a28m
a29f	a29	Multisite chronic pain (requested)	Multisite chronic pain	206093	NA	NA	female	requested	Multisite chronic pain	Multisite chronic pain (requested) [female]	33830993	Multisite chronic pain (requested) 33830993	a29f a29m	a29m a29f	Disease	a29m:a29f	a29f:a29m
a29m	a29	Multisite chronic pain (requested)	Multisite chronic pain	178556	NA	NA	male	requested	Multisite chronic pain	Multisite chronic pain (requested) [male]	33830993	Multisite chronic pain (requested) 33830993	a29f a29m	a29m a29f	Disease	a29m:a29f	a29f:a29m
a30f	a30	Educational attainment (requested)	Educational attainment	122427	NA	NA	female	requested	Educational attainment	Educational attainment (requested) [female]	27225129	Educational attainment (requested) 27225129	a30f a30m	a30m a30f	Behavioural	a30m:a30f	a30f:a30m
a30m	a30	Educational attainment (requested)	Educational attainment	95140	NA	NA	male	requested	Educational attainment	Educational attainment (requested) [male]	27225129	Educational attainment (requested) 27225129	a30f a30m	a30m a30f	Behavioural	a30m:a30f	a30f:a30m
a3f	a3	Broad antisocial behaviour (requested)	Broad antisocial behaviour	26895	NA	NA	female	requested	Broad antisocial behaviour	Broad antisocial behaviour (requested) [female]	36284158	Broad antisocial behaviour (requested) 36284158	a3f a3m	a3m a3f	Behavioural	a3m:a3f	a3f:a3m
a3m	a3	Broad antisocial behaviour (requested)	Broad antisocial behaviour	22322	NA	NA	male	requested	Broad antisocial behaviour	Broad antisocial behaviour (requested) [male]	36284158	Broad antisocial behaviour (requested) 36284158	a3f a3m	a3m a3f	Behavioural	a3m:a3f	a3f:a3m
a7f	a7	Parkinson's disease (requested)	Parkinson's disease	98609	90662	7947	female	requested	Parkinson's disease	Parkinson's disease (requested) [female]	33901317	Parkinson's disease (requested) 33901317	a7f a7m	a7m a7f	Disease	a7m:a7f	a7f:a7m
a7m	a7	Parkinson's disease (requested)	Parkinson's disease	102680	89660	13020	male	requested	Parkinson's disease	Parkinson's disease (requested) [male]	33901317	Parkinson's disease (requested) 33901317	a7f a7m	a7m a7f	Disease	a7m:a7f	a7f:a7m
a8f	a8	Type 2 diabetes (requested)	Type 2 diabetes	464389	434336	30053	female	requested	Type 2 diabetes	Type 2 diabetes (requested) [female]	30297969	Type 2 diabetes (requested) 30297969	a8f a8m	a8m a8f	Disease	a8m:a8f	a8f:a8m
a8m	a8	Type 2 diabetes (requested)	Type 2 diabetes	425613	383767	41846	male	requested	Type 2 diabetes	Type 2 diabetes (requested) [male]	30297969	Type 2 diabetes (requested) 30297969	a8f a8m	a8m a8f	Disease	a8m:a8f	a8f:a8m
a9f	a9	ADHD (requested)	ADHD	21191	16246	4945	female	requested	ADHD	ADHD (requested) [female]	29325848	ADHD (requested) 29325848	a9f a9m	a9m a9f	Disease	a9m:a9f	a9f:a9m
a9m	a9	ADHD (requested)	ADHD	32102	17948	14154	male	requested	ADHD	ADHD (requested) [male]	29325848	ADHD (requested) 29325848	a9f a9m	a9m a9f	Disease	a9m:a9f	a9f:a9m
bm1f	GCST90431455	Left PoI GM thikness (requested)	Left PoI GM thikness	16057	NA	NA	female	requested	Left PoI GM thikness	Left PoI GM thikness (requested) [female]	NA	Left PoI GM thikness (requested) NA	bm1f bm1m	bm1m bm1f	Anatomical	bm1m:bm1f	bm1f:bm1m
bm1m	GCST90431815	Left PoI GM thikness (requested)	Left PoI GM thikness	14341	NA	NA	male	requested	Left PoI GM thikness	Left PoI GM thikness (requested) [male]	NA	Left PoI GM thikness (requested) NA	bm1f bm1m	bm1m bm1f	Anatomical	bm1m:bm1f	bm1f:bm1m
bm2f	GCST90429884	Left 5m area (requested)	Left 5m area	15838	NA	NA	female	requested	Left 5m area	Left 5m area (requested) [female]	NA	Left 5m area (requested) NA	bm2f bm2m	bm2m bm2f	Anatomical	bm2m:bm2f	bm2f:bm2m
bm2m	GCST90430244	Left 5m area (requested)	Left 5m area	14183	NA	NA	male	requested	Left 5m area	Left 5m area (requested) [male]	NA	Left 5m area (requested) NA	bm2f bm2m	bm2m bm2f	Anatomical	bm2m:bm2f	bm2f:bm2m
bm3f	GCST90430588	Left LO1 GMV (requested)	Left LO1 GMV	15771	NA	NA	female	requested	Left LO1 GMV	Left LO1 GMV (requested) [female]	NA	Left LO1 GMV (requested) NA	bm3f bm3m	bm3m bm3f	Anatomical	bm3m:bm3f	bm3f:bm3m
bm3m	GCST90430948	Left LO1 GMV (requested)	Left LO1 GMV	14087	NA	NA	male	requested	Left LO1 GMV	Left LO1 GMV (requested) [male]	NA	Left LO1 GMV (requested) NA	bm3f bm3m	bm3m bm3f	Anatomical	bm3m:bm3f	bm3f:bm3m
bm4f	GCST90429850	Left MST area (requested)	Left MST area	15838	NA	NA	female	requested	Left MST area	Left MST area (requested) [female]	NA	Left MST area (requested) NA	bm4f bm4m	bm4m bm4f	Anatomical	bm4m:bm4f	bm4f:bm4m
bm4m	GCST90430210	Left MST area (requested)	Left MST area	14183	NA	NA	male	requested	Left MST area	Left MST area (requested) [male]	NA	Left MST area (requested) NA	bm4f bm4m	bm4m bm4f	Anatomical	bm4m:bm4f	bm4f:bm4m
bm5f	GCST90432012	Left Caudate (requested)	Left Caudate	15831	NA	NA	female	requested	Left Caudate	Left Caudate (requested) [female]	NA	Left Caudate (requested) NA	bm5f bm5m	bm5m bm5f	Anatomical	bm5m:bm5f	bm5f:bm5m
bm5m	GCST90432035	Left Caudate (requested)	Left Caudate	14071	NA	NA	male	requested	Left Caudate	Left Caudate (requested) [male]	NA	Left Caudate (requested) NA	bm5f bm5m	bm5m bm5f	Anatomical	bm5m:bm5f	bm5f:bm5m
bm6f	GCST90432013	Left Putamen (requested)	Left Putamen	15831	NA	NA	female	requested	Left Putamen	Left Putamen (requested) [female]	NA	Left Putamen (requested) NA	bm6f bm6m	bm6m bm6f	Anatomical	bm6m:bm6f	bm6f:bm6m
bm6m	GCST90432036	Left Putamen (requested)	Left Putamen	14071	NA	NA	male	requested	Left Putamen	Left Putamen (requested) [male]	NA	Left Putamen (requested) NA	bm6f bm6m	bm6m bm6f	Anatomical	bm6m:bm6f	bm6f:bm6m
bm7f	GCST90432022	Right Putamen (requested)	Right Putamen	15831	NA	NA	female	requested	Right Putamen	Right Putamen (requested) [female]	NA	Right Putamen (requested) NA	bm7f bm7m	bm7m bm7f	Anatomical	bm7m:bm7f	bm7f:bm7m
bm7m	GCST90432045	Right Putamen (requested)	Right Putamen	14071	NA	NA	male	requested	Right Putamen	Right Putamen (requested) [male]	NA	Right Putamen (requested) NA	bm7f bm7m	bm7m bm7f	Anatomical	bm7m:bm7f	bm7f:bm7m
bm8f	GCST90432029	CC Central (requested)	CC Central	15831	NA	NA	female	requested	CC Central	CC Central (requested) [female]	NA	CC Central (requested) NA	bm8f bm8m	bm8m bm8f	Anatomical	bm8m:bm8f	bm8f:bm8m
bm8m	GCST90432052	CC Central (requested)	CC Central	14071	NA	NA	male	requested	CC Central	CC Central (requested) [male]	NA	CC Central (requested) NA	bm8f bm8m	bm8m bm8f	Anatomical	bm8m:bm8f	bm8f:bm8m
c1f	c1	Hematologic Malignancies (requested)	Hematologic Malignancies	37800	36780	1020	female	requested	Hematologic Malignancies	Hematologic Malignancies (requested) [female]	36635305	Hematologic Malignancies (requested) 36635305	c1f c1m	c1m c1f	Disease	c1m:c1f	c1f:c1m
c1m	c2	Hematologic Malignancies (requested)	Hematologic Malignancies	32276	30710	1566	male	requested	Hematologic Malignancies	Hematologic Malignancies (requested) [male]	36635305	Hematologic Malignancies (requested) 36635305	c1f c1m	c1m c1f	Disease	c1m:c1f	c1f:c1m
c2f	c2	Lung Cancer (requested)	Lung Cancer	38009	36780	1229	female	requested	Lung Cancer	Lung Cancer (requested) [female]	36635305	Lung Cancer (requested) 36635305	c2f c2m	c2m c2f	Disease	c2m:c2f	c2f:c2m
c2m	c2	Lung Cancer (requested)	Lung Cancer	32463	30710	1753	male	requested	Lung Cancer	Lung Cancer (requested) [male]	36635305	Lung Cancer (requested) 36635305	c2f c2m	c2m c2f	Disease	c2m:c2f	c2f:c2m
c3f	c3	Colorectal Cancer (requested)	Colorectal Cancer	37719	36780	939	female	requested	Colorectal Cancer	Colorectal Cancer (requested) [female]	36635305	Colorectal Cancer (requested) 36635305	c3f c3m	c3m c3f	Disease	c3m:c3f	c3f:c3m
c3m	c3	Colorectal Cancer (requested)	Colorectal Cancer	31836	30710	1126	male	requested	Colorectal Cancer	Colorectal Cancer (requested) [male]	36635305	Colorectal Cancer (requested) 36635305	c3f c3m	c3m c3f	Disease	c3m:c3f	c3f:c3m
ef_1707-0.0	1707-0.0	Handedness (chirality/laterality) (elena)	Handedness (chirality/laterality)	242204	221128	21076	female	elena	Handedness (chirality/laterality)	Handedness (chirality/laterality) (elena) [female]	NA	Handedness (chirality/laterality) (elena) NA	ef_1707-0.0 em_1707-0.0	em_1707-0.0 ef_1707-0.0	Trait	em_1707-0.0:ef_1707-0.0	ef_1707-0.0:em_1707-0.0
ef_cancer_c_Block_C15-C26	cancer_c_Block_C15-C26	C15-C26 Malignant neoplasms of digestive organs (elena)	C15-C26 Malignant neoplasms of digestive organs	245494	242986	2508	female	elena	C15-C26 Malignant neoplasms of digestive organs	C15-C26 Malignant neoplasms of digestive organs (elena) [female]	NA	C15-C26 Malignant neoplasms of digestive organs (elena) NA	ef_cancer_c_Block_C15-C26 em_cancer_c_Block_C15-C26	em_cancer_c_Block_C15-C26 ef_cancer_c_Block_C15-C26	Disease	em_cancer_c_Block_C15-C26:ef_cancer_c_Block_C15-C26	ef_cancer_c_Block_C15-C26:em_cancer_c_Block_C15-C26
ef_cancer_c_Block_C43-C44	cancer_c_Block_C43-C44	C43-C44 Melanoma and other malignant neoplasms of skin (elena)	C43-C44 Melanoma and other malignant neoplasms of skin	245494	236779	8715	female	elena	C43-C44 Melanoma and other malignant neoplasms of skin	C43-C44 Melanoma and other malignant neoplasms of skin (elena) [female]	NA	C43-C44 Melanoma and other malignant neoplasms of skin (elena) NA	ef_cancer_c_Block_C43-C44 em_cancer_c_Block_C43-C44	em_cancer_c_Block_C43-C44 ef_cancer_c_Block_C43-C44	Disease	em_cancer_c_Block_C43-C44:ef_cancer_c_Block_C43-C44	ef_cancer_c_Block_C43-C44:em_cancer_c_Block_C43-C44
ef_cancer_c_Block_C81-C96	cancer_c_Block_C81-C96	C81-C96 Malignant neoplasms, stated or presumed to be primary, of lymphoid, haematopoietic and related tissue (elena)	C81-C96 Malignant neoplasms, stated or presumed to be primary, of lymphoid, haematopoietic and related tissue	245494	244191	1303	female	elena	C81-C96 Malignant neoplasms, stated or presumed to be primary, of lymphoid, haematopoietic and related tissue	C81-C96 Malignant neoplasms, stated or presumed to be primary, of lymphoid, haematopoietic and related tissue (elena) [female]	NA	C81-C96 Malignant neoplasms, stated or presumed to be primary, of lymphoid, haematopoietic and related tissue (elena) NA	ef_cancer_c_Block_C81-C96 em_cancer_c_Block_C81-C96	em_cancer_c_Block_C81-C96 ef_cancer_c_Block_C81-C96	Disease	em_cancer_c_Block_C81-C96:ef_cancer_c_Block_C81-C96	ef_cancer_c_Block_C81-C96:em_cancer_c_Block_C81-C96
ef_cancer_c_C18	cancer_c_C18	C18 Malignant neoplasm of colon (elena)	C18 Malignant neoplasm of colon	245494	244309	1185	female	elena	C18 Malignant neoplasm of colon	C18 Malignant neoplasm of colon (elena) [female]	NA	C18 Malignant neoplasm of colon (elena) NA	ef_cancer_c_C18 em_cancer_c_C18	em_cancer_c_C18 ef_cancer_c_C18	Disease	em_cancer_c_C18:ef_cancer_c_C18	ef_cancer_c_C18:em_cancer_c_C18
ef_cancer_c_C43	cancer_c_C43	C43 Malignant melanoma of skin (elena)	C43 Malignant melanoma of skin	245494	244091	1403	female	elena	C43 Malignant melanoma of skin	C43 Malignant melanoma of skin (elena) [female]	NA	C43 Malignant melanoma of skin (elena) NA	ef_cancer_c_C43 em_cancer_c_C43	em_cancer_c_C43 ef_cancer_c_C43	Disease	em_cancer_c_C43:ef_cancer_c_C43	ef_cancer_c_C43:em_cancer_c_C43
ef_cancer_c_C44	cancer_c_C44	C44 Other malignant neoplasms of skin (elena)	C44 Other malignant neoplasms of skin	245494	238182	7312	female	elena	C44 Other malignant neoplasms of skin	C44 Other malignant neoplasms of skin (elena) [female]	NA	C44 Other malignant neoplasms of skin (elena) NA	ef_cancer_c_C44 em_cancer_c_C44	em_cancer_c_C44 ef_cancer_c_C44	Disease	em_cancer_c_C44:ef_cancer_c_C44	ef_cancer_c_C44:em_cancer_c_C44
ef_clinical_c_Block_E70-E90	clinical_c_Block_E70-E90	E70-E90 Metabolic disorders (elena)	E70-E90 Metabolic disorders	245494	225551	19943	female	elena	E70-E90 Metabolic disorders	E70-E90 Metabolic disorders (elena) [female]	NA	E70-E90 Metabolic disorders (elena) NA	ef_clinical_c_Block_E70-E90 em_clinical_c_Block_E70-E90	em_clinical_c_Block_E70-E90 ef_clinical_c_Block_E70-E90	Disease	em_clinical_c_Block_E70-E90:ef_clinical_c_Block_E70-E90	ef_clinical_c_Block_E70-E90:em_clinical_c_Block_E70-E90
ef_clinical_c_Block_F10-F19	clinical_c_Block_F10-F19	F10-F19 Mental and behavioural disorders due to psychoactive substance use (elena)	F10-F19 Mental and behavioural disorders due to psychoactive substance use	245494	238848	6646	female	elena	F10-F19 Mental and behavioural disorders due to psychoactive substance use	F10-F19 Mental and behavioural disorders due to psychoactive substance use (elena) [female]	NA	F10-F19 Mental and behavioural disorders due to psychoactive substance use (elena) NA	ef_clinical_c_Block_F10-F19 em_clinical_c_Block_F10-F19	em_clinical_c_Block_F10-F19 ef_clinical_c_Block_F10-F19	Disease	em_clinical_c_Block_F10-F19:ef_clinical_c_Block_F10-F19	ef_clinical_c_Block_F10-F19:em_clinical_c_Block_F10-F19
ef_clinical_c_Block_G50-G59	clinical_c_Block_G50-G59	G50-G59 Nerve, nerve root and plexus disorders (elena)	G50-G59 Nerve, nerve root and plexus disorders	245494	233042	12452	female	elena	G50-G59 Nerve, nerve root and plexus disorders	G50-G59 Nerve, nerve root and plexus disorders (elena) [female]	NA	G50-G59 Nerve, nerve root and plexus disorders (elena) NA	ef_clinical_c_Block_G50-G59 em_clinical_c_Block_G50-G59	em_clinical_c_Block_G50-G59 ef_clinical_c_Block_G50-G59	Disease	em_clinical_c_Block_G50-G59:ef_clinical_c_Block_G50-G59	ef_clinical_c_Block_G50-G59:em_clinical_c_Block_G50-G59
ef_clinical_c_Block_H30-H36	clinical_c_Block_H30-H36	H30-H36 Disorders of choroid and retina (elena)	H30-H36 Disorders of choroid and retina	245494	241708	3786	female	elena	H30-H36 Disorders of choroid and retina	H30-H36 Disorders of choroid and retina (elena) [female]	NA	H30-H36 Disorders of choroid and retina (elena) NA	ef_clinical_c_Block_H30-H36 em_clinical_c_Block_H30-H36	em_clinical_c_Block_H30-H36 ef_clinical_c_Block_H30-H36	Disease	em_clinical_c_Block_H30-H36:ef_clinical_c_Block_H30-H36	ef_clinical_c_Block_H30-H36:em_clinical_c_Block_H30-H36
ef_clinical_c_Block_I10-I15	clinical_c_Block_I10-I15	I10-I15 Hypertensive diseases (elena)	I10-I15 Hypertensive diseases	245494	206375	39119	female	elena	I10-I15 Hypertensive diseases	I10-I15 Hypertensive diseases (elena) [female]	NA	I10-I15 Hypertensive diseases (elena) NA	ef_clinical_c_Block_I10-I15 em_clinical_c_Block_I10-I15	em_clinical_c_Block_I10-I15 ef_clinical_c_Block_I10-I15	Disease	em_clinical_c_Block_I10-I15:ef_clinical_c_Block_I10-I15	ef_clinical_c_Block_I10-I15:em_clinical_c_Block_I10-I15
ef_clinical_c_Block_I20-I25	clinical_c_Block_I20-I25	I20-I25 Ischaemic heart diseases (elena)	I20-I25 Ischaemic heart diseases	245494	234799	10695	female	elena	I20-I25 Ischaemic heart diseases	I20-I25 Ischaemic heart diseases (elena) [female]	NA	I20-I25 Ischaemic heart diseases (elena) NA	ef_clinical_c_Block_I20-I25 em_clinical_c_Block_I20-I25	em_clinical_c_Block_I20-I25 ef_clinical_c_Block_I20-I25	Disease	em_clinical_c_Block_I20-I25:ef_clinical_c_Block_I20-I25	ef_clinical_c_Block_I20-I25:em_clinical_c_Block_I20-I25
ef_clinical_c_Block_I26-I28	clinical_c_Block_I26-I28	I26-I28 Pulmonary heart disease and diseases of pulmonary circulation (elena)	I26-I28 Pulmonary heart disease and diseases of pulmonary circulation	245494	243332	2162	female	elena	I26-I28 Pulmonary heart disease and diseases of pulmonary circulation	I26-I28 Pulmonary heart disease and diseases of pulmonary circulation (elena) [female]	NA	I26-I28 Pulmonary heart disease and diseases of pulmonary circulation (elena) NA	ef_clinical_c_Block_I26-I28 em_clinical_c_Block_I26-I28	em_clinical_c_Block_I26-I28 ef_clinical_c_Block_I26-I28	Disease	em_clinical_c_Block_I26-I28:ef_clinical_c_Block_I26-I28	ef_clinical_c_Block_I26-I28:em_clinical_c_Block_I26-I28
ef_clinical_c_Block_I70-I79	clinical_c_Block_I70-I79	I70-I79 Diseases of arteries, arterioles and capillaries (elena)	I70-I79 Diseases of arteries, arterioles and capillaries	245494	242353	3141	female	elena	I70-I79 Diseases of arteries, arterioles and capillaries	I70-I79 Diseases of arteries, arterioles and capillaries (elena) [female]	NA	I70-I79 Diseases of arteries, arterioles and capillaries (elena) NA	ef_clinical_c_Block_I70-I79 em_clinical_c_Block_I70-I79	em_clinical_c_Block_I70-I79 ef_clinical_c_Block_I70-I79	Disease	em_clinical_c_Block_I70-I79:ef_clinical_c_Block_I70-I79	ef_clinical_c_Block_I70-I79:em_clinical_c_Block_I70-I79
ef_clinical_c_Block_J09-J18	clinical_c_Block_J09-J18	J09-J18 Influenza and pneumonia (elena)	J09-J18 Influenza and pneumonia	245494	240793	4701	female	elena	J09-J18 Influenza and pneumonia	J09-J18 Influenza and pneumonia (elena) [female]	NA	J09-J18 Influenza and pneumonia (elena) NA	ef_clinical_c_Block_J09-J18 em_clinical_c_Block_J09-J18	em_clinical_c_Block_J09-J18 ef_clinical_c_Block_J09-J18	Disease	em_clinical_c_Block_J09-J18:ef_clinical_c_Block_J09-J18	ef_clinical_c_Block_J09-J18:em_clinical_c_Block_J09-J18
ef_clinical_c_Block_K20-K31	clinical_c_Block_K20-K31	K20-K31 Diseases of oesophagus, stomach and duodenum (elena)	K20-K31 Diseases of oesophagus, stomach and duodenum	245494	208905	36589	female	elena	K20-K31 Diseases of oesophagus, stomach and duodenum	K20-K31 Diseases of oesophagus, stomach and duodenum (elena) [female]	NA	K20-K31 Diseases of oesophagus, stomach and duodenum (elena) NA	ef_clinical_c_Block_K20-K31 em_clinical_c_Block_K20-K31	em_clinical_c_Block_K20-K31 ef_clinical_c_Block_K20-K31	Disease	em_clinical_c_Block_K20-K31:ef_clinical_c_Block_K20-K31	ef_clinical_c_Block_K20-K31:em_clinical_c_Block_K20-K31
ef_clinical_c_Block_K35-K38	clinical_c_Block_K35-K38	K35-K38 Diseases of appendix (elena)	K35-K38 Diseases of appendix	245494	243445	2049	female	elena	K35-K38 Diseases of appendix	K35-K38 Diseases of appendix (elena) [female]	NA	K35-K38 Diseases of appendix (elena) NA	ef_clinical_c_Block_K35-K38 em_clinical_c_Block_K35-K38	em_clinical_c_Block_K35-K38 ef_clinical_c_Block_K35-K38	Disease	em_clinical_c_Block_K35-K38:ef_clinical_c_Block_K35-K38	ef_clinical_c_Block_K35-K38:em_clinical_c_Block_K35-K38
ef_clinical_c_Block_K40-K46	clinical_c_Block_K40-K46	K40-K46 Hernia (elena)	K40-K46 Hernia	245494	225030	20464	female	elena	K40-K46 Hernia	K40-K46 Hernia (elena) [female]	NA	K40-K46 Hernia (elena) NA	ef_clinical_c_Block_K40-K46 em_clinical_c_Block_K40-K46	em_clinical_c_Block_K40-K46 ef_clinical_c_Block_K40-K46	Disease	em_clinical_c_Block_K40-K46:ef_clinical_c_Block_K40-K46	ef_clinical_c_Block_K40-K46:em_clinical_c_Block_K40-K46
ef_clinical_c_Block_K55-K64	clinical_c_Block_K55-K64	K55-K64 Other diseases of intestines (elena)	K55-K64 Other diseases of intestines	245494	206836	38658	female	elena	K55-K64 Other diseases of intestines	K55-K64 Other diseases of intestines (elena) [female]	NA	K55-K64 Other diseases of intestines (elena) NA	ef_clinical_c_Block_K55-K64 em_clinical_c_Block_K55-K64	em_clinical_c_Block_K55-K64 ef_clinical_c_Block_K55-K64	Disease	em_clinical_c_Block_K55-K64:ef_clinical_c_Block_K55-K64	ef_clinical_c_Block_K55-K64:em_clinical_c_Block_K55-K64
ef_clinical_c_Block_L20-L30	clinical_c_Block_L20-L30	L20-L30 Dermatitis and eczema (elena)	L20-L30 Dermatitis and eczema	245494	243607	1887	female	elena	L20-L30 Dermatitis and eczema	L20-L30 Dermatitis and eczema (elena) [female]	NA	L20-L30 Dermatitis and eczema (elena) NA	ef_clinical_c_Block_L20-L30 em_clinical_c_Block_L20-L30	em_clinical_c_Block_L20-L30 ef_clinical_c_Block_L20-L30	Disease	em_clinical_c_Block_L20-L30:ef_clinical_c_Block_L20-L30	ef_clinical_c_Block_L20-L30:em_clinical_c_Block_L20-L30
ef_clinical_c_Block_M15-M19	clinical_c_Block_M15-M19	M15-M19 Arthrosis (elena)	M15-M19 Arthrosis	245494	218012	27482	female	elena	M15-M19 Arthrosis	M15-M19 Arthrosis (elena) [female]	NA	M15-M19 Arthrosis (elena) NA	ef_clinical_c_Block_M15-M19 em_clinical_c_Block_M15-M19	em_clinical_c_Block_M15-M19 ef_clinical_c_Block_M15-M19	Disease	em_clinical_c_Block_M15-M19:ef_clinical_c_Block_M15-M19	ef_clinical_c_Block_M15-M19:em_clinical_c_Block_M15-M19
ef_clinical_c_Block_M45-M49	clinical_c_Block_M45-M49	M45-M49 Spondylopathies (elena)	M45-M49 Spondylopathies	245494	238206	7288	female	elena	M45-M49 Spondylopathies	M45-M49 Spondylopathies (elena) [female]	NA	M45-M49 Spondylopathies (elena) NA	ef_clinical_c_Block_M45-M49 em_clinical_c_Block_M45-M49	em_clinical_c_Block_M45-M49 ef_clinical_c_Block_M45-M49	Disease	em_clinical_c_Block_M45-M49:ef_clinical_c_Block_M45-M49	ef_clinical_c_Block_M45-M49:em_clinical_c_Block_M45-M49
ef_clinical_c_Block_N17-N19	clinical_c_Block_N17-N19	N17-N19 Renal failure (elena)	N17-N19 Renal failure	245494	241711	3783	female	elena	N17-N19 Renal failure	N17-N19 Renal failure (elena) [female]	NA	N17-N19 Renal failure (elena) NA	ef_clinical_c_Block_N17-N19 em_clinical_c_Block_N17-N19	em_clinical_c_Block_N17-N19 ef_clinical_c_Block_N17-N19	Disease	em_clinical_c_Block_N17-N19:ef_clinical_c_Block_N17-N19	ef_clinical_c_Block_N17-N19:em_clinical_c_Block_N17-N19
ef_clinical_c_Block_N20-N23	clinical_c_Block_N20-N23	N20-N23 Urolithiasis (elena)	N20-N23 Urolithiasis	245494	243374	2120	female	elena	N20-N23 Urolithiasis	N20-N23 Urolithiasis (elena) [female]	NA	N20-N23 Urolithiasis (elena) NA	ef_clinical_c_Block_N20-N23 em_clinical_c_Block_N20-N23	em_clinical_c_Block_N20-N23 ef_clinical_c_Block_N20-N23	Disease	em_clinical_c_Block_N20-N23:ef_clinical_c_Block_N20-N23	ef_clinical_c_Block_N20-N23:em_clinical_c_Block_N20-N23
ef_clinical_c_D50	clinical_c_D50	D50 Iron deficiency anaemia (elena)	D50 Iron deficiency anaemia	245494	240296	5198	female	elena	D50 Iron deficiency anaemia	D50 Iron deficiency anaemia (elena) [female]	NA	D50 Iron deficiency anaemia (elena) NA	ef_clinical_c_D50 em_clinical_c_D50	em_clinical_c_D50 ef_clinical_c_D50	Disease	em_clinical_c_D50:ef_clinical_c_D50	ef_clinical_c_D50:em_clinical_c_D50
ef_clinical_c_E03	clinical_c_E03	E03 Other hypothyroidism (elena)	E03 Other hypothyroidism	245494	232750	12744	female	elena	E03 Other hypothyroidism	E03 Other hypothyroidism (elena) [female]	NA	E03 Other hypothyroidism (elena) NA	ef_clinical_c_E03 em_clinical_c_E03	em_clinical_c_E03 ef_clinical_c_E03	Disease	em_clinical_c_E03:ef_clinical_c_E03	ef_clinical_c_E03:em_clinical_c_E03
ef_clinical_c_E10	clinical_c_E10	E10 Insulin-dependent diabetes mellitus (elena)	E10 Insulin-dependent diabetes mellitus	245494	244237	1257	female	elena	E10 Insulin-dependent diabetes mellitus	E10 Insulin-dependent diabetes mellitus (elena) [female]	NA	E10 Insulin-dependent diabetes mellitus (elena) NA	ef_clinical_c_E10 em_clinical_c_E10	em_clinical_c_E10 ef_clinical_c_E10	Disease	em_clinical_c_E10:ef_clinical_c_E10	ef_clinical_c_E10:em_clinical_c_E10
ef_clinical_c_E11	clinical_c_E11	E11 Non-insulin-dependent diabetes mellitus (elena)	E11 Non-insulin-dependent diabetes mellitus	245494	237986	7508	female	elena	E11 Non-insulin-dependent diabetes mellitus	E11 Non-insulin-dependent diabetes mellitus (elena) [female]	NA	E11 Non-insulin-dependent diabetes mellitus (elena) NA	ef_clinical_c_E11 em_clinical_c_E11	em_clinical_c_E11 ef_clinical_c_E11	Disease	em_clinical_c_E11:ef_clinical_c_E11	ef_clinical_c_E11:em_clinical_c_E11
ef_clinical_c_E66	clinical_c_E66	E66 Obesity (elena)	E66 Obesity	245494	238995	6499	female	elena	E66 Obesity	E66 Obesity (elena) [female]	NA	E66 Obesity (elena) NA	ef_clinical_c_E66 em_clinical_c_E66	em_clinical_c_E66 ef_clinical_c_E66	Disease	em_clinical_c_E66:ef_clinical_c_E66	ef_clinical_c_E66:em_clinical_c_E66
ef_clinical_c_E78	clinical_c_E78	E78 Disorders of lipoprotein metabolism and other lipidaemias (elena)	E78 Disorders of lipoprotein metabolism and other lipidaemias	245494	230172	15322	female	elena	E78 Disorders of lipoprotein metabolism and other lipidaemias	E78 Disorders of lipoprotein metabolism and other lipidaemias (elena) [female]	NA	E78 Disorders of lipoprotein metabolism and other lipidaemias (elena) NA	ef_clinical_c_E78 em_clinical_c_E78	em_clinical_c_E78 ef_clinical_c_E78	Disease	em_clinical_c_E78:ef_clinical_c_E78	ef_clinical_c_E78:em_clinical_c_E78
ef_clinical_c_E83	clinical_c_E83	E83 Disorders of mineral metabolism (elena)	E83 Disorders of mineral metabolism	245494	244461	1033	female	elena	E83 Disorders of mineral metabolism	E83 Disorders of mineral metabolism (elena) [female]	NA	E83 Disorders of mineral metabolism (elena) NA	ef_clinical_c_E83 em_clinical_c_E83	em_clinical_c_E83 ef_clinical_c_E83	Disease	em_clinical_c_E83:ef_clinical_c_E83	ef_clinical_c_E83:em_clinical_c_E83
ef_clinical_c_F10	clinical_c_F10	F10 Mental and behavioural disorders due to use of alcohol (elena)	F10 Mental and behavioural disorders due to use of alcohol	245494	244052	1442	female	elena	F10 Mental and behavioural disorders due to use of alcohol	F10 Mental and behavioural disorders due to use of alcohol (elena) [female]	NA	F10 Mental and behavioural disorders due to use of alcohol (elena) NA	ef_clinical_c_F10 em_clinical_c_F10	em_clinical_c_F10 ef_clinical_c_F10	Disease	em_clinical_c_F10:ef_clinical_c_F10	ef_clinical_c_F10:em_clinical_c_F10
ef_clinical_c_F17	clinical_c_F17	F17 Mental and behavioural disorders due to use of tobacco (elena)	F17 Mental and behavioural disorders due to use of tobacco	245494	239987	5507	female	elena	F17 Mental and behavioural disorders due to use of tobacco	F17 Mental and behavioural disorders due to use of tobacco (elena) [female]	NA	F17 Mental and behavioural disorders due to use of tobacco (elena) NA	ef_clinical_c_F17 em_clinical_c_F17	em_clinical_c_F17 ef_clinical_c_F17	Disease	em_clinical_c_F17:ef_clinical_c_F17	ef_clinical_c_F17:em_clinical_c_F17
ef_clinical_c_F41	clinical_c_F41	F41 Other anxiety disorders (elena)	F41 Other anxiety disorders	245494	241419	4075	female	elena	F41 Other anxiety disorders	F41 Other anxiety disorders (elena) [female]	NA	F41 Other anxiety disorders (elena) NA	ef_clinical_c_F41 em_clinical_c_F41	em_clinical_c_F41 ef_clinical_c_F41	Disease	em_clinical_c_F41:ef_clinical_c_F41	ef_clinical_c_F41:em_clinical_c_F41
ef_clinical_c_G47	clinical_c_G47	G47 Sleep disorders (elena)	G47 Sleep disorders	245494	243811	1683	female	elena	G47 Sleep disorders	G47 Sleep disorders (elena) [female]	NA	G47 Sleep disorders (elena) NA	ef_clinical_c_G47 em_clinical_c_G47	em_clinical_c_G47 ef_clinical_c_G47	Disease	em_clinical_c_G47:ef_clinical_c_G47	ef_clinical_c_G47:em_clinical_c_G47
ef_clinical_c_G55	clinical_c_G55	G55 Nerve root and plexus compressions in diseases classified elsewhere (elena)	G55 Nerve root and plexus compressions in diseases classified elsewhere	245494	243119	2375	female	elena	G55 Nerve root and plexus compressions in diseases classified elsewhere	G55 Nerve root and plexus compressions in diseases classified elsewhere (elena) [female]	NA	G55 Nerve root and plexus compressions in diseases classified elsewhere (elena) NA	ef_clinical_c_G55 em_clinical_c_G55	em_clinical_c_G55 ef_clinical_c_G55	Disease	em_clinical_c_G55:ef_clinical_c_G55	ef_clinical_c_G55:em_clinical_c_G55
ef_clinical_c_G56	clinical_c_G56	G56 Mo-uropathies of upper limb (elena)	G56 Mo-uropathies of upper limb	245494	237651	7843	female	elena	G56 Mo-uropathies of upper limb	G56 Mo-uropathies of upper limb (elena) [female]	NA	G56 Mo-uropathies of upper limb (elena) NA	ef_clinical_c_G56 em_clinical_c_G56	em_clinical_c_G56 ef_clinical_c_G56	Disease	em_clinical_c_G56:ef_clinical_c_G56	ef_clinical_c_G56:em_clinical_c_G56
ef_clinical_c_H25	clinical_c_H25	H25 Senile cataract (elena)	H25 Senile cataract	245494	240346	5148	female	elena	H25 Senile cataract	H25 Senile cataract (elena) [female]	NA	H25 Senile cataract (elena) NA	ef_clinical_c_H25 em_clinical_c_H25	em_clinical_c_H25 ef_clinical_c_H25	Disease	em_clinical_c_H25:ef_clinical_c_H25	ef_clinical_c_H25:em_clinical_c_H25
ef_clinical_c_H26	clinical_c_H26	H26 Other cataract (elena)	H26 Other cataract	245494	236830	8664	female	elena	H26 Other cataract	H26 Other cataract (elena) [female]	NA	H26 Other cataract (elena) NA	ef_clinical_c_H26 em_clinical_c_H26	em_clinical_c_H26 ef_clinical_c_H26	Disease	em_clinical_c_H26:ef_clinical_c_H26	ef_clinical_c_H26:em_clinical_c_H26
ef_clinical_c_H33	clinical_c_H33	H33 Retinal detachments and breaks (elena)	H33 Retinal detachments and breaks	245494	244018	1476	female	elena	H33 Retinal detachments and breaks	H33 Retinal detachments and breaks (elena) [female]	NA	H33 Retinal detachments and breaks (elena) NA	ef_clinical_c_H33 em_clinical_c_H33	em_clinical_c_H33 ef_clinical_c_H33	Disease	em_clinical_c_H33:ef_clinical_c_H33	ef_clinical_c_H33:em_clinical_c_H33
ef_clinical_c_H40	clinical_c_H40	H40 Glaucoma (elena)	H40 Glaucoma	245494	243071	2423	female	elena	H40 Glaucoma	H40 Glaucoma (elena) [female]	NA	H40 Glaucoma (elena) NA	ef_clinical_c_H40 em_clinical_c_H40	em_clinical_c_H40 ef_clinical_c_H40	Disease	em_clinical_c_H40:ef_clinical_c_H40	ef_clinical_c_H40:em_clinical_c_H40
ef_clinical_c_I10	clinical_c_I10	I10 Essential (primary) hypertension (elena)	I10 Essential (primary) hypertension	245494	206492	39002	female	elena	I10 Essential (primary) hypertension	I10 Essential (primary) hypertension (elena) [female]	NA	I10 Essential (primary) hypertension (elena) NA	ef_clinical_c_I10 em_clinical_c_I10	em_clinical_c_I10 ef_clinical_c_I10	Disease	em_clinical_c_I10:ef_clinical_c_I10	ef_clinical_c_I10:em_clinical_c_I10
ef_clinical_c_I20	clinical_c_I20	I20 Angina pectoris (elena)	I20 Angina pectoris	245494	238537	6957	female	elena	I20 Angina pectoris	I20 Angina pectoris (elena) [female]	NA	I20 Angina pectoris (elena) NA	ef_clinical_c_I20 em_clinical_c_I20	em_clinical_c_I20 ef_clinical_c_I20	Disease	em_clinical_c_I20:ef_clinical_c_I20	ef_clinical_c_I20:em_clinical_c_I20
ef_clinical_c_I21	clinical_c_I21	I21 Acute myocardial infarction (elena)	I21 Acute myocardial infarction	245494	243535	1959	female	elena	I21 Acute myocardial infarction	I21 Acute myocardial infarction (elena) [female]	NA	I21 Acute myocardial infarction (elena) NA	ef_clinical_c_I21 em_clinical_c_I21	em_clinical_c_I21 ef_clinical_c_I21	Disease	em_clinical_c_I21:ef_clinical_c_I21	ef_clinical_c_I21:em_clinical_c_I21
ef_clinical_c_I25	clinical_c_I25	I25 Chronic ischaemic heart disease (elena)	I25 Chronic ischaemic heart disease	245494	237714	7780	female	elena	I25 Chronic ischaemic heart disease	I25 Chronic ischaemic heart disease (elena) [female]	NA	I25 Chronic ischaemic heart disease (elena) NA	ef_clinical_c_I25 em_clinical_c_I25	em_clinical_c_I25 ef_clinical_c_I25	Disease	em_clinical_c_I25:ef_clinical_c_I25	ef_clinical_c_I25:em_clinical_c_I25
ef_clinical_c_I26	clinical_c_I26	I26 Pulmonary embolism (elena)	I26 Pulmonary embolism	245494	243736	1758	female	elena	I26 Pulmonary embolism	I26 Pulmonary embolism (elena) [female]	NA	I26 Pulmonary embolism (elena) NA	ef_clinical_c_I26 em_clinical_c_I26	em_clinical_c_I26 ef_clinical_c_I26	Disease	em_clinical_c_I26:ef_clinical_c_I26	ef_clinical_c_I26:em_clinical_c_I26
ef_clinical_c_I34	clinical_c_I34	I34 Nonrheumatic mitral valve disorders (elena)	I34 Nonrheumatic mitral valve disorders	245494	244413	1081	female	elena	I34 Nonrheumatic mitral valve disorders	I34 Nonrheumatic mitral valve disorders (elena) [female]	NA	I34 Nonrheumatic mitral valve disorders (elena) NA	ef_clinical_c_I34 em_clinical_c_I34	em_clinical_c_I34 ef_clinical_c_I34	Disease	em_clinical_c_I34:ef_clinical_c_I34	ef_clinical_c_I34:em_clinical_c_I34
ef_clinical_c_I44	clinical_c_I44	I44 Atrioventricular and left bundle-branch block (elena)	I44 Atrioventricular and left bundle-branch block	245494	244112	1382	female	elena	I44 Atrioventricular and left bundle-branch block	I44 Atrioventricular and left bundle-branch block (elena) [female]	NA	I44 Atrioventricular and left bundle-branch block (elena) NA	ef_clinical_c_I44 em_clinical_c_I44	em_clinical_c_I44 ef_clinical_c_I44	Disease	em_clinical_c_I44:ef_clinical_c_I44	ef_clinical_c_I44:em_clinical_c_I44
ef_clinical_c_I47	clinical_c_I47	I47 Paroxysmal tachycardia (elena)	I47 Paroxysmal tachycardia	245494	243879	1615	female	elena	I47 Paroxysmal tachycardia	I47 Paroxysmal tachycardia (elena) [female]	NA	I47 Paroxysmal tachycardia (elena) NA	ef_clinical_c_I47 em_clinical_c_I47	em_clinical_c_I47 ef_clinical_c_I47	Disease	em_clinical_c_I47:ef_clinical_c_I47	ef_clinical_c_I47:em_clinical_c_I47
ef_clinical_c_I50	clinical_c_I50	I50 Heart failure (elena)	I50 Heart failure	245494	243755	1739	female	elena	I50 Heart failure	I50 Heart failure (elena) [female]	NA	I50 Heart failure (elena) NA	ef_clinical_c_I50 em_clinical_c_I50	em_clinical_c_I50 ef_clinical_c_I50	Disease	em_clinical_c_I50:ef_clinical_c_I50	ef_clinical_c_I50:em_clinical_c_I50
ef_clinical_c_I80	clinical_c_I80	I80 Phlebitis and thrombophlebitis (elena)	I80 Phlebitis and thrombophlebitis	245494	243608	1886	female	elena	I80 Phlebitis and thrombophlebitis	I80 Phlebitis and thrombophlebitis (elena) [female]	NA	I80 Phlebitis and thrombophlebitis (elena) NA	ef_clinical_c_I80 em_clinical_c_I80	em_clinical_c_I80 ef_clinical_c_I80	Disease	em_clinical_c_I80:ef_clinical_c_I80	ef_clinical_c_I80:em_clinical_c_I80
ef_clinical_c_I83	clinical_c_I83	I83 Varicose veins of lower extremities (elena)	I83 Varicose veins of lower extremities	245494	237532	7962	female	elena	I83 Varicose veins of lower extremities	I83 Varicose veins of lower extremities (elena) [female]	NA	I83 Varicose veins of lower extremities (elena) NA	ef_clinical_c_I83 em_clinical_c_I83	em_clinical_c_I83 ef_clinical_c_I83	Disease	em_clinical_c_I83:ef_clinical_c_I83	ef_clinical_c_I83:em_clinical_c_I83
ef_clinical_c_I84	clinical_c_I84	I84 Haemorrhoids (elena)	I84 Haemorrhoids	245494	232224	13270	female	elena	I84 Haemorrhoids	I84 Haemorrhoids (elena) [female]	NA	I84 Haemorrhoids (elena) NA	ef_clinical_c_I84 em_clinical_c_I84	em_clinical_c_I84 ef_clinical_c_I84	Disease	em_clinical_c_I84:ef_clinical_c_I84	ef_clinical_c_I84:em_clinical_c_I84
ef_clinical_c_J32	clinical_c_J32	J32 Chronic sinusitis (elena)	J32 Chronic sinusitis	245494	244096	1398	female	elena	J32 Chronic sinusitis	J32 Chronic sinusitis (elena) [female]	NA	J32 Chronic sinusitis (elena) NA	ef_clinical_c_J32 em_clinical_c_J32	em_clinical_c_J32 ef_clinical_c_J32	Disease	em_clinical_c_J32:ef_clinical_c_J32	ef_clinical_c_J32:em_clinical_c_J32
ef_clinical_c_J33	clinical_c_J33	J33 Nasal polyp (elena)	J33 Nasal polyp	245494	244316	1178	female	elena	J33 Nasal polyp	J33 Nasal polyp (elena) [female]	NA	J33 Nasal polyp (elena) NA	ef_clinical_c_J33 em_clinical_c_J33	em_clinical_c_J33 ef_clinical_c_J33	Disease	em_clinical_c_J33:ef_clinical_c_J33	ef_clinical_c_J33:em_clinical_c_J33
ef_clinical_c_J44	clinical_c_J44	J44 Other chronic obstructive pulmonary disease (elena)	J44 Other chronic obstructive pulmonary disease	245494	241349	4145	female	elena	J44 Other chronic obstructive pulmonary disease	J44 Other chronic obstructive pulmonary disease (elena) [female]	NA	J44 Other chronic obstructive pulmonary disease (elena) NA	ef_clinical_c_J44 em_clinical_c_J44	em_clinical_c_J44 ef_clinical_c_J44	Disease	em_clinical_c_J44:ef_clinical_c_J44	ef_clinical_c_J44:em_clinical_c_J44
ef_clinical_c_J45	clinical_c_J45	J45 Asthma (elena)	J45 Asthma	245494	228192	17302	female	elena	J45 Asthma	J45 Asthma (elena) [female]	NA	J45 Asthma (elena) NA	ef_clinical_c_J45 em_clinical_c_J45	em_clinical_c_J45 ef_clinical_c_J45	Disease	em_clinical_c_J45:ef_clinical_c_J45	ef_clinical_c_J45:em_clinical_c_J45
ef_clinical_c_K20	clinical_c_K20	K20 Oesophagitis (elena)	K20 Oesophagitis	245494	240739	4755	female	elena	K20 Oesophagitis	K20 Oesophagitis (elena) [female]	NA	K20 Oesophagitis (elena) NA	ef_clinical_c_K20 em_clinical_c_K20	em_clinical_c_K20 ef_clinical_c_K20	Disease	em_clinical_c_K20:ef_clinical_c_K20	ef_clinical_c_K20:em_clinical_c_K20
ef_clinical_c_K21	clinical_c_K21	K21 Gastro-oesophageal reflux disease (elena)	K21 Gastro-oesophageal reflux disease	245494	231598	13896	female	elena	K21 Gastro-oesophageal reflux disease	K21 Gastro-oesophageal reflux disease (elena) [female]	NA	K21 Gastro-oesophageal reflux disease (elena) NA	ef_clinical_c_K21 em_clinical_c_K21	em_clinical_c_K21 ef_clinical_c_K21	Disease	em_clinical_c_K21:ef_clinical_c_K21	ef_clinical_c_K21:em_clinical_c_K21
ef_clinical_c_K25	clinical_c_K25	K25 Gastric ulcer (elena)	K25 Gastric ulcer	245494	243148	2346	female	elena	K25 Gastric ulcer	K25 Gastric ulcer (elena) [female]	NA	K25 Gastric ulcer (elena) NA	ef_clinical_c_K25 em_clinical_c_K25	em_clinical_c_K25 ef_clinical_c_K25	Disease	em_clinical_c_K25:ef_clinical_c_K25	ef_clinical_c_K25:em_clinical_c_K25
ef_clinical_c_K29	clinical_c_K29	K29 Gastritis and duodenitis (elena)	K29 Gastritis and duodenitis	245494	229381	16113	female	elena	K29 Gastritis and duodenitis	K29 Gastritis and duodenitis (elena) [female]	NA	K29 Gastritis and duodenitis (elena) NA	ef_clinical_c_K29 em_clinical_c_K29	em_clinical_c_K29 ef_clinical_c_K29	Disease	em_clinical_c_K29:ef_clinical_c_K29	ef_clinical_c_K29:em_clinical_c_K29
ef_clinical_c_K30	clinical_c_K30	K30 Dyspepsia (elena)	K30 Dyspepsia	245494	237156	8338	female	elena	K30 Dyspepsia	K30 Dyspepsia (elena) [female]	NA	K30 Dyspepsia (elena) NA	ef_clinical_c_K30 em_clinical_c_K30	em_clinical_c_K30 ef_clinical_c_K30	Disease	em_clinical_c_K30:ef_clinical_c_K30	ef_clinical_c_K30:em_clinical_c_K30
ef_clinical_c_K40	clinical_c_K40	K40 Inguinal hernia (elena)	K40 Inguinal hernia	245494	244355	1139	female	elena	K40 Inguinal hernia	K40 Inguinal hernia (elena) [female]	NA	K40 Inguinal hernia (elena) NA	ef_clinical_c_K40 em_clinical_c_K40	em_clinical_c_K40 ef_clinical_c_K40	Disease	em_clinical_c_K40:ef_clinical_c_K40	ef_clinical_c_K40:em_clinical_c_K40
ef_clinical_c_K42	clinical_c_K42	K42 Umbilical hernia (elena)	K42 Umbilical hernia	245494	244428	1066	female	elena	K42 Umbilical hernia	K42 Umbilical hernia (elena) [female]	NA	K42 Umbilical hernia (elena) NA	ef_clinical_c_K42 em_clinical_c_K42	em_clinical_c_K42 ef_clinical_c_K42	Disease	em_clinical_c_K42:ef_clinical_c_K42	ef_clinical_c_K42:em_clinical_c_K42
ef_clinical_c_K43	clinical_c_K43	K43 Ventral hernia (elena)	K43 Ventral hernia	245494	243630	1864	female	elena	K43 Ventral hernia	K43 Ventral hernia (elena) [female]	NA	K43 Ventral hernia (elena) NA	ef_clinical_c_K43 em_clinical_c_K43	em_clinical_c_K43 ef_clinical_c_K43	Disease	em_clinical_c_K43:ef_clinical_c_K43	ef_clinical_c_K43:em_clinical_c_K43
ef_clinical_c_K44	clinical_c_K44	K44 Diaphragmatic hernia (elena)	K44 Diaphragmatic hernia	245494	228761	16733	female	elena	K44 Diaphragmatic hernia	K44 Diaphragmatic hernia (elena) [female]	NA	K44 Diaphragmatic hernia (elena) NA	ef_clinical_c_K44 em_clinical_c_K44	em_clinical_c_K44 ef_clinical_c_K44	Disease	em_clinical_c_K44:ef_clinical_c_K44	ef_clinical_c_K44:em_clinical_c_K44
ef_clinical_c_K51	clinical_c_K51	K51 Ulcerative colitis (elena)	K51 Ulcerative colitis	245494	243845	1649	female	elena	K51 Ulcerative colitis	K51 Ulcerative colitis (elena) [female]	NA	K51 Ulcerative colitis (elena) NA	ef_clinical_c_K51 em_clinical_c_K51	em_clinical_c_K51 ef_clinical_c_K51	Disease	em_clinical_c_K51:ef_clinical_c_K51	ef_clinical_c_K51:em_clinical_c_K51
ef_clinical_c_K57	clinical_c_K57	K57 Diverticular disease of intestine (elena)	K57 Diverticular disease of intestine	245494	229675	15819	female	elena	K57 Diverticular disease of intestine	K57 Diverticular disease of intestine (elena) [female]	NA	K57 Diverticular disease of intestine (elena) NA	ef_clinical_c_K57 em_clinical_c_K57	em_clinical_c_K57 ef_clinical_c_K57	Disease	em_clinical_c_K57:ef_clinical_c_K57	ef_clinical_c_K57:em_clinical_c_K57
ef_clinical_c_K58	clinical_c_K58	K58 Irritable bowel syndrome (elena)	K58 Irritable bowel syndrome	245494	240947	4547	female	elena	K58 Irritable bowel syndrome	K58 Irritable bowel syndrome (elena) [female]	NA	K58 Irritable bowel syndrome (elena) NA	ef_clinical_c_K58 em_clinical_c_K58	em_clinical_c_K58 ef_clinical_c_K58	Disease	em_clinical_c_K58:ef_clinical_c_K58	ef_clinical_c_K58:em_clinical_c_K58
ef_clinical_c_K63	clinical_c_K63	K63 Other diseases of intestine (elena)	K63 Other diseases of intestine	245494	238319	7175	female	elena	K63 Other diseases of intestine	K63 Other diseases of intestine (elena) [female]	NA	K63 Other diseases of intestine (elena) NA	ef_clinical_c_K63 em_clinical_c_K63	em_clinical_c_K63 ef_clinical_c_K63	Disease	em_clinical_c_K63:ef_clinical_c_K63	ef_clinical_c_K63:em_clinical_c_K63
ef_clinical_c_K80	clinical_c_K80	K80 Cholelithiasis (elena)	K80 Cholelithiasis	245494	234400	11094	female	elena	K80 Cholelithiasis	K80 Cholelithiasis (elena) [female]	NA	K80 Cholelithiasis (elena) NA	ef_clinical_c_K80 em_clinical_c_K80	em_clinical_c_K80 ef_clinical_c_K80	Disease	em_clinical_c_K80:ef_clinical_c_K80	ef_clinical_c_K80:em_clinical_c_K80
ef_clinical_c_L02	clinical_c_L02	L02 Cutaneous abscess, furuncle and carbuncle (elena)	L02 Cutaneous abscess, furuncle and carbuncle	245494	244338	1156	female	elena	L02 Cutaneous abscess, furuncle and carbuncle	L02 Cutaneous abscess, furuncle and carbuncle (elena) [female]	NA	L02 Cutaneous abscess, furuncle and carbuncle (elena) NA	ef_clinical_c_L02 em_clinical_c_L02	em_clinical_c_L02 ef_clinical_c_L02	Disease	em_clinical_c_L02:ef_clinical_c_L02	ef_clinical_c_L02:em_clinical_c_L02
ef_clinical_c_L03	clinical_c_L03	L03 Cellulitis (elena)	L03 Cellulitis	245494	242238	3256	female	elena	L03 Cellulitis	L03 Cellulitis (elena) [female]	NA	L03 Cellulitis (elena) NA	ef_clinical_c_L03 em_clinical_c_L03	em_clinical_c_L03 ef_clinical_c_L03	Disease	em_clinical_c_L03:ef_clinical_c_L03	ef_clinical_c_L03:em_clinical_c_L03
ef_clinical_c_L40	clinical_c_L40	L40 Psoriasis (elena)	L40 Psoriasis	245494	244365	1129	female	elena	L40 Psoriasis	L40 Psoriasis (elena) [female]	NA	L40 Psoriasis (elena) NA	ef_clinical_c_L40 em_clinical_c_L40	em_clinical_c_L40 ef_clinical_c_L40	Disease	em_clinical_c_L40:ef_clinical_c_L40	ef_clinical_c_L40:em_clinical_c_L40
ef_clinical_c_L72	clinical_c_L72	L72 Follicular cysts of skin and subcutaneous tissue (elena)	L72 Follicular cysts of skin and subcutaneous tissue	245494	240784	4710	female	elena	L72 Follicular cysts of skin and subcutaneous tissue	L72 Follicular cysts of skin and subcutaneous tissue (elena) [female]	NA	L72 Follicular cysts of skin and subcutaneous tissue (elena) NA	ef_clinical_c_L72 em_clinical_c_L72	em_clinical_c_L72 ef_clinical_c_L72	Disease	em_clinical_c_L72:ef_clinical_c_L72	ef_clinical_c_L72:em_clinical_c_L72
ef_clinical_c_M06	clinical_c_M06	M06 Other rheumatoid arthritis (elena)	M06 Other rheumatoid arthritis	245494	242208	3286	female	elena	M06 Other rheumatoid arthritis	M06 Other rheumatoid arthritis (elena) [female]	NA	M06 Other rheumatoid arthritis (elena) NA	ef_clinical_c_M06 em_clinical_c_M06	em_clinical_c_M06 ef_clinical_c_M06	Disease	em_clinical_c_M06:ef_clinical_c_M06	ef_clinical_c_M06:em_clinical_c_M06
ef_clinical_c_M13	clinical_c_M13	M13 Other arthritis (elena)	M13 Other arthritis	245494	237644	7850	female	elena	M13 Other arthritis	M13 Other arthritis (elena) [female]	NA	M13 Other arthritis (elena) NA	ef_clinical_c_M13 em_clinical_c_M13	em_clinical_c_M13 ef_clinical_c_M13	Disease	em_clinical_c_M13:ef_clinical_c_M13	ef_clinical_c_M13:em_clinical_c_M13
ef_clinical_c_M15	clinical_c_M15	M15 Polyarthrosis (elena)	M15 Polyarthrosis	245494	242658	2836	female	elena	M15 Polyarthrosis	M15 Polyarthrosis (elena) [female]	NA	M15 Polyarthrosis (elena) NA	ef_clinical_c_M15 em_clinical_c_M15	em_clinical_c_M15 ef_clinical_c_M15	Disease	em_clinical_c_M15:ef_clinical_c_M15	ef_clinical_c_M15:em_clinical_c_M15
ef_clinical_c_M16	clinical_c_M16	M16 Coxarthrosis [arthrosis of hip] (elena)	M16 Coxarthrosis [arthrosis of hip]	245494	238096	7398	female	elena	M16 Coxarthrosis [arthrosis of hip]	M16 Coxarthrosis [arthrosis of hip] (elena) [female]	NA	M16 Coxarthrosis [arthrosis of hip] (elena) NA	ef_clinical_c_M16 em_clinical_c_M16	em_clinical_c_M16 ef_clinical_c_M16	Disease	em_clinical_c_M16:ef_clinical_c_M16	ef_clinical_c_M16:em_clinical_c_M16
ef_clinical_c_M17	clinical_c_M17	M17 Gonarthrosis [arthrosis of knee] (elena)	M17 Gonarthrosis [arthrosis of knee]	245494	234410	11084	female	elena	M17 Gonarthrosis [arthrosis of knee]	M17 Gonarthrosis [arthrosis of knee] (elena) [female]	NA	M17 Gonarthrosis [arthrosis of knee] (elena) NA	ef_clinical_c_M17 em_clinical_c_M17	em_clinical_c_M17 ef_clinical_c_M17	Disease	em_clinical_c_M17:ef_clinical_c_M17	ef_clinical_c_M17:em_clinical_c_M17
ef_clinical_c_M19	clinical_c_M19	M19 Other arthrosis (elena)	M19 Other arthrosis	245494	234284	11210	female	elena	M19 Other arthrosis	M19 Other arthrosis (elena) [female]	NA	M19 Other arthrosis (elena) NA	ef_clinical_c_M19 em_clinical_c_M19	em_clinical_c_M19 ef_clinical_c_M19	Disease	em_clinical_c_M19:ef_clinical_c_M19	ef_clinical_c_M19:em_clinical_c_M19
ef_clinical_c_M23	clinical_c_M23	M23 Internal derangement of knee (elena)	M23 Internal derangement of knee	245494	238269	7225	female	elena	M23 Internal derangement of knee	M23 Internal derangement of knee (elena) [female]	NA	M23 Internal derangement of knee (elena) NA	ef_clinical_c_M23 em_clinical_c_M23	em_clinical_c_M23 ef_clinical_c_M23	Disease	em_clinical_c_M23:ef_clinical_c_M23	ef_clinical_c_M23:em_clinical_c_M23
ef_clinical_c_M47	clinical_c_M47	M47 Spondylosis (elena)	M47 Spondylosis	245494	240463	5031	female	elena	M47 Spondylosis	M47 Spondylosis (elena) [female]	NA	M47 Spondylosis (elena) NA	ef_clinical_c_M47 em_clinical_c_M47	em_clinical_c_M47 ef_clinical_c_M47	Disease	em_clinical_c_M47:ef_clinical_c_M47	ef_clinical_c_M47:em_clinical_c_M47
ef_clinical_c_M48	clinical_c_M48	M48 Other spondylopathies (elena)	M48 Other spondylopathies	245494	243157	2337	female	elena	M48 Other spondylopathies	M48 Other spondylopathies (elena) [female]	NA	M48 Other spondylopathies (elena) NA	ef_clinical_c_M48 em_clinical_c_M48	em_clinical_c_M48 ef_clinical_c_M48	Disease	em_clinical_c_M48:ef_clinical_c_M48	ef_clinical_c_M48:em_clinical_c_M48
ef_clinical_c_M54	clinical_c_M54	M54 Dorsalgia (elena)	M54 Dorsalgia	245494	236297	9197	female	elena	M54 Dorsalgia	M54 Dorsalgia (elena) [female]	NA	M54 Dorsalgia (elena) NA	ef_clinical_c_M54 em_clinical_c_M54	em_clinical_c_M54 ef_clinical_c_M54	Disease	em_clinical_c_M54:ef_clinical_c_M54	ef_clinical_c_M54:em_clinical_c_M54
ef_clinical_c_M65	clinical_c_M65	M65 Synovitis and tenosynovitis (elena)	M65 Synovitis and tenosynovitis	245494	242124	3370	female	elena	M65 Synovitis and tenosynovitis	M65 Synovitis and tenosynovitis (elena) [female]	NA	M65 Synovitis and tenosynovitis (elena) NA	ef_clinical_c_M65 em_clinical_c_M65	em_clinical_c_M65 ef_clinical_c_M65	Disease	em_clinical_c_M65:ef_clinical_c_M65	ef_clinical_c_M65:em_clinical_c_M65
ef_clinical_c_M72	clinical_c_M72	M72 Fibroblastic disorders (elena)	M72 Fibroblastic disorders	245494	244306	1188	female	elena	M72 Fibroblastic disorders	M72 Fibroblastic disorders (elena) [female]	NA	M72 Fibroblastic disorders (elena) NA	ef_clinical_c_M72 em_clinical_c_M72	em_clinical_c_M72 ef_clinical_c_M72	Disease	em_clinical_c_M72:ef_clinical_c_M72	ef_clinical_c_M72:em_clinical_c_M72
ef_clinical_c_M75	clinical_c_M75	M75 Shoulder lesions (elena)	M75 Shoulder lesions	245494	240115	5379	female	elena	M75 Shoulder lesions	M75 Shoulder lesions (elena) [female]	NA	M75 Shoulder lesions (elena) NA	ef_clinical_c_M75 em_clinical_c_M75	em_clinical_c_M75 ef_clinical_c_M75	Disease	em_clinical_c_M75:ef_clinical_c_M75	ef_clinical_c_M75:em_clinical_c_M75
ef_clinical_c_N18	clinical_c_N18	N18 Chronic renal failure (elena)	N18 Chronic renal failure	245494	243303	2191	female	elena	N18 Chronic renal failure	N18 Chronic renal failure (elena) [female]	NA	N18 Chronic renal failure (elena) NA	ef_clinical_c_N18 em_clinical_c_N18	em_clinical_c_N18 ef_clinical_c_N18	Disease	em_clinical_c_N18:ef_clinical_c_N18	ef_clinical_c_N18:em_clinical_c_N18
ef_clinical_c_N20	clinical_c_N20	N20 Calculus of kidney and ureter (elena)	N20 Calculus of kidney and ureter	245494	243914	1580	female	elena	N20 Calculus of kidney and ureter	N20 Calculus of kidney and ureter (elena) [female]	NA	N20 Calculus of kidney and ureter (elena) NA	ef_clinical_c_N20 em_clinical_c_N20	em_clinical_c_N20 ef_clinical_c_N20	Disease	em_clinical_c_N20:ef_clinical_c_N20	ef_clinical_c_N20:em_clinical_c_N20
ef_clinical_c_N35	clinical_c_N35	N35 Urethral stricture (elena)	N35 Urethral stricture	245494	244048	1446	female	elena	N35 Urethral stricture	N35 Urethral stricture (elena) [female]	NA	N35 Urethral stricture (elena) NA	ef_clinical_c_N35 em_clinical_c_N35	em_clinical_c_N35 ef_clinical_c_N35	Disease	em_clinical_c_N35:ef_clinical_c_N35	ef_clinical_c_N35:em_clinical_c_N35
ef_clinical_c_N39	clinical_c_N39	N39 Other disorders of urinary system (elena)	N39 Other disorders of urinary system	245494	231044	14450	female	elena	N39 Other disorders of urinary system	N39 Other disorders of urinary system (elena) [female]	NA	N39 Other disorders of urinary system (elena) NA	ef_clinical_c_N39 em_clinical_c_N39	em_clinical_c_N39 ef_clinical_c_N39	Disease	em_clinical_c_N39:ef_clinical_c_N39	ef_clinical_c_N39:em_clinical_c_N39
em_1707-0.0	1707-0.0	Handedness (chirality/laterality) (elena)	Handedness (chirality/laterality)	202408	180544	21864	male	elena	Handedness (chirality/laterality)	Handedness (chirality/laterality) (elena) [male]	NA	Handedness (chirality/laterality) (elena) NA	ef_1707-0.0 em_1707-0.0	em_1707-0.0 ef_1707-0.0	Trait	em_1707-0.0:ef_1707-0.0	ef_1707-0.0:em_1707-0.0
em_cancer_c_Block_C15-C26	cancer_c_Block_C15-C26	C15-C26 Malignant neoplasms of digestive organs (elena)	C15-C26 Malignant neoplasms of digestive organs	206770	203144	3626	male	elena	C15-C26 Malignant neoplasms of digestive organs	C15-C26 Malignant neoplasms of digestive organs (elena) [male]	NA	C15-C26 Malignant neoplasms of digestive organs (elena) NA	ef_cancer_c_Block_C15-C26 em_cancer_c_Block_C15-C26	em_cancer_c_Block_C15-C26 ef_cancer_c_Block_C15-C26	Disease	em_cancer_c_Block_C15-C26:ef_cancer_c_Block_C15-C26	ef_cancer_c_Block_C15-C26:em_cancer_c_Block_C15-C26
em_cancer_c_Block_C43-C44	cancer_c_Block_C43-C44	C43-C44 Melanoma and other malignant neoplasms of skin (elena)	C43-C44 Melanoma and other malignant neoplasms of skin	206770	197648	9122	male	elena	C43-C44 Melanoma and other malignant neoplasms of skin	C43-C44 Melanoma and other malignant neoplasms of skin (elena) [male]	NA	C43-C44 Melanoma and other malignant neoplasms of skin (elena) NA	ef_cancer_c_Block_C43-C44 em_cancer_c_Block_C43-C44	em_cancer_c_Block_C43-C44 ef_cancer_c_Block_C43-C44	Disease	em_cancer_c_Block_C43-C44:ef_cancer_c_Block_C43-C44	ef_cancer_c_Block_C43-C44:em_cancer_c_Block_C43-C44
em_cancer_c_Block_C81-C96	cancer_c_Block_C81-C96	C81-C96 Malignant neoplasms, stated or presumed to be primary, of lymphoid, haematopoietic and related tissue (elena)	C81-C96 Malignant neoplasms, stated or presumed to be primary, of lymphoid, haematopoietic and related tissue	206770	205027	1743	male	elena	C81-C96 Malignant neoplasms, stated or presumed to be primary, of lymphoid, haematopoietic and related tissue	C81-C96 Malignant neoplasms, stated or presumed to be primary, of lymphoid, haematopoietic and related tissue (elena) [male]	NA	C81-C96 Malignant neoplasms, stated or presumed to be primary, of lymphoid, haematopoietic and related tissue (elena) NA	ef_cancer_c_Block_C81-C96 em_cancer_c_Block_C81-C96	em_cancer_c_Block_C81-C96 ef_cancer_c_Block_C81-C96	Disease	em_cancer_c_Block_C81-C96:ef_cancer_c_Block_C81-C96	ef_cancer_c_Block_C81-C96:em_cancer_c_Block_C81-C96
em_cancer_c_C18	cancer_c_C18	C18 Malignant neoplasm of colon (elena)	C18 Malignant neoplasm of colon	206770	205374	1396	male	elena	C18 Malignant neoplasm of colon	C18 Malignant neoplasm of colon (elena) [male]	NA	C18 Malignant neoplasm of colon (elena) NA	ef_cancer_c_C18 em_cancer_c_C18	em_cancer_c_C18 ef_cancer_c_C18	Disease	em_cancer_c_C18:ef_cancer_c_C18	ef_cancer_c_C18:em_cancer_c_C18
em_cancer_c_C43	cancer_c_C43	C43 Malignant melanoma of skin (elena)	C43 Malignant melanoma of skin	206770	205708	1062	male	elena	C43 Malignant melanoma of skin	C43 Malignant melanoma of skin (elena) [male]	NA	C43 Malignant melanoma of skin (elena) NA	ef_cancer_c_C43 em_cancer_c_C43	em_cancer_c_C43 ef_cancer_c_C43	Disease	em_cancer_c_C43:ef_cancer_c_C43	ef_cancer_c_C43:em_cancer_c_C43
em_cancer_c_C44	cancer_c_C44	C44 Other malignant neoplasms of skin (elena)	C44 Other malignant neoplasms of skin	206770	198710	8060	male	elena	C44 Other malignant neoplasms of skin	C44 Other malignant neoplasms of skin (elena) [male]	NA	C44 Other malignant neoplasms of skin (elena) NA	ef_cancer_c_C44 em_cancer_c_C44	em_cancer_c_C44 ef_cancer_c_C44	Disease	em_cancer_c_C44:ef_cancer_c_C44	ef_cancer_c_C44:em_cancer_c_C44
em_clinical_c_Block_E70-E90	clinical_c_Block_E70-E90	E70-E90 Metabolic disorders (elena)	E70-E90 Metabolic disorders	206770	178744	28026	male	elena	E70-E90 Metabolic disorders	E70-E90 Metabolic disorders (elena) [male]	NA	E70-E90 Metabolic disorders (elena) NA	ef_clinical_c_Block_E70-E90 em_clinical_c_Block_E70-E90	em_clinical_c_Block_E70-E90 ef_clinical_c_Block_E70-E90	Disease	em_clinical_c_Block_E70-E90:ef_clinical_c_Block_E70-E90	ef_clinical_c_Block_E70-E90:em_clinical_c_Block_E70-E90
em_clinical_c_Block_F10-F19	clinical_c_Block_F10-F19	F10-F19 Mental and behavioural disorders due to psychoactive substance use (elena)	F10-F19 Mental and behavioural disorders due to psychoactive substance use	206770	196504	10266	male	elena	F10-F19 Mental and behavioural disorders due to psychoactive substance use	F10-F19 Mental and behavioural disorders due to psychoactive substance use (elena) [male]	NA	F10-F19 Mental and behavioural disorders due to psychoactive substance use (elena) NA	ef_clinical_c_Block_F10-F19 em_clinical_c_Block_F10-F19	em_clinical_c_Block_F10-F19 ef_clinical_c_Block_F10-F19	Disease	em_clinical_c_Block_F10-F19:ef_clinical_c_Block_F10-F19	ef_clinical_c_Block_F10-F19:em_clinical_c_Block_F10-F19
em_clinical_c_Block_G50-G59	clinical_c_Block_G50-G59	G50-G59 Nerve, nerve root and plexus disorders (elena)	G50-G59 Nerve, nerve root and plexus disorders	206770	199742	7028	male	elena	G50-G59 Nerve, nerve root and plexus disorders	G50-G59 Nerve, nerve root and plexus disorders (elena) [male]	NA	G50-G59 Nerve, nerve root and plexus disorders (elena) NA	ef_clinical_c_Block_G50-G59 em_clinical_c_Block_G50-G59	em_clinical_c_Block_G50-G59 ef_clinical_c_Block_G50-G59	Disease	em_clinical_c_Block_G50-G59:ef_clinical_c_Block_G50-G59	ef_clinical_c_Block_G50-G59:em_clinical_c_Block_G50-G59
em_clinical_c_Block_H30-H36	clinical_c_Block_H30-H36	H30-H36 Disorders of choroid and retina (elena)	H30-H36 Disorders of choroid and retina	206770	202482	4288	male	elena	H30-H36 Disorders of choroid and retina	H30-H36 Disorders of choroid and retina (elena) [male]	NA	H30-H36 Disorders of choroid and retina (elena) NA	ef_clinical_c_Block_H30-H36 em_clinical_c_Block_H30-H36	em_clinical_c_Block_H30-H36 ef_clinical_c_Block_H30-H36	Disease	em_clinical_c_Block_H30-H36:ef_clinical_c_Block_H30-H36	ef_clinical_c_Block_H30-H36:em_clinical_c_Block_H30-H36
em_clinical_c_Block_I10-I15	clinical_c_Block_I10-I15	I10-I15 Hypertensive diseases (elena)	I10-I15 Hypertensive diseases	206770	160979	45791	male	elena	I10-I15 Hypertensive diseases	I10-I15 Hypertensive diseases (elena) [male]	NA	I10-I15 Hypertensive diseases (elena) NA	ef_clinical_c_Block_I10-I15 em_clinical_c_Block_I10-I15	em_clinical_c_Block_I10-I15 ef_clinical_c_Block_I10-I15	Disease	em_clinical_c_Block_I10-I15:ef_clinical_c_Block_I10-I15	ef_clinical_c_Block_I10-I15:em_clinical_c_Block_I10-I15
em_clinical_c_Block_I20-I25	clinical_c_Block_I20-I25	I20-I25 Ischaemic heart diseases (elena)	I20-I25 Ischaemic heart diseases	206770	184078	22692	male	elena	I20-I25 Ischaemic heart diseases	I20-I25 Ischaemic heart diseases (elena) [male]	NA	I20-I25 Ischaemic heart diseases (elena) NA	ef_clinical_c_Block_I20-I25 em_clinical_c_Block_I20-I25	em_clinical_c_Block_I20-I25 ef_clinical_c_Block_I20-I25	Disease	em_clinical_c_Block_I20-I25:ef_clinical_c_Block_I20-I25	ef_clinical_c_Block_I20-I25:em_clinical_c_Block_I20-I25
em_clinical_c_Block_I26-I28	clinical_c_Block_I26-I28	I26-I28 Pulmonary heart disease and diseases of pulmonary circulation (elena)	I26-I28 Pulmonary heart disease and diseases of pulmonary circulation	206770	204132	2638	male	elena	I26-I28 Pulmonary heart disease and diseases of pulmonary circulation	I26-I28 Pulmonary heart disease and diseases of pulmonary circulation (elena) [male]	NA	I26-I28 Pulmonary heart disease and diseases of pulmonary circulation (elena) NA	ef_clinical_c_Block_I26-I28 em_clinical_c_Block_I26-I28	em_clinical_c_Block_I26-I28 ef_clinical_c_Block_I26-I28	Disease	em_clinical_c_Block_I26-I28:ef_clinical_c_Block_I26-I28	ef_clinical_c_Block_I26-I28:em_clinical_c_Block_I26-I28
em_clinical_c_Block_I70-I79	clinical_c_Block_I70-I79	I70-I79 Diseases of arteries, arterioles and capillaries (elena)	I70-I79 Diseases of arteries, arterioles and capillaries	206770	201703	5067	male	elena	I70-I79 Diseases of arteries, arterioles and capillaries	I70-I79 Diseases of arteries, arterioles and capillaries (elena) [male]	NA	I70-I79 Diseases of arteries, arterioles and capillaries (elena) NA	ef_clinical_c_Block_I70-I79 em_clinical_c_Block_I70-I79	em_clinical_c_Block_I70-I79 ef_clinical_c_Block_I70-I79	Disease	em_clinical_c_Block_I70-I79:ef_clinical_c_Block_I70-I79	ef_clinical_c_Block_I70-I79:em_clinical_c_Block_I70-I79
em_clinical_c_Block_J09-J18	clinical_c_Block_J09-J18	J09-J18 Influenza and pneumonia (elena)	J09-J18 Influenza and pneumonia	206770	200732	6038	male	elena	J09-J18 Influenza and pneumonia	J09-J18 Influenza and pneumonia (elena) [male]	NA	J09-J18 Influenza and pneumonia (elena) NA	ef_clinical_c_Block_J09-J18 em_clinical_c_Block_J09-J18	em_clinical_c_Block_J09-J18 ef_clinical_c_Block_J09-J18	Disease	em_clinical_c_Block_J09-J18:ef_clinical_c_Block_J09-J18	ef_clinical_c_Block_J09-J18:em_clinical_c_Block_J09-J18
em_clinical_c_Block_K20-K31	clinical_c_Block_K20-K31	K20-K31 Diseases of oesophagus, stomach and duodenum (elena)	K20-K31 Diseases of oesophagus, stomach and duodenum	206770	176389	30381	male	elena	K20-K31 Diseases of oesophagus, stomach and duodenum	K20-K31 Diseases of oesophagus, stomach and duodenum (elena) [male]	NA	K20-K31 Diseases of oesophagus, stomach and duodenum (elena) NA	ef_clinical_c_Block_K20-K31 em_clinical_c_Block_K20-K31	em_clinical_c_Block_K20-K31 ef_clinical_c_Block_K20-K31	Disease	em_clinical_c_Block_K20-K31:ef_clinical_c_Block_K20-K31	ef_clinical_c_Block_K20-K31:em_clinical_c_Block_K20-K31
em_clinical_c_Block_K35-K38	clinical_c_Block_K35-K38	K35-K38 Diseases of appendix (elena)	K35-K38 Diseases of appendix	206770	204913	1857	male	elena	K35-K38 Diseases of appendix	K35-K38 Diseases of appendix (elena) [male]	NA	K35-K38 Diseases of appendix (elena) NA	ef_clinical_c_Block_K35-K38 em_clinical_c_Block_K35-K38	em_clinical_c_Block_K35-K38 ef_clinical_c_Block_K35-K38	Disease	em_clinical_c_Block_K35-K38:ef_clinical_c_Block_K35-K38	ef_clinical_c_Block_K35-K38:em_clinical_c_Block_K35-K38
em_clinical_c_Block_K40-K46	clinical_c_Block_K40-K46	K40-K46 Hernia (elena)	K40-K46 Hernia	206770	175908	30862	male	elena	K40-K46 Hernia	K40-K46 Hernia (elena) [male]	NA	K40-K46 Hernia (elena) NA	ef_clinical_c_Block_K40-K46 em_clinical_c_Block_K40-K46	em_clinical_c_Block_K40-K46 ef_clinical_c_Block_K40-K46	Disease	em_clinical_c_Block_K40-K46:ef_clinical_c_Block_K40-K46	ef_clinical_c_Block_K40-K46:em_clinical_c_Block_K40-K46
em_clinical_c_Block_K55-K64	clinical_c_Block_K55-K64	K55-K64 Other diseases of intestines (elena)	K55-K64 Other diseases of intestines	206770	173901	32869	male	elena	K55-K64 Other diseases of intestines	K55-K64 Other diseases of intestines (elena) [male]	NA	K55-K64 Other diseases of intestines (elena) NA	ef_clinical_c_Block_K55-K64 em_clinical_c_Block_K55-K64	em_clinical_c_Block_K55-K64 ef_clinical_c_Block_K55-K64	Disease	em_clinical_c_Block_K55-K64:ef_clinical_c_Block_K55-K64	ef_clinical_c_Block_K55-K64:em_clinical_c_Block_K55-K64
em_clinical_c_Block_L20-L30	clinical_c_Block_L20-L30	L20-L30 Dermatitis and eczema (elena)	L20-L30 Dermatitis and eczema	206770	205239	1531	male	elena	L20-L30 Dermatitis and eczema	L20-L30 Dermatitis and eczema (elena) [male]	NA	L20-L30 Dermatitis and eczema (elena) NA	ef_clinical_c_Block_L20-L30 em_clinical_c_Block_L20-L30	em_clinical_c_Block_L20-L30 ef_clinical_c_Block_L20-L30	Disease	em_clinical_c_Block_L20-L30:ef_clinical_c_Block_L20-L30	ef_clinical_c_Block_L20-L30:em_clinical_c_Block_L20-L30
em_clinical_c_Block_M15-M19	clinical_c_Block_M15-M19	M15-M19 Arthrosis (elena)	M15-M19 Arthrosis	206770	185742	21028	male	elena	M15-M19 Arthrosis	M15-M19 Arthrosis (elena) [male]	NA	M15-M19 Arthrosis (elena) NA	ef_clinical_c_Block_M15-M19 em_clinical_c_Block_M15-M19	em_clinical_c_Block_M15-M19 ef_clinical_c_Block_M15-M19	Disease	em_clinical_c_Block_M15-M19:ef_clinical_c_Block_M15-M19	ef_clinical_c_Block_M15-M19:em_clinical_c_Block_M15-M19
em_clinical_c_Block_M45-M49	clinical_c_Block_M45-M49	M45-M49 Spondylopathies (elena)	M45-M49 Spondylopathies	206770	201227	5543	male	elena	M45-M49 Spondylopathies	M45-M49 Spondylopathies (elena) [male]	NA	M45-M49 Spondylopathies (elena) NA	ef_clinical_c_Block_M45-M49 em_clinical_c_Block_M45-M49	em_clinical_c_Block_M45-M49 ef_clinical_c_Block_M45-M49	Disease	em_clinical_c_Block_M45-M49:ef_clinical_c_Block_M45-M49	ef_clinical_c_Block_M45-M49:em_clinical_c_Block_M45-M49
em_clinical_c_Block_N17-N19	clinical_c_Block_N17-N19	N17-N19 Renal failure (elena)	N17-N19 Renal failure	206770	201251	5519	male	elena	N17-N19 Renal failure	N17-N19 Renal failure (elena) [male]	NA	N17-N19 Renal failure (elena) NA	ef_clinical_c_Block_N17-N19 em_clinical_c_Block_N17-N19	em_clinical_c_Block_N17-N19 ef_clinical_c_Block_N17-N19	Disease	em_clinical_c_Block_N17-N19:ef_clinical_c_Block_N17-N19	ef_clinical_c_Block_N17-N19:em_clinical_c_Block_N17-N19
em_clinical_c_Block_N20-N23	clinical_c_Block_N20-N23	N20-N23 Urolithiasis (elena)	N20-N23 Urolithiasis	206770	201837	4933	male	elena	N20-N23 Urolithiasis	N20-N23 Urolithiasis (elena) [male]	NA	N20-N23 Urolithiasis (elena) NA	ef_clinical_c_Block_N20-N23 em_clinical_c_Block_N20-N23	em_clinical_c_Block_N20-N23 ef_clinical_c_Block_N20-N23	Disease	em_clinical_c_Block_N20-N23:ef_clinical_c_Block_N20-N23	ef_clinical_c_Block_N20-N23:em_clinical_c_Block_N20-N23
em_clinical_c_D50	clinical_c_D50	D50 Iron deficiency anaemia (elena)	D50 Iron deficiency anaemia	206770	203563	3207	male	elena	D50 Iron deficiency anaemia	D50 Iron deficiency anaemia (elena) [male]	NA	D50 Iron deficiency anaemia (elena) NA	ef_clinical_c_D50 em_clinical_c_D50	em_clinical_c_D50 ef_clinical_c_D50	Disease	em_clinical_c_D50:ef_clinical_c_D50	ef_clinical_c_D50:em_clinical_c_D50
em_clinical_c_E03	clinical_c_E03	E03 Other hypothyroidism (elena)	E03 Other hypothyroidism	206770	203978	2792	male	elena	E03 Other hypothyroidism	E03 Other hypothyroidism (elena) [male]	NA	E03 Other hypothyroidism (elena) NA	ef_clinical_c_E03 em_clinical_c_E03	em_clinical_c_E03 ef_clinical_c_E03	Disease	em_clinical_c_E03:ef_clinical_c_E03	ef_clinical_c_E03:em_clinical_c_E03
em_clinical_c_E10	clinical_c_E10	E10 Insulin-dependent diabetes mellitus (elena)	E10 Insulin-dependent diabetes mellitus	206770	204986	1784	male	elena	E10 Insulin-dependent diabetes mellitus	E10 Insulin-dependent diabetes mellitus (elena) [male]	NA	E10 Insulin-dependent diabetes mellitus (elena) NA	ef_clinical_c_E10 em_clinical_c_E10	em_clinical_c_E10 ef_clinical_c_E10	Disease	em_clinical_c_E10:ef_clinical_c_E10	ef_clinical_c_E10:em_clinical_c_E10
em_clinical_c_E11	clinical_c_E11	E11 Non-insulin-dependent diabetes mellitus (elena)	E11 Non-insulin-dependent diabetes mellitus	206770	194418	12352	male	elena	E11 Non-insulin-dependent diabetes mellitus	E11 Non-insulin-dependent diabetes mellitus (elena) [male]	NA	E11 Non-insulin-dependent diabetes mellitus (elena) NA	ef_clinical_c_E11 em_clinical_c_E11	em_clinical_c_E11 ef_clinical_c_E11	Disease	em_clinical_c_E11:ef_clinical_c_E11	ef_clinical_c_E11:em_clinical_c_E11
em_clinical_c_E66	clinical_c_E66	E66 Obesity (elena)	E66 Obesity	206770	201423	5347	male	elena	E66 Obesity	E66 Obesity (elena) [male]	NA	E66 Obesity (elena) NA	ef_clinical_c_E66 em_clinical_c_E66	em_clinical_c_E66 ef_clinical_c_E66	Disease	em_clinical_c_E66:ef_clinical_c_E66	ef_clinical_c_E66:em_clinical_c_E66
em_clinical_c_E78	clinical_c_E78	E78 Disorders of lipoprotein metabolism and other lipidaemias (elena)	E78 Disorders of lipoprotein metabolism and other lipidaemias	206770	182784	23986	male	elena	E78 Disorders of lipoprotein metabolism and other lipidaemias	E78 Disorders of lipoprotein metabolism and other lipidaemias (elena) [male]	NA	E78 Disorders of lipoprotein metabolism and other lipidaemias (elena) NA	ef_clinical_c_E78 em_clinical_c_E78	em_clinical_c_E78 ef_clinical_c_E78	Disease	em_clinical_c_E78:ef_clinical_c_E78	ef_clinical_c_E78:em_clinical_c_E78
em_clinical_c_E83	clinical_c_E83	E83 Disorders of mineral metabolism (elena)	E83 Disorders of mineral metabolism	206770	205461	1309	male	elena	E83 Disorders of mineral metabolism	E83 Disorders of mineral metabolism (elena) [male]	NA	E83 Disorders of mineral metabolism (elena) NA	ef_clinical_c_E83 em_clinical_c_E83	em_clinical_c_E83 ef_clinical_c_E83	Disease	em_clinical_c_E83:ef_clinical_c_E83	ef_clinical_c_E83:em_clinical_c_E83
em_clinical_c_F10	clinical_c_F10	F10 Mental and behavioural disorders due to use of alcohol (elena)	F10 Mental and behavioural disorders due to use of alcohol	206770	202415	4355	male	elena	F10 Mental and behavioural disorders due to use of alcohol	F10 Mental and behavioural disorders due to use of alcohol (elena) [male]	NA	F10 Mental and behavioural disorders due to use of alcohol (elena) NA	ef_clinical_c_F10 em_clinical_c_F10	em_clinical_c_F10 ef_clinical_c_F10	Disease	em_clinical_c_F10:ef_clinical_c_F10	ef_clinical_c_F10:em_clinical_c_F10
em_clinical_c_F17	clinical_c_F17	F17 Mental and behavioural disorders due to use of tobacco (elena)	F17 Mental and behavioural disorders due to use of tobacco	206770	199967	6803	male	elena	F17 Mental and behavioural disorders due to use of tobacco	F17 Mental and behavioural disorders due to use of tobacco (elena) [male]	NA	F17 Mental and behavioural disorders due to use of tobacco (elena) NA	ef_clinical_c_F17 em_clinical_c_F17	em_clinical_c_F17 ef_clinical_c_F17	Disease	em_clinical_c_F17:ef_clinical_c_F17	ef_clinical_c_F17:em_clinical_c_F17
em_clinical_c_F41	clinical_c_F41	F41 Other anxiety disorders (elena)	F41 Other anxiety disorders	206770	204359	2411	male	elena	F41 Other anxiety disorders	F41 Other anxiety disorders (elena) [male]	NA	F41 Other anxiety disorders (elena) NA	ef_clinical_c_F41 em_clinical_c_F41	em_clinical_c_F41 ef_clinical_c_F41	Disease	em_clinical_c_F41:ef_clinical_c_F41	ef_clinical_c_F41:em_clinical_c_F41
em_clinical_c_G47	clinical_c_G47	G47 Sleep disorders (elena)	G47 Sleep disorders	206770	202631	4139	male	elena	G47 Sleep disorders	G47 Sleep disorders (elena) [male]	NA	G47 Sleep disorders (elena) NA	ef_clinical_c_G47 em_clinical_c_G47	em_clinical_c_G47 ef_clinical_c_G47	Disease	em_clinical_c_G47:ef_clinical_c_G47	ef_clinical_c_G47:em_clinical_c_G47
em_clinical_c_G55	clinical_c_G55	G55 Nerve root and plexus compressions in diseases classified elsewhere (elena)	G55 Nerve root and plexus compressions in diseases classified elsewhere	206770	204819	1951	male	elena	G55 Nerve root and plexus compressions in diseases classified elsewhere	G55 Nerve root and plexus compressions in diseases classified elsewhere (elena) [male]	NA	G55 Nerve root and plexus compressions in diseases classified elsewhere (elena) NA	ef_clinical_c_G55 em_clinical_c_G55	em_clinical_c_G55 ef_clinical_c_G55	Disease	em_clinical_c_G55:ef_clinical_c_G55	ef_clinical_c_G55:em_clinical_c_G55
em_clinical_c_G56	clinical_c_G56	G56 Mo-uropathies of upper limb (elena)	G56 Mo-uropathies of upper limb	206770	202906	3864	male	elena	G56 Mo-uropathies of upper limb	G56 Mo-uropathies of upper limb (elena) [male]	NA	G56 Mo-uropathies of upper limb (elena) NA	ef_clinical_c_G56 em_clinical_c_G56	em_clinical_c_G56 ef_clinical_c_G56	Disease	em_clinical_c_G56:ef_clinical_c_G56	ef_clinical_c_G56:em_clinical_c_G56
em_clinical_c_H25	clinical_c_H25	H25 Senile cataract (elena)	H25 Senile cataract	206770	202809	3961	male	elena	H25 Senile cataract	H25 Senile cataract (elena) [male]	NA	H25 Senile cataract (elena) NA	ef_clinical_c_H25 em_clinical_c_H25	em_clinical_c_H25 ef_clinical_c_H25	Disease	em_clinical_c_H25:ef_clinical_c_H25	ef_clinical_c_H25:em_clinical_c_H25
em_clinical_c_H26	clinical_c_H26	H26 Other cataract (elena)	H26 Other cataract	206770	199843	6927	male	elena	H26 Other cataract	H26 Other cataract (elena) [male]	NA	H26 Other cataract (elena) NA	ef_clinical_c_H26 em_clinical_c_H26	em_clinical_c_H26 ef_clinical_c_H26	Disease	em_clinical_c_H26:ef_clinical_c_H26	ef_clinical_c_H26:em_clinical_c_H26
em_clinical_c_H33	clinical_c_H33	H33 Retinal detachments and breaks (elena)	H33 Retinal detachments and breaks	206770	204713	2057	male	elena	H33 Retinal detachments and breaks	H33 Retinal detachments and breaks (elena) [male]	NA	H33 Retinal detachments and breaks (elena) NA	ef_clinical_c_H33 em_clinical_c_H33	em_clinical_c_H33 ef_clinical_c_H33	Disease	em_clinical_c_H33:ef_clinical_c_H33	ef_clinical_c_H33:em_clinical_c_H33
em_clinical_c_H40	clinical_c_H40	H40 Glaucoma (elena)	H40 Glaucoma	206770	204357	2413	male	elena	H40 Glaucoma	H40 Glaucoma (elena) [male]	NA	H40 Glaucoma (elena) NA	ef_clinical_c_H40 em_clinical_c_H40	em_clinical_c_H40 ef_clinical_c_H40	Disease	em_clinical_c_H40:ef_clinical_c_H40	ef_clinical_c_H40:em_clinical_c_H40
em_clinical_c_I10	clinical_c_I10	I10 Essential (primary) hypertension (elena)	I10 Essential (primary) hypertension	206770	161132	45638	male	elena	I10 Essential (primary) hypertension	I10 Essential (primary) hypertension (elena) [male]	NA	I10 Essential (primary) hypertension (elena) NA	ef_clinical_c_I10 em_clinical_c_I10	em_clinical_c_I10 ef_clinical_c_I10	Disease	em_clinical_c_I10:ef_clinical_c_I10	ef_clinical_c_I10:em_clinical_c_I10
em_clinical_c_I20	clinical_c_I20	I20 Angina pectoris (elena)	I20 Angina pectoris	206770	193792	12978	male	elena	I20 Angina pectoris	I20 Angina pectoris (elena) [male]	NA	I20 Angina pectoris (elena) NA	ef_clinical_c_I20 em_clinical_c_I20	em_clinical_c_I20 ef_clinical_c_I20	Disease	em_clinical_c_I20:ef_clinical_c_I20	ef_clinical_c_I20:em_clinical_c_I20
em_clinical_c_I21	clinical_c_I21	I21 Acute myocardial infarction (elena)	I21 Acute myocardial infarction	206770	199965	6805	male	elena	I21 Acute myocardial infarction	I21 Acute myocardial infarction (elena) [male]	NA	I21 Acute myocardial infarction (elena) NA	ef_clinical_c_I21 em_clinical_c_I21	em_clinical_c_I21 ef_clinical_c_I21	Disease	em_clinical_c_I21:ef_clinical_c_I21	ef_clinical_c_I21:em_clinical_c_I21
em_clinical_c_I25	clinical_c_I25	I25 Chronic ischaemic heart disease (elena)	I25 Chronic ischaemic heart disease	206770	186778	19992	male	elena	I25 Chronic ischaemic heart disease	I25 Chronic ischaemic heart disease (elena) [male]	NA	I25 Chronic ischaemic heart disease (elena) NA	ef_clinical_c_I25 em_clinical_c_I25	em_clinical_c_I25 ef_clinical_c_I25	Disease	em_clinical_c_I25:ef_clinical_c_I25	ef_clinical_c_I25:em_clinical_c_I25
em_clinical_c_I26	clinical_c_I26	I26 Pulmonary embolism (elena)	I26 Pulmonary embolism	206770	204576	2194	male	elena	I26 Pulmonary embolism	I26 Pulmonary embolism (elena) [male]	NA	I26 Pulmonary embolism (elena) NA	ef_clinical_c_I26 em_clinical_c_I26	em_clinical_c_I26 ef_clinical_c_I26	Disease	em_clinical_c_I26:ef_clinical_c_I26	ef_clinical_c_I26:em_clinical_c_I26
em_clinical_c_I34	clinical_c_I34	I34 Nonrheumatic mitral valve disorders (elena)	I34 Nonrheumatic mitral valve disorders	206770	205299	1471	male	elena	I34 Nonrheumatic mitral valve disorders	I34 Nonrheumatic mitral valve disorders (elena) [male]	NA	I34 Nonrheumatic mitral valve disorders (elena) NA	ef_clinical_c_I34 em_clinical_c_I34	em_clinical_c_I34 ef_clinical_c_I34	Disease	em_clinical_c_I34:ef_clinical_c_I34	ef_clinical_c_I34:em_clinical_c_I34
em_clinical_c_I44	clinical_c_I44	I44 Atrioventricular and left bundle-branch block (elena)	I44 Atrioventricular and left bundle-branch block	206770	204195	2575	male	elena	I44 Atrioventricular and left bundle-branch block	I44 Atrioventricular and left bundle-branch block (elena) [male]	NA	I44 Atrioventricular and left bundle-branch block (elena) NA	ef_clinical_c_I44 em_clinical_c_I44	em_clinical_c_I44 ef_clinical_c_I44	Disease	em_clinical_c_I44:ef_clinical_c_I44	ef_clinical_c_I44:em_clinical_c_I44
em_clinical_c_I47	clinical_c_I47	I47 Paroxysmal tachycardia (elena)	I47 Paroxysmal tachycardia	206770	204854	1916	male	elena	I47 Paroxysmal tachycardia	I47 Paroxysmal tachycardia (elena) [male]	NA	I47 Paroxysmal tachycardia (elena) NA	ef_clinical_c_I47 em_clinical_c_I47	em_clinical_c_I47 ef_clinical_c_I47	Disease	em_clinical_c_I47:ef_clinical_c_I47	ef_clinical_c_I47:em_clinical_c_I47
em_clinical_c_I50	clinical_c_I50	I50 Heart failure (elena)	I50 Heart failure	206770	202608	4162	male	elena	I50 Heart failure	I50 Heart failure (elena) [male]	NA	I50 Heart failure (elena) NA	ef_clinical_c_I50 em_clinical_c_I50	em_clinical_c_I50 ef_clinical_c_I50	Disease	em_clinical_c_I50:ef_clinical_c_I50	ef_clinical_c_I50:em_clinical_c_I50
em_clinical_c_I80	clinical_c_I80	I80 Phlebitis and thrombophlebitis (elena)	I80 Phlebitis and thrombophlebitis	206770	204478	2292	male	elena	I80 Phlebitis and thrombophlebitis	I80 Phlebitis and thrombophlebitis (elena) [male]	NA	I80 Phlebitis and thrombophlebitis (elena) NA	ef_clinical_c_I80 em_clinical_c_I80	em_clinical_c_I80 ef_clinical_c_I80	Disease	em_clinical_c_I80:ef_clinical_c_I80	ef_clinical_c_I80:em_clinical_c_I80
em_clinical_c_I83	clinical_c_I83	I83 Varicose veins of lower extremities (elena)	I83 Varicose veins of lower extremities	206770	202711	4059	male	elena	I83 Varicose veins of lower extremities	I83 Varicose veins of lower extremities (elena) [male]	NA	I83 Varicose veins of lower extremities (elena) NA	ef_clinical_c_I83 em_clinical_c_I83	em_clinical_c_I83 ef_clinical_c_I83	Disease	em_clinical_c_I83:ef_clinical_c_I83	ef_clinical_c_I83:em_clinical_c_I83
em_clinical_c_I84	clinical_c_I84	I84 Haemorrhoids (elena)	I84 Haemorrhoids	206770	194100	12670	male	elena	I84 Haemorrhoids	I84 Haemorrhoids (elena) [male]	NA	I84 Haemorrhoids (elena) NA	ef_clinical_c_I84 em_clinical_c_I84	em_clinical_c_I84 ef_clinical_c_I84	Disease	em_clinical_c_I84:ef_clinical_c_I84	ef_clinical_c_I84:em_clinical_c_I84
em_clinical_c_J32	clinical_c_J32	J32 Chronic sinusitis (elena)	J32 Chronic sinusitis	206770	205479	1291	male	elena	J32 Chronic sinusitis	J32 Chronic sinusitis (elena) [male]	NA	J32 Chronic sinusitis (elena) NA	ef_clinical_c_J32 em_clinical_c_J32	em_clinical_c_J32 ef_clinical_c_J32	Disease	em_clinical_c_J32:ef_clinical_c_J32	ef_clinical_c_J32:em_clinical_c_J32
em_clinical_c_J33	clinical_c_J33	J33 Nasal polyp (elena)	J33 Nasal polyp	206770	204420	2350	male	elena	J33 Nasal polyp	J33 Nasal polyp (elena) [male]	NA	J33 Nasal polyp (elena) NA	ef_clinical_c_J33 em_clinical_c_J33	em_clinical_c_J33 ef_clinical_c_J33	Disease	em_clinical_c_J33:ef_clinical_c_J33	ef_clinical_c_J33:em_clinical_c_J33
em_clinical_c_J44	clinical_c_J44	J44 Other chronic obstructive pulmonary disease (elena)	J44 Other chronic obstructive pulmonary disease	206770	201649	5121	male	elena	J44 Other chronic obstructive pulmonary disease	J44 Other chronic obstructive pulmonary disease (elena) [male]	NA	J44 Other chronic obstructive pulmonary disease (elena) NA	ef_clinical_c_J44 em_clinical_c_J44	em_clinical_c_J44 ef_clinical_c_J44	Disease	em_clinical_c_J44:ef_clinical_c_J44	ef_clinical_c_J44:em_clinical_c_J44
em_clinical_c_J45	clinical_c_J45	J45 Asthma (elena)	J45 Asthma	206770	195444	11326	male	elena	J45 Asthma	J45 Asthma (elena) [male]	NA	J45 Asthma (elena) NA	ef_clinical_c_J45 em_clinical_c_J45	em_clinical_c_J45 ef_clinical_c_J45	Disease	em_clinical_c_J45:ef_clinical_c_J45	ef_clinical_c_J45:em_clinical_c_J45
em_clinical_c_K20	clinical_c_K20	K20 Oesophagitis (elena)	K20 Oesophagitis	206770	201396	5374	male	elena	K20 Oesophagitis	K20 Oesophagitis (elena) [male]	NA	K20 Oesophagitis (elena) NA	ef_clinical_c_K20 em_clinical_c_K20	em_clinical_c_K20 ef_clinical_c_K20	Disease	em_clinical_c_K20:ef_clinical_c_K20	ef_clinical_c_K20:em_clinical_c_K20
em_clinical_c_K21	clinical_c_K21	K21 Gastro-oesophageal reflux disease (elena)	K21 Gastro-oesophageal reflux disease	206770	195378	11392	male	elena	K21 Gastro-oesophageal reflux disease	K21 Gastro-oesophageal reflux disease (elena) [male]	NA	K21 Gastro-oesophageal reflux disease (elena) NA	ef_clinical_c_K21 em_clinical_c_K21	em_clinical_c_K21 ef_clinical_c_K21	Disease	em_clinical_c_K21:ef_clinical_c_K21	ef_clinical_c_K21:em_clinical_c_K21
em_clinical_c_K25	clinical_c_K25	K25 Gastric ulcer (elena)	K25 Gastric ulcer	206770	204427	2343	male	elena	K25 Gastric ulcer	K25 Gastric ulcer (elena) [male]	NA	K25 Gastric ulcer (elena) NA	ef_clinical_c_K25 em_clinical_c_K25	em_clinical_c_K25 ef_clinical_c_K25	Disease	em_clinical_c_K25:ef_clinical_c_K25	ef_clinical_c_K25:em_clinical_c_K25
em_clinical_c_K29	clinical_c_K29	K29 Gastritis and duodenitis (elena)	K29 Gastritis and duodenitis	206770	192974	13796	male	elena	K29 Gastritis and duodenitis	K29 Gastritis and duodenitis (elena) [male]	NA	K29 Gastritis and duodenitis (elena) NA	ef_clinical_c_K29 em_clinical_c_K29	em_clinical_c_K29 ef_clinical_c_K29	Disease	em_clinical_c_K29:ef_clinical_c_K29	ef_clinical_c_K29:em_clinical_c_K29
em_clinical_c_K30	clinical_c_K30	K30 Dyspepsia (elena)	K30 Dyspepsia	206770	202004	4766	male	elena	K30 Dyspepsia	K30 Dyspepsia (elena) [male]	NA	K30 Dyspepsia (elena) NA	ef_clinical_c_K30 em_clinical_c_K30	em_clinical_c_K30 ef_clinical_c_K30	Disease	em_clinical_c_K30:ef_clinical_c_K30	ef_clinical_c_K30:em_clinical_c_K30
em_clinical_c_K40	clinical_c_K40	K40 Inguinal hernia (elena)	K40 Inguinal hernia	206770	190793	15977	male	elena	K40 Inguinal hernia	K40 Inguinal hernia (elena) [male]	NA	K40 Inguinal hernia (elena) NA	ef_clinical_c_K40 em_clinical_c_K40	em_clinical_c_K40 ef_clinical_c_K40	Disease	em_clinical_c_K40:ef_clinical_c_K40	ef_clinical_c_K40:em_clinical_c_K40
em_clinical_c_K42	clinical_c_K42	K42 Umbilical hernia (elena)	K42 Umbilical hernia	206770	203744	3026	male	elena	K42 Umbilical hernia	K42 Umbilical hernia (elena) [male]	NA	K42 Umbilical hernia (elena) NA	ef_clinical_c_K42 em_clinical_c_K42	em_clinical_c_K42 ef_clinical_c_K42	Disease	em_clinical_c_K42:ef_clinical_c_K42	ef_clinical_c_K42:em_clinical_c_K42
em_clinical_c_K43	clinical_c_K43	K43 Ventral hernia (elena)	K43 Ventral hernia	206770	204924	1846	male	elena	K43 Ventral hernia	K43 Ventral hernia (elena) [male]	NA	K43 Ventral hernia (elena) NA	ef_clinical_c_K43 em_clinical_c_K43	em_clinical_c_K43 ef_clinical_c_K43	Disease	em_clinical_c_K43:ef_clinical_c_K43	ef_clinical_c_K43:em_clinical_c_K43
em_clinical_c_K44	clinical_c_K44	K44 Diaphragmatic hernia (elena)	K44 Diaphragmatic hernia	206770	193962	12808	male	elena	K44 Diaphragmatic hernia	K44 Diaphragmatic hernia (elena) [male]	NA	K44 Diaphragmatic hernia (elena) NA	ef_clinical_c_K44 em_clinical_c_K44	em_clinical_c_K44 ef_clinical_c_K44	Disease	em_clinical_c_K44:ef_clinical_c_K44	ef_clinical_c_K44:em_clinical_c_K44
em_clinical_c_K51	clinical_c_K51	K51 Ulcerative colitis (elena)	K51 Ulcerative colitis	206770	204922	1848	male	elena	K51 Ulcerative colitis	K51 Ulcerative colitis (elena) [male]	NA	K51 Ulcerative colitis (elena) NA	ef_clinical_c_K51 em_clinical_c_K51	em_clinical_c_K51 ef_clinical_c_K51	Disease	em_clinical_c_K51:ef_clinical_c_K51	ef_clinical_c_K51:em_clinical_c_K51
em_clinical_c_K57	clinical_c_K57	K57 Diverticular disease of intestine (elena)	K57 Diverticular disease of intestine	206770	192587	14183	male	elena	K57 Diverticular disease of intestine	K57 Diverticular disease of intestine (elena) [male]	NA	K57 Diverticular disease of intestine (elena) NA	ef_clinical_c_K57 em_clinical_c_K57	em_clinical_c_K57 ef_clinical_c_K57	Disease	em_clinical_c_K57:ef_clinical_c_K57	ef_clinical_c_K57:em_clinical_c_K57
em_clinical_c_K58	clinical_c_K58	K58 Irritable bowel syndrome (elena)	K58 Irritable bowel syndrome	206770	205276	1494	male	elena	K58 Irritable bowel syndrome	K58 Irritable bowel syndrome (elena) [male]	NA	K58 Irritable bowel syndrome (elena) NA	ef_clinical_c_K58 em_clinical_c_K58	em_clinical_c_K58 ef_clinical_c_K58	Disease	em_clinical_c_K58:ef_clinical_c_K58	ef_clinical_c_K58:em_clinical_c_K58
em_clinical_c_K63	clinical_c_K63	K63 Other diseases of intestine (elena)	K63 Other diseases of intestine	206770	198211	8559	male	elena	K63 Other diseases of intestine	K63 Other diseases of intestine (elena) [male]	NA	K63 Other diseases of intestine (elena) NA	ef_clinical_c_K63 em_clinical_c_K63	em_clinical_c_K63 ef_clinical_c_K63	Disease	em_clinical_c_K63:ef_clinical_c_K63	ef_clinical_c_K63:em_clinical_c_K63
em_clinical_c_K80	clinical_c_K80	K80 Cholelithiasis (elena)	K80 Cholelithiasis	206770	202211	4559	male	elena	K80 Cholelithiasis	K80 Cholelithiasis (elena) [male]	NA	K80 Cholelithiasis (elena) NA	ef_clinical_c_K80 em_clinical_c_K80	em_clinical_c_K80 ef_clinical_c_K80	Disease	em_clinical_c_K80:ef_clinical_c_K80	ef_clinical_c_K80:em_clinical_c_K80
em_clinical_c_L02	clinical_c_L02	L02 Cutaneous abscess, furuncle and carbuncle (elena)	L02 Cutaneous abscess, furuncle and carbuncle	206770	205376	1394	male	elena	L02 Cutaneous abscess, furuncle and carbuncle	L02 Cutaneous abscess, furuncle and carbuncle (elena) [male]	NA	L02 Cutaneous abscess, furuncle and carbuncle (elena) NA	ef_clinical_c_L02 em_clinical_c_L02	em_clinical_c_L02 ef_clinical_c_L02	Disease	em_clinical_c_L02:ef_clinical_c_L02	ef_clinical_c_L02:em_clinical_c_L02
em_clinical_c_L03	clinical_c_L03	L03 Cellulitis (elena)	L03 Cellulitis	206770	202195	4575	male	elena	L03 Cellulitis	L03 Cellulitis (elena) [male]	NA	L03 Cellulitis (elena) NA	ef_clinical_c_L03 em_clinical_c_L03	em_clinical_c_L03 ef_clinical_c_L03	Disease	em_clinical_c_L03:ef_clinical_c_L03	ef_clinical_c_L03:em_clinical_c_L03
em_clinical_c_L40	clinical_c_L40	L40 Psoriasis (elena)	L40 Psoriasis	206770	205462	1308	male	elena	L40 Psoriasis	L40 Psoriasis (elena) [male]	NA	L40 Psoriasis (elena) NA	ef_clinical_c_L40 em_clinical_c_L40	em_clinical_c_L40 ef_clinical_c_L40	Disease	em_clinical_c_L40:ef_clinical_c_L40	ef_clinical_c_L40:em_clinical_c_L40
em_clinical_c_L72	clinical_c_L72	L72 Follicular cysts of skin and subcutaneous tissue (elena)	L72 Follicular cysts of skin and subcutaneous tissue	206770	202433	4337	male	elena	L72 Follicular cysts of skin and subcutaneous tissue	L72 Follicular cysts of skin and subcutaneous tissue (elena) [male]	NA	L72 Follicular cysts of skin and subcutaneous tissue (elena) NA	ef_clinical_c_L72 em_clinical_c_L72	em_clinical_c_L72 ef_clinical_c_L72	Disease	em_clinical_c_L72:ef_clinical_c_L72	ef_clinical_c_L72:em_clinical_c_L72
em_clinical_c_M06	clinical_c_M06	M06 Other rheumatoid arthritis (elena)	M06 Other rheumatoid arthritis	206770	205309	1461	male	elena	M06 Other rheumatoid arthritis	M06 Other rheumatoid arthritis (elena) [male]	NA	M06 Other rheumatoid arthritis (elena) NA	ef_clinical_c_M06 em_clinical_c_M06	em_clinical_c_M06 ef_clinical_c_M06	Disease	em_clinical_c_M06:ef_clinical_c_M06	ef_clinical_c_M06:em_clinical_c_M06
em_clinical_c_M13	clinical_c_M13	M13 Other arthritis (elena)	M13 Other arthritis	206770	201921	4849	male	elena	M13 Other arthritis	M13 Other arthritis (elena) [male]	NA	M13 Other arthritis (elena) NA	ef_clinical_c_M13 em_clinical_c_M13	em_clinical_c_M13 ef_clinical_c_M13	Disease	em_clinical_c_M13:ef_clinical_c_M13	ef_clinical_c_M13:em_clinical_c_M13
em_clinical_c_M15	clinical_c_M15	M15 Polyarthrosis (elena)	M15 Polyarthrosis	206770	205233	1537	male	elena	M15 Polyarthrosis	M15 Polyarthrosis (elena) [male]	NA	M15 Polyarthrosis (elena) NA	ef_clinical_c_M15 em_clinical_c_M15	em_clinical_c_M15 ef_clinical_c_M15	Disease	em_clinical_c_M15:ef_clinical_c_M15	ef_clinical_c_M15:em_clinical_c_M15
em_clinical_c_M16	clinical_c_M16	M16 Coxarthrosis [arthrosis of hip] (elena)	M16 Coxarthrosis [arthrosis of hip]	206770	201300	5470	male	elena	M16 Coxarthrosis [arthrosis of hip]	M16 Coxarthrosis [arthrosis of hip] (elena) [male]	NA	M16 Coxarthrosis [arthrosis of hip] (elena) NA	ef_clinical_c_M16 em_clinical_c_M16	em_clinical_c_M16 ef_clinical_c_M16	Disease	em_clinical_c_M16:ef_clinical_c_M16	ef_clinical_c_M16:em_clinical_c_M16
em_clinical_c_M17	clinical_c_M17	M17 Gonarthrosis [arthrosis of knee] (elena)	M17 Gonarthrosis [arthrosis of knee]	206770	195936	10834	male	elena	M17 Gonarthrosis [arthrosis of knee]	M17 Gonarthrosis [arthrosis of knee] (elena) [male]	NA	M17 Gonarthrosis [arthrosis of knee] (elena) NA	ef_clinical_c_M17 em_clinical_c_M17	em_clinical_c_M17 ef_clinical_c_M17	Disease	em_clinical_c_M17:ef_clinical_c_M17	ef_clinical_c_M17:em_clinical_c_M17
em_clinical_c_M19	clinical_c_M19	M19 Other arthrosis (elena)	M19 Other arthrosis	206770	199874	6896	male	elena	M19 Other arthrosis	M19 Other arthrosis (elena) [male]	NA	M19 Other arthrosis (elena) NA	ef_clinical_c_M19 em_clinical_c_M19	em_clinical_c_M19 ef_clinical_c_M19	Disease	em_clinical_c_M19:ef_clinical_c_M19	ef_clinical_c_M19:em_clinical_c_M19
em_clinical_c_M23	clinical_c_M23	M23 Internal derangement of knee (elena)	M23 Internal derangement of knee	206770	197414	9356	male	elena	M23 Internal derangement of knee	M23 Internal derangement of knee (elena) [male]	NA	M23 Internal derangement of knee (elena) NA	ef_clinical_c_M23 em_clinical_c_M23	em_clinical_c_M23 ef_clinical_c_M23	Disease	em_clinical_c_M23:ef_clinical_c_M23	ef_clinical_c_M23:em_clinical_c_M23
em_clinical_c_M47	clinical_c_M47	M47 Spondylosis (elena)	M47 Spondylosis	206770	203519	3251	male	elena	M47 Spondylosis	M47 Spondylosis (elena) [male]	NA	M47 Spondylosis (elena) NA	ef_clinical_c_M47 em_clinical_c_M47	em_clinical_c_M47 ef_clinical_c_M47	Disease	em_clinical_c_M47:ef_clinical_c_M47	ef_clinical_c_M47:em_clinical_c_M47
em_clinical_c_M48	clinical_c_M48	M48 Other spondylopathies (elena)	M48 Other spondylopathies	206770	204677	2093	male	elena	M48 Other spondylopathies	M48 Other spondylopathies (elena) [male]	NA	M48 Other spondylopathies (elena) NA	ef_clinical_c_M48 em_clinical_c_M48	em_clinical_c_M48 ef_clinical_c_M48	Disease	em_clinical_c_M48:ef_clinical_c_M48	ef_clinical_c_M48:em_clinical_c_M48
em_clinical_c_M54	clinical_c_M54	M54 Dorsalgia (elena)	M54 Dorsalgia	206770	200280	6490	male	elena	M54 Dorsalgia	M54 Dorsalgia (elena) [male]	NA	M54 Dorsalgia (elena) NA	ef_clinical_c_M54 em_clinical_c_M54	em_clinical_c_M54 ef_clinical_c_M54	Disease	em_clinical_c_M54:ef_clinical_c_M54	ef_clinical_c_M54:em_clinical_c_M54
em_clinical_c_M65	clinical_c_M65	M65 Synovitis and tenosynovitis (elena)	M65 Synovitis and tenosynovitis	206770	204445	2325	male	elena	M65 Synovitis and tenosynovitis	M65 Synovitis and tenosynovitis (elena) [male]	NA	M65 Synovitis and tenosynovitis (elena) NA	ef_clinical_c_M65 em_clinical_c_M65	em_clinical_c_M65 ef_clinical_c_M65	Disease	em_clinical_c_M65:ef_clinical_c_M65	ef_clinical_c_M65:em_clinical_c_M65
em_clinical_c_M72	clinical_c_M72	M72 Fibroblastic disorders (elena)	M72 Fibroblastic disorders	206770	203637	3133	male	elena	M72 Fibroblastic disorders	M72 Fibroblastic disorders (elena) [male]	NA	M72 Fibroblastic disorders (elena) NA	ef_clinical_c_M72 em_clinical_c_M72	em_clinical_c_M72 ef_clinical_c_M72	Disease	em_clinical_c_M72:ef_clinical_c_M72	ef_clinical_c_M72:em_clinical_c_M72
em_clinical_c_M75	clinical_c_M75	M75 Shoulder lesions (elena)	M75 Shoulder lesions	206770	202186	4584	male	elena	M75 Shoulder lesions	M75 Shoulder lesions (elena) [male]	NA	M75 Shoulder lesions (elena) NA	ef_clinical_c_M75 em_clinical_c_M75	em_clinical_c_M75 ef_clinical_c_M75	Disease	em_clinical_c_M75:ef_clinical_c_M75	ef_clinical_c_M75:em_clinical_c_M75
em_clinical_c_N18	clinical_c_N18	N18 Chronic renal failure (elena)	N18 Chronic renal failure	206770	204056	2714	male	elena	N18 Chronic renal failure	N18 Chronic renal failure (elena) [male]	NA	N18 Chronic renal failure (elena) NA	ef_clinical_c_N18 em_clinical_c_N18	em_clinical_c_N18 ef_clinical_c_N18	Disease	em_clinical_c_N18:ef_clinical_c_N18	ef_clinical_c_N18:em_clinical_c_N18
em_clinical_c_N20	clinical_c_N20	N20 Calculus of kidney and ureter (elena)	N20 Calculus of kidney and ureter	206770	203134	3636	male	elena	N20 Calculus of kidney and ureter	N20 Calculus of kidney and ureter (elena) [male]	NA	N20 Calculus of kidney and ureter (elena) NA	ef_clinical_c_N20 em_clinical_c_N20	em_clinical_c_N20 ef_clinical_c_N20	Disease	em_clinical_c_N20:ef_clinical_c_N20	ef_clinical_c_N20:em_clinical_c_N20
em_clinical_c_N35	clinical_c_N35	N35 Urethral stricture (elena)	N35 Urethral stricture	206770	204657	2113	male	elena	N35 Urethral stricture	N35 Urethral stricture (elena) [male]	NA	N35 Urethral stricture (elena) NA	ef_clinical_c_N35 em_clinical_c_N35	em_clinical_c_N35 ef_clinical_c_N35	Disease	em_clinical_c_N35:ef_clinical_c_N35	ef_clinical_c_N35:em_clinical_c_N35
em_clinical_c_N39	clinical_c_N39	N39 Other disorders of urinary system (elena)	N39 Other disorders of urinary system	206770	200171	6599	male	elena	N39 Other disorders of urinary system	N39 Other disorders of urinary system (elena) [male]	NA	N39 Other disorders of urinary system (elena) NA	ef_clinical_c_N39 em_clinical_c_N39	em_clinical_c_N39 ef_clinical_c_N39	Disease	em_clinical_c_N39:ef_clinical_c_N39	ef_clinical_c_N39:em_clinical_c_N39
l1f	l1	HDL (requested)	HDL	617211	NA	NA	female	requested	HDL	HDL (requested) [female]	36575460	HDL (requested) 36575460	l1f l1m	l1m l1f	Metabolic	l1m:l1f	l1f:l1m
l1m	l1	HDL (requested)	HDL	723018	NA	NA	male	requested	HDL	HDL (requested) [male]	36575460	HDL (requested) 36575460	l1f l1m	l1m l1f	Metabolic	l1m:l1f	l1f:l1m
l2f	l2	LDL (requested)	LDL	617211	NA	NA	female	requested	LDL	LDL (requested) [female]	36575460	LDL (requested) 36575460	l2f l2m	l2m l2f	Metabolic	l2m:l2f	l2f:l2m
l2m	l2	LDL (requested)	LDL	723018	NA	NA	male	requested	LDL	LDL (requested) [male]	36575460	LDL (requested) 36575460	l2f l2m	l2m l2f	Metabolic	l2m:l2f	l2f:l2m
l3f	l3	TC (requested)	TC	617211	NA	NA	female	requested	TC	TC (requested) [female]	36575460	TC (requested) 36575460	l3f l3m	l3m l3f	Metabolic	l3m:l3f	l3f:l3m
l3m	l3	TC (requested)	TC	723018	NA	NA	male	requested	TC	TC (requested) [male]	36575460	TC (requested) 36575460	l3f l3m	l3m l3f	Metabolic	l3m:l3f	l3f:l3m
l4f	l4	logTG (requested)	logTG	617211	NA	NA	female	requested	logTG	logTG (requested) [female]	36575460	logTG (requested) 36575460	l4f l4m	l4m l4f	Metabolic	l4m:l4f	l4f:l4m
l4m	l4	logTG (requested)	logTG	723018	NA	NA	male	requested	logTG	logTG (requested) [male]	36575460	logTG (requested) 36575460	l4f l4m	l4m l4f	Metabolic	l4m:l4f	l4f:l4m
l5f	l5	nonHDL (requested)	nonHDL	617211	NA	NA	female	requested	nonHDL	nonHDL (requested) [female]	36575460	nonHDL (requested) 36575460	l5f l5m	l5m l5f	Metabolic	l5m:l5f	l5f:l5m
l5m	l5	nonHDL (requested)	nonHDL	723018	NA	NA	male	requested	nonHDL	nonHDL (requested) [male]	36575460	nonHDL (requested) 36575460	l5f l5m	l5m l5f	Metabolic	l5m:l5f	l5f:l5m
r10f	r10	Major Depression (requested)	Major Depression	41937	19723	22214	female	requested	Major Depression	Major Depression (requested) [female]	31206164	Major Depression (requested) 31206164	r10f r10m	r10m r10f	Disease	r10m:r10f	r10f:r10m
r10m	r10	Major Depression (requested)	Major Depression	28993	18799	10194	male	requested	Major Depression	Major Depression (requested) [male]	31206164	Major Depression (requested) 31206164	r10f r10m	r10m r10f	Disease	r10m:r10f	r10f:r10m
r4f	r4	PTSD (requested)	PTSD	79846	NA	NA	female	requested	PTSD	PTSD (requested) [female]	31594949	PTSD (requested) 31594949	r4f r4m	r4m r4f	Disease	r4m:r4f	r4f:r4m
r4m	r4	PTSD (requested)	PTSD	87532	NA	NA	male	requested	PTSD	PTSD (requested) [male]	31594949	PTSD (requested) 31594949	r4f r4m	r4m r4f	Disease	r4m:r4f	r4f:r4m
r5f	r5	Schizophrenia (requested)	Schizophrenia	54663	36903	17760	female	requested	Schizophrenia	Schizophrenia (requested) [female]	35396580	Schizophrenia (requested) 35396580	r5f r5m	r5m r5f	Disease	r5m:r5f	r5f:r5m
r5m	r5	Schizophrenia (requested)	Schizophrenia	68287	35190	33097	male	requested	Schizophrenia	Schizophrenia (requested) [male]	35396580	Schizophrenia (requested) 35396580	r5f r5m	r5m r5f	Disease	r5m:r5f	r5f:r5m
r6f	r6	COVID19 Hospitalization (A1HOSP) (requested)	COVID19 Hospitalization (A1HOSP)	7556	5042	2514	female	requested	COVID19 Hospitalization (A1HOSP)	COVID19 Hospitalization (A1HOSP) (requested) [female]	37198478	COVID19 Hospitalization (A1HOSP) (requested) 37198478	r6f r6m	r6m r6f	Disease	r6m:r6f	r6f:r6m
r6m	r6	COVID19 Hospitalization (A1HOSP) (requested)	COVID19 Hospitalization (A1HOSP)	7186	3768	3418	male	requested	COVID19 Hospitalization (A1HOSP)	COVID19 Hospitalization (A1HOSP) (requested) [male]	37198478	COVID19 Hospitalization (A1HOSP) (requested) 37198478	r6f r6m	r6m r6f	Disease	r6m:r6f	r6f:r6m
r8f	r8	Risk-taking behaviour (requested)	Risk-taking behaviour	175963	143678	32285	female	requested	Risk-taking behaviour	Risk-taking behaviour (requested) [female]	30181555	Risk-taking behaviour (requested) 30181555	r8f r8m	r8m r8f	Behavioural	r8m:r8f	r8f:r8m
r8m	r8	Risk-taking behaviour (requested)	Risk-taking behaviour	152376	100984	51392	male	requested	Risk-taking behaviour	Risk-taking behaviour (requested) [male]	30181555	Risk-taking behaviour (requested) 30181555	r8f r8m	r8m r8f	Behavioural	r8m:r8f	r8f:r8m
r9f	r9	Carotid intima-media thickness (requested)	Carotid intima-media thickness	11471	NA	NA	female	requested	Carotid intima-media thickness	Carotid intima-media thickness (requested) [female]	31801372	Carotid intima-media thickness (requested) 31801372	r9f r9m	r9m r9f	Anatomical	r9m:r9f	r9f:r9m
r9m	r9	Carotid intima-media thickness (requested)	Carotid intima-media thickness	10708	NA	NA	male	requested	Carotid intima-media thickness	Carotid intima-media thickness (requested) [male]	31801372	Carotid intima-media thickness (requested) 31801372	r9f r9m	r9m r9f	Anatomical	r9m:r9f	r9f:r9m
