CODE D1D2OR D1D2ORPVAL D1GWD2OR D1GWD2PVAL D1SUGD2OR D1SUGD2PVAL D1D2MIN_BTOR D1D2MIN_BTPVAL D1D2MIN_FETOR D1D2MIN_FETPVAL
100m:126m 16.1354 3.379e-64 Inf 0.02857 Inf 2.835e-06 1.5859 1.258e-135 2.1861 1.318e-188
100m:136m 2.3211 3.507e-07 Inf 0.3333 1.1373 4.006e-12 1.2826 4.768e-20
100m:144m 0.4621 2.877e-06 0.2834 0.5671 0.8414 9.147e-21 0.8032 2.077e-24
100m:151m 1.0347 0.88 0.9907 0.6223 0.9469 0.111
100m:152m 1.0473 0.8196 1.0363 0.05649 1.0422 0.03434
100m:157m 2.614 2.045e-08 Inf 0.3333 6.4083 0.4857 1.166 1.285e-15 1.2611 4.397e-22
100m:163m 10.3302 1.472e-42 Inf 0.02857 Inf 0.0001554 1.5152 2.238e-102 2.0544 1.418e-142
100m:169m 1.0562 0.8039 1 1 1.0569 0.003408 2.1924 0.00142
100m:175m 5.9794 3.315e-28 Inf 0.02857 23.4961 0.02914 1.3642 1.156e-60 1.7526 5.471e-88
100m:181m 0.5169 0.0001192 0.0917 0.2063 0.8752 3.507e-12 0.8294 3.075e-16
100m:187m 0.9337 0.7402 0.322 1 1.0004 0.9923 1.4026 0.2413
100m:4370m 0.9299 0.6971 2.07 1 1.0278 0.1389 6.9839 0.02684
100m:4373m 1.2026 0.2721 0.9671 0.07007 0.8826 0.0009483
100m:49m 0.8921 0.4963 1.0201 0.2824 1.0364 0.08794
100m:52m 1.047 0.8201 1.0517 0.006109 1.0717 0.0008904
100m:97m 0.9744 0.9358 Inf 1 0.9878 0.5146 0.9467 0.1292
100m:a13m 0.864 0.3904 1 1 0.2834 0.5671 0.9874 0.5057 6.4069 0.08611
100m:a1m 1.1733 0.3258 1.0147 0.4428 1.2408 0.1073
100m:a21m 0.5727 0.0004028 0.9557 0.0141 0.7846 0.001239
100m:a22m 0.8568 0.3339 0.9946 0.7758 0.8621 0.00594
100m:a27m 1.3132 0.5081 1.0694 0.0163 1.1328 0.002637
100m:a28m 0.9441 1 0.9315 0.01084 0.9081 0.003059
100m:a29m 0.9664 0.88 1.0348 0.06593 1.0874 0.01963
100m:a30m 1.2684 0.1225 Inf 1 3.1058 1 0.9827 0.3481 0.9443 0.02679
100m:a7m 1 1 1.0213 0.2592 0.932 0.1333
100m:a8m 0.9695 0.8857 1 1 0.3848 0.6193 0.9926 0.6931 0.9635 0.09513
100m:a9m 1.0131 1 0.9977 0.9146 0.955 0.1084
100m:ADr1um 0.9488 0.8078 1.0433 0.02215 1.0502 0.01371
100m:bm1m 1.1162 0.5316 1.0005 0.9851 1.1168 0.01876
100m:bm2m 1.0928 0.6326 1.0175 0.356 1.041 0.1352
100m:bm4m 1.0547 0.8065 0.9863 0.4665 0.6585 0.1121
100m:bm5m 0.9304 0.698 0.996 0.8372 0.9269 0.1219
100m:bm6m 1.1968 0.2609 0.9554 0.01494 0.9545 0.01334
100m:bm7m 1.1429 0.4356 0.9824 0.3462 0.948 0.217
100m:bm8m 0.7522 0.09952 0.9953 0.8087 Inf 0.02857
100m:ch1m 0.9636 0.875 1.0095 0.6126 0.2661 0.2203
100m:ch4m 1.2243 0.2327 1.0051 0.7899 Inf 0.02857
100m:ch5m 0.8576 0.3785 0.9714 0.1173 0.9211 0.009855
100m:ch6m 0.9633 0.8746 0.9936 0.7334 0.7331 0.01804
100m:l1m 1.0557 0.7366 1 1 0.6728 0.5026 1.0209 0.2637 1.0892 0.01005
100m:l2m 0.9806 0.9442 1 1 0.7391 0.7819 0.9908 0.6198 0.9494 0.08005
100m:l3m 0.9448 0.7307 2.4658 0.4338 0.8732 1 0.9584 0.02121 0.9542 0.01919
100m:l4m 0.8266 0.167 1 1 0.4507 0.1964 0.9451 0.002168 0.8449 0.0002641
100m:l5m 1.114 0.5082 2.1582 0.6563 0.6481 0.7395 0.9774 0.2175 0.8855 0.00528
100m:r10m 1.3601 0.1412 1.0127 0.5558 1.3026 0.0001957
100m:r4m 0.9447 0.7627 0.9811 0.3033 0.9647 0.2114
100m:r5m 0.9142 0.5721 Inf 0.3333 1 1 1.0034 0.8654 0.9482 0.05723
100m:r8m 1.0343 0.8807 Inf 0.3333 0.998 0.9191 0.2606 0.09434
100m:r9m 1.2408 0.2023 0.9871 0.4887 0.6815 0.128
126m:136m 4503599627370496 0 Inf 0.1 Inf 4.985e-08 4971.1533 0 8.1752 0
126m:144m 0.3223 5.65e-14 1 1 0.1063 0.000178 0.692 1.217e-57
126m:151m 1.085 0.6171 1.2435 0.2943 1.0845 0.04849
126m:152m 1.2717 0.1205 1.7412 0.7064 0.8916 0.004891
126m:157m 81.6049 3.639e-163 Inf 0.02857 Inf 7.396e-07 Inf 1.091e-18 2.3708 0
126m:163m 9894.5027 0 Inf 8.57e-10 Inf 4.869e-27 Inf 1.016e-162 5.2767 0
126m:169m 21.7362 1.002e-77 Inf 0.0001554 37.9949 1.298e-08 2.6592 3.45e-252
126m:175m 4485.9755 0 Inf 4.985e-08 Inf 7.029e-20 7161.9889 1.221e-192 4.096 0
126m:181m 0.5281 4e-05 0.3572 0.005504 0.7302 2.175e-21
126m:187m 0.8836 0.4529 1 1 0.5743 0.7064 0.9194 0.0009945
126m:4370m 0.8753 0.4123 1 1 0.2834 0.5671 0.9408 0.2075 0.881 0.01365
126m:4373m 1.3056 0.0864 3.1058 1 1.3646 0.001152 1.1235 1.793e-05
126m:49m 1.6353 0.001505 1.2732 9.078e-11 1.2628 4.903e-13
126m:52m 1.0585 0.7627 1.0502 0.4724 0.945 0.09431
126m:97m 36.9217 1.985e-107 Inf 0.02857 Inf 7.396e-07 4.0722 9.337e-288
126m:a13m 0.4709 3.666e-07 1 1 0.7061 1 0.1565 8.072e-08 0.2509 5.4e-12
126m:a1m 0.8188 0.2051 1 1 0.8311 0.006526
126m:a21m 0.3204 2.075e-14 0.5564 2.465e-47
126m:a22m 0.8611 0.3418 1 1 0.6953 0.1384 0.6425 0.00049
126m:a27m 1.2694 0.4328 Inf 0.3333 2.4658 0.4338 Inf 0.007937
126m:a28m 0.9276 0.8908 0.8226 0.7174 1.2434 0.006496
126m:a29m 0.8052 0.1405 1 1 0.9433 0.8434 0.8646 0.0001127
126m:a30m 2.9219 6.518e-14 Inf 1 10.9072 0.2063 3.1901 1.816e-05 1.6453 1.059e-54
126m:a7m 1.1496 0.4016 Inf 1 0.322 1 0.9701 0.7259 1.1853 0.006233
126m:a8m 0.8004 0.1092 1 1 0.5704 0.5377 0.3722 0.289 0.8042 0.0002372
126m:a9m 1.114 0.5353 0.9451 0.003966 0.9129 0.000362
126m:ADr1um 0.5465 0.0002303 0.8807 0.002026 0.6858 8.252e-07
126m:bm1m 0.9323 0.7022 1.3182 0.3986 Inf 0.002165
126m:bm2m 1.0258 0.9364 1.0188 0.6158 0.1481 0.006004
126m:bm4m 1.0261 0.936 1.1037 0.2862 0.7191 0.01963
126m:bm5m 0.8405 0.2688 0.8434 0.4361 0.85 0.0248
126m:bm6m 0.9238 0.6516 0.7673 0.5841 0.8915 0.02224
126m:bm7m 0.9132 0.5978 0.863 0.7534 0.486 0.004863
126m:bm8m 0.7403 0.05726 0.9965 1 1.0755 0.005485
126m:ch1m 1.1595 0.365 1.0734 0.8278 1.188 0.001305
126m:ch4m 1.1239 0.4913 1.0381 0.8746 20.443 0.003329
126m:ch5m 1.4451 0.01686 1.335 0.0162 1.4187 0.006725
126m:l1m 0.5284 1.047e-07 0.6097 0.4536 0.4254 0.02327 0.5109 0.0001765 0.3706 1.736e-11
126m:l2m 0.3859 1.575e-14 0.0854 4.471e-06 0.1183 4.993e-08 0.308 9.156e-12 0.6055 1.11e-30
126m:l3m 0.2922 1.302e-22 0.1229 3.33e-05 0.1259 9.764e-09 0.248 2.996e-15 0.5568 3.173e-37
126m:l4m 0.8187 0.1066 0.3454 0.03826 0.3004 0.001045 0.2362 3.958e-06 0.3181 7.386e-10
126m:l5m 0.3548 5.65e-15 0.1056 0.0005435 0.0651 1.606e-08 0.1979 6.25e-08 0.7289 1.449e-21
126m:r10m 0.7187 0.1034 0.8624 0.004331 0.8133 0.00048
126m:r4m 0.7783 0.1043 0.825 0.2138 0.817 0.001947
126m:r5m 1 1 3.1058 1 4.9494 0.1789 1.1432 0.6431 0.8495 5.332e-06
126m:r8m 0.9897 1 Inf 0.3333 1.168 0.4006 0.8357 2.389e-06
126m:r9m 1.5743 0.004834 1.0698 0.08312 1.4231 1.545e-06
127f:137f 1425.848 1.273e-317 Inf 0.0005828 815.5684 0 4.0034 0
127f:145f 0.2928 2.48e-16 1 1 1 1 0.2681 0.001749 0.6205 2.647e-52
127f:153f 1.0439 0.8259 Inf 0.1 23.4961 0.02914 1.8746 0.2512 1.579 0.000448
127f:154f 1.0738 0.6687 0.6554 0.4095 1.4398 2.299e-07
127f:159f 18.8937 3.042e-84 Inf 0.1 90.0152 3.269e-05 314.0922 8.852e-19 2.8349 1.214e-240
127f:165f 2267.5923 0 Inf 3.327e-09 1296.838 2.719e-24 10902.4818 3.804e-269 4.0605 0
127f:171f 5.3091 8.736e-28 10.9072 0.2063 27.9857 1.981e-15 2.0068 1.252e-86
127f:177f 243.7909 3.661e-245 Inf 0.0001554 Inf 1.027e-15 Inf 2.173e-47 2.5497 0
127f:183f 0.5391 3.273e-05 Inf 0.3333 5.3771 0.2861 0.4491 0.117 0.7772 3.589e-26
127f:189f 1 1 10.9072 0.2063 3.6796 0.3469 1.353 0.7819 0.9208 0.01065
127f:4371f 0.867 0.3961 0.4831 1 0.3722 0.289 0.689 0.002795
127f:4374f 0.932 0.6702 1.0596 0.7282 Inf 0.007937
127f:48f 1.7547 0.000155 6.8684 0.0004709 1.4025 1.315e-11
127f:51f 0.8873 0.4862 1.7412 0.7064 0.8364 0.008301
127f:96f 31.9421 9.249e-102 Inf 0.3333 Inf 7.396e-07 3.2264 5.99e-263
127f:99f 7.33 1.559e-38 76.3577 4.882e-14 2.0082 4.754e-129
127f:a13f 0.5329 1.991e-05 0.0917 0.2063 0.4108 0.0001049 0.6632 2.831e-11
127f:a1f 0.6116 0.0007771 Inf 0.3333 0.8302 1 0.8518 5.711e-05
127f:a21f 0.1817 1.445e-33 0.0034 1.287e-10 0.3572 9.266e-54
127f:a22f 0.8534 0.2592 Inf 0.3333 1 1 0.3454 0.03826 0.5802 0.0009752
127f:a27f 0.4874 0.01095 1 1 1 1 0.7513 1.303e-05
127f:a28f 0.7472 0.08738 Inf 1 0.8598 0.7504 0.8624 2.18e-09
127f:a29f 0.874 0.348 0.4831 1 0.9043 0.6467 0.7783 0.002327
127f:a30f 3.0372 4.826e-16 5.3771 0.2861 2.9211 7.056e-18 2.0945 1.305e-48
127f:a7f 1.2583 0.1497 1.1776 0.0005771 1.1402 3.332e-07
127f:a8f 0.5506 5.873e-06 1 1 0.538 0.5171 0.5684 0.423 0.7731 1.099e-12
127f:a9f 0.7462 0.07241 0.8878 0.0001014 0.8092 1.563e-06
127f:ADr1uf 1.0124 1 1.0282 0.3612 0.4278 0.01469
127f:bm1f 1.4515 0.01803 1 1 1.9057 0.0007909
127f:bm2f 1.0465 0.8211 0.5684 0.423 1.1467 0.01305
127f:bm4f 0.7526 0.06452 1.1137 0.7884 0.8859 0.1148
127f:bm5f 0.8421 0.2714 0.6744 0.03721 0.5129 3.183e-05
127f:bm6f 1.1181 0.5012 0.7423 0.1108 0.7876 0.03087
127f:bm7f 0.8933 0.4988 0.8918 0.2407 0.8862 0.002068
127f:bm8f 1 1 1.9825 0.2935
127f:ch1f 0.9037 0.5482 1.0193 0.7341 1.9565 0.001524
127f:ch4f 1.2977 0.09766 1.0754 0.169 1.1436 2.579e-05
127f:ch5f 0.9536 0.817 0.9225 0.3684 Inf 0.02857
127f:ch6f 1.0974 0.5936 1.0193 0.768 0.9287 0.01564
127f:l1f 1.1933 0.1368 1 1 1.1339 0.7718 1.0989 0.6573 1.2114 3.279e-07
127f:l2f 0.3297 4.886e-19 0.2365 0.003389 0.2329 3.35e-05 0.3183 5.671e-09 0.586 1.703e-33
127f:l3f 0.3855 9.449e-15 0.2389 0.001117 0.2435 1.47e-05 0.1707 1.729e-12 0.694 5.14e-27
127f:l4f 0.5261 5.776e-08 0.2251 0.0006013 0.2217 1.156e-06 0.2635 4.172e-07 0.7181 8.78e-22
127f:l5f 0.3174 7.164e-20 0.1537 8.207e-05 0.1561 3.187e-07 0.2513 1.615e-08 0.6071 1.255e-36
127f:r10f 0.9499 0.853 1.0308 0.8535 0.9122 0.0003966
127f:r4f 0.7613 0.0829 0.8471 0.6651 0.8545 6.142e-06
127f:r5f 0.8981 0.4844 Inf 1 2.07 1 0.644 0.4798 0.8763 4.191e-07
127f:r8f 1.0108 1 1.0465 0.01453 1.19 0.001234
127f:r9f 1.0871 0.643 2.9815 0.1308 1.1119 2.575e-06
136m:144m 4503599627370496 0 Inf 1.451e-11 Inf 5.12e-33 4287.8639 0 24.5389 0
136m:151m 1.0207 0.9429 1.0115 0.5456 0.0601 0.008922
136m:152m 0.9453 0.764 0.977 0.6859 0.9508 0.05324
136m:157m 4503599627370496 0 Inf 0.0001554 Inf 2.615e-16 3480.3 0 11.8638 0
136m:163m 73.6094 1.434e-145 Inf 1.923e-07 Inf 4.033e-15 8416.5462 1.148e-82 2.2947 0
136m:169m 4503599627370496 0 Inf 0.0001554 Inf 1.091e-18 7203.6712 0 14.7454 0
136m:175m 35.7383 1.636e-111 Inf 0.007937 Inf 4.985e-08 1.968 1.052e-278 2.3014 0
136m:181m 594.0462 2.505e-280 Inf 1 Inf 0.0001554 662.1703 6.515e-205 3.5907 0
136m:187m 0.8048 0.2009 1 1 0.0917 0.2063 0.0524 0.0004124
136m:4370m 1.2504 0.1803 1 1 1.0796 3.452e-05 1.1151 5.401e-06
136m:4373m 0.7799 0.1144 Inf 1 0.8282 0.0733 0.8473 9.133e-07
136m:49m 0.6872 0.01963 0.8043 0.00511 0.6791 1.822e-05
136m:52m 1.3099 0.09993 1.0439 0.9174 1.0956 0.01781
136m:97m 16.1411 1.119e-61 Inf 0.3333 Inf 0.0001554 3.0299 5.173e-164
136m:a13m 1.6246 0.001419 1 1 0.4634 0.6563 2.9815 0.1308 1.1767 1.856e-08
136m:a1m 1.0112 1 1.03 0.1175 1.1158 0.04702
136m:a21m 0.5294 4.893e-05 0.7801 8.057e-20
136m:a22m 2.3484 8.841e-09 Inf 0.3333 3.9292 0.004275 1.3845 1.22e-16
136m:a27m 4.8071 2.809e-09 0.322 1 1 1 1.3438 3.018e-26 1.4938 7.112e-32
136m:a28m 28.1239 4.221e-38 Inf 0.3333 29.0262 6.962e-16 4.9262 3.78e-159
136m:a29m 1.7552 0.0001331 10.9072 0.2063 2.6308 0.1144 1.2789 3.169e-13
136m:a30m 0.6812 0.007688 0.4831 1 0.5458 0.03911 0.567 0.0004158
136m:a7m 0.8579 0.3567 1 1 0.9639 0.04852 0.2777 0.01622
136m:a8m 4.4028 2.83e-29 2.1582 0.6563 1.9825 0.2935 4.8753 7.905e-09 1.8408 5.372e-87
136m:a9m 1.8632 0.0001337 1.3699 1.942e-05 1.2194 3.632e-08
136m:ADr1um 0.7529 0.09157 0.9515 0.2697 0.9246 0.0007451
136m:bm1m 1.0512 0.8125 1.0348 0.06864 1.0772 0.006951
136m:bm2m 0.8791 0.4698 0.9615 0.03689 0.9472 0.0114
136m:bm4m 1.0423 0.8679 1.02 0.2945 0.9337 0.05541
136m:bm5m 0.9015 0.5727 1.0076 0.6943 1.236 0.06545
136m:bm6m 1.2437 0.1856 1.0272 0.155 0.3757 0.002331
136m:bm7m 1.1934 0.2822 1.0318 0.09606 1.0502 0.03791
136m:bm8m 0.9501 0.8102 1.013 0.4953 1.0803 0.03138
136m:ch1m 0.9755 0.9372 0.9107 0.001272 0.9105 2.685e-05
136m:ch4m 0.9619 0.8722 0.9573 0.0183 0.9494 0.008854
136m:ch5m 0.7179 0.04593 0.9522 0.3043 0.6952 0.1097
136m:ch6m 1.0376 0.8753 0.8548 1 0.9362 0.07529
136m:l1m 0.0996 1.566e-79 0.1881 0.000695 0.1502 1.529e-07 0.0699 1.474e-31 0.433 2.351e-198
136m:l2m 0.3911 2.137e-12 0.2045 0.01182 0.2374 0.002336 0.2885 7.076e-10 0.6211 4.212e-21
136m:l3m 0.3619 7.855e-15 0.1787 0.001427 0.1749 1.512e-05 0.2601 5.478e-27 0.4277 1.487e-31
136m:l4m 3.136 4.887e-21 0.4491 0.117 0.7038 0.3913 2.8978 2.855e-09 1.7119 5.423e-91
136m:l5m 0.8266 0.1898 0.083 0.0002949 0.1587 0.0002397 1.0462 0.01483 1.0876 0.001801
136m:r10m 0.8601 0.4966 1.428 0.7635 6.7501 0.006004
136m:r4m 1.38 0.04059 1.0221 0.2383 1.2987 0.007337
136m:r5m 0.7468 0.03953 1 1 1 1 0.9736 0.1598 0.8491 0.0001141
136m:r8m 1.1469 0.3834 Inf 0.3333 1.0359 0.05863 2.4693 0.01526
136m:r9m 1.3889 0.04256 1.0637 0.0008842 1.1201 1.714e-05
137f:145f 4503599627370496 0 Inf 6.202e-14 Inf 8.35e-38 3787.3943 0 32.2599 0
137f:153f 1 1 1.0279 0.1405 1.0822 0.005644
137f:154f 0.7135 0.03604
137f:159f Inf 0 Inf 7.396e-07 Inf 1.191e-24 3225.5698 0 11.6984 0
137f:165f 36.9217 1.985e-107 Inf 4.114e-05 Inf 6.202e-14 41.0109 9.299e-71 2.6005 0
137f:171f 4503599627370496 0 Inf 2.835e-06 Inf 1.091e-18 2713.4505 0 12.411 0
137f:177f 10.5242 2.085e-49 1 1 16.649 0.008922 1.5721 8.406e-133 1.8834 2e-164
137f:183f 116.4743 6.35e-176 3.1058 1 13.2504 0.02301 39.0229 0 2.6529 0
137f:189f 0.7596 0.0968 0.4538 0.3431 0.1188 0.003848
137f:4371f 1.3332 0.08947 1 1 1.0557 0.00343 1.183 5.629e-07
137f:4374f 0.8048 0.2009 0.9644 0.05012 0.8615 0.002781
137f:48f 0.5164 1.24e-05 0.7003 0.7635 0.7068 4.657e-28
137f:51f 1.4833 0.01676 1.1279 0.8619 1.1289 1.554e-05
137f:96f 7.8628 4.098e-34 Inf 1 10.9007 1.697e-11 2.5021 3.405e-126
137f:99f 1.0135 1 1.0072 0.7055 0.1561 0.08611
137f:a13f 1.6173 0.001701 3.9339 0.002948 1.2685 4.883e-09
137f:a1f 1.392 0.03448 Inf 0.3333 1.1728 0.0001287 1.1955 4.05e-06
137f:a21f 0.6306 0.003083 0.2834 0.5671 0.9406 0.0008696 0.8786 1.346e-06
137f:a22f 2.1753 5.954e-08 Inf 1 3.5289 0.5671 1.1167 1.829e-09 1.4323 3.471e-17
137f:a27f 7.5034 4.758e-16 1 1 1 1 4.4932 4.973e-28 2.3703 4.22e-72
137f:a28f 73.7277 8.724e-119 3.1058 1 2.2837 0 2.2837 0
137f:a29f 2.5736 8.281e-11 Inf 0.02857 1.5609 1.611e-22 1.4296 6.113e-25
137f:a30f 0.3595 8.557e-13 0.2834 0.5671 0.8096 1.534e-30 0.676 1.076e-36
137f:a7f 0.708 0.03759 0.9905 0.6117 0.7941 0.001642
137f:a8f 10.3204 1.969e-65 1 1 4.3686 0.02271 16.7605 9.096e-13 2.9082 2.861e-179
137f:a9f 1.3032 0.122 1.0621 0.01757 1.2091 1.493e-06
137f:ADr1uf 0.6949 0.03647 1 1 1.0003 0.9926 0.3032 0.02832
137f:bm1f 1.2991 0.1143 1.0387 0.0424 1.0531 0.01164
137f:bm2f 1 1 1.0052 0.7873 0.5926 0.01637
137f:bm4f 0.7905 0.1831 1.0053 0.8223 0.8743 0.08553
137f:bm5f 1.0744 0.6989 Inf 1 0.9804 0.2921 0.3186 0.02293
137f:bm6f 1.0525 0.8102 0.9711 0.118 0.9246 0.02188
137f:bm7f 1.1684 0.3754 0.9745 0.1683 0.8887 7.952e-05
137f:bm8f 0.9764 0.9383 0.7751 0.3407 1.1299 0.001659
137f:ch1f 0.6578 0.008564 0.9604 0.02908 0.9065 0.001682
137f:ch4f 0.8125 0.2267 1.008 0.6724 1.0647 0.01982
137f:ch5f 0.8205 0.2553 0.9415 0.001119 0.8748 3.394e-07
137f:ch6f 0.6292 0.005695 0.948 0.003845 0.7887 0.0002205
137f:l1f 0.0861 3.625e-88 0.3203 0.008985 0.2085 3.251e-07 0.1179 2.511e-42 0.3284 1.171e-266
137f:l2f 1.1193 0.4293 0.3661 0.07934 0.7369 0.5565 1.3537 0.0001495 1.3106 8.375e-11
137f:l3f 0.7406 0.02382 0.6728 0.5026 0.6804 0.3693 0.8176 0.01564 0.4661 0.001652
137f:l4f 5.5973 8.211e-45 1.1878 0.835 1.9215 0.04711 2.7247 6.585e-05 2.1263 3.569e-185
137f:l5f 1.8079 8.668e-06 0.4103 0.09832 0.5654 0.1857 1.6128 5.694e-11 1.4156 1.358e-37
137f:r10f 1.0739 0.7769 1.0041 0.9457 1.697 0.0739
137f:r4f 1.6069 0.00397 1.0372 0.0482 37.9949 1.298e-08
137f:r5f 0.5796 0.0001684 1 1 0.9463 0.003448 0.7919 3.85e-06
137f:r8f 1.0371 0.8761 1.3279 0.571 6.9839 0.02684
137f:r9f 1.8158 0.0002525 0.9872 0.4895 1.2265 0.001653
144m:151m 0.9791 0.942 0.322 1 1 1 1.1465 8.476e-05
144m:152m 1.0221 0.9411 1.085 0.5901 1.1226 0.000612
144m:157m Inf 0 Inf 0.0001554 Inf 1.027e-15 4699.6956 0 20.1073 0
144m:163m 0.9193 0.6116 1 1 0.6562 1 0.9046 0.6885 0.7931 1.792e-13
144m:169m 4503599627370496 0 Inf 0.0001554 Inf 7.029e-20 6062.8668 0 39.2915 0
144m:175m 0.8495 0.284 0.0253 4.877e-05 0.5642 1.651e-05 0.8615 3.943e-08
144m:181m 13357.4401 0 Inf 0.3333 Inf 2.835e-06 2172.8721 0 8.2852 0
144m:187m 0.8507 0.323 0.0602 0.08009 0.896 0.6321 1.0852 0.0006997
144m:4370m 1.1972 0.2779 Inf 1 Inf 0.3333 1.1734 0.1944 1.1686 7.97e-10
144m:4373m 0.4866 1.661e-06 0.1313 0.1319 0.6612 3.441e-28
144m:49m 0.4967 6.92e-06 0.4811 2.981e-10 0.7127 8.405e-28
144m:52m 1.7031 0.0008326 1.1524 2.368e-05 1.1615 9.268e-08
144m:97m 2.064 1.013e-05 10.9072 0.2063 1.2793 2.982e-15
144m:a13m 2.6371 7.843e-11 0.2718 0.3469 2.0378 3.167e-09 1.6236 9.549e-28
144m:a1m 1.2858 0.1123 1.1354 1 1.1048 0.0002509
144m:a21m 0.9886 1 0.7056 0.4539 1.057 0.03882
144m:a22m 4.0862 3.869e-21 3.1058 1 5.2705 1.778e-13 1.502 4.153e-32
144m:a27m 4.7233 3.197e-12 1 1 0.2834 0.5671 3.9679 9.124e-06 2.2145 1.676e-67
144m:a28m 108.0547 8.737e-77 6.4083 0.4857 109.5149 1.218e-57 5.0866 7.306e-313
144m:a29m 2.4398 1.344e-09 6.4083 0.4857 2.7199 2.27e-07 1.4859 4.184e-27
144m:a30m 0.2434 6.947e-23 0.0755 0.02301 0.1753 5.857e-09 0.5796 2.203e-62
144m:a7m 0.7732 0.1082 0.9042 0.3838 0.844 1.503e-05
144m:a8m 8.9771 4.115e-66 0.1432 0.02684 1.4032 0.6329 10.4747 4.306e-23 2.6213 4.529e-176
144m:a9m 1.9464 1.931e-05 4.3284 0.01541 1.2219 1.343e-17
144m:ADr1um 0.7808 0.1462 0.9097 0.1535 0.801 0.01267
144m:bm1m 0.9119 0.626 1.0575 0.2418 2.955 0.005939
144m:bm2m 1.0778 0.6927 1.0263 0.8643 3.2041 0.004374
144m:bm4m 1.0268 0.9351 1.0929 0.3223 1.0745 0.008454
144m:bm5m 0.9658 0.879 1.0065 0.932 1.0717 0.005148
144m:bm6m 1.5446 0.006554 Inf 0.3333 1.3034 0.02676 1.4789 0.0002954
144m:bm7m 1.117 0.5303 1.3728 0.2568 1.072 0.008704
144m:bm8m 1.101 0.587 1.0554 0.8052 1.2911 0.02376
144m:ch1m 0.7056 0.02993 0.2834 0.5671 0.8543 5.186e-07
144m:ch4m 0.6933 0.02607 0.8058 0.1147 0.1787 0.001427
144m:ch5m 0.8147 0.2297 0.8831 0.1061 0.9047 0.0001496
144m:ch6m 0.7105 0.03492 0.8069 0.1424 0.7564 1.771e-05
144m:l1m 0.0771 6.981e-105 0.3563 0.01706 0.2108 1.619e-07 0.1017 2.918e-77 0.3311 1.442e-314
144m:l2m 0.7791 0.05698 0.4282 0.1391 0.541 0.1695 0.6273 0.0106 0.532 2.948e-09
144m:l3m 0.667 0.001639 0.2553 0.009049 0.2531 0.0004716 0.4353 6.341e-07 0.4926 3.713e-12
144m:l4m 8.416 1.79e-71 0.7185 0.5405 1.437 0.2913 7.1327 9.765e-22 2.6467 4.866e-243
144m:l5m 1.4371 0.00783 0.1682 0.01262 0.6011 0.3652 1.1066 1 1.4636 7.732e-33
144m:r10m 0.9664 0.9264 3.5289 0.5671 Inf 0.002165
144m:r4m 1.5102 0.008105 1.4102 0.0001595 1.1966 1.65e-06
144m:r5m 0.6013 0.0001625 1 1 0.4538 0.3431 0.6898 0.009719 0.4551 2.822e-06
144m:r8m 1.5928 0.002285 3.1058 1 1.2356 0.000262 1.2202 7.54e-07
144m:r9m 1.3815 0.04872 1.9761 0.1848 1.2399 1.714e-06
145f:153f 1.0569 0.7659 0.0245 0.003373 1.1456 0.1834 1.0951 4.354e-05
145f:154f 0.5554 0.0001746 0.1315 0.00277 0.5404 4.926e-06
145f:159f Inf 0 Inf 7.396e-07 Inf 1.23e-27 6640.5347 0 40.84 0
145f:165f 1.4676 0.01064 1 1 4.7227 0.1152 1.556 0.336 1.5653 3.586e-06
145f:171f 4503599627370496 0 Inf 7.396e-07 Inf 7.029e-20 8992.5506 0 51.3214 0
145f:177f 1.1127 0.5105 1 1 1.09 4.869e-06
145f:183f 1411.977 0 0.156 0.4857 3.805 0.1431 636.4321 0 5.2455 0
145f:189f 0.6921 0.0152 0.22 0.001809 0.3806 9.246e-06
145f:4371f 1.5702 0.005616 3.1058 1 1.07 0.0002347 1.2428 1.199e-08
145f:4374f 0.7694 0.09671 1 1 0.8517 9.667e-06
145f:48f 0.1966 3.135e-29 0.1332 1.52e-17 0.5296 3.869e-85
145f:51f 1.6125 0.002596 1.6559 0.03813 1.2196 6.122e-16
145f:96f 1.6153 0.003312 1.2323 0.7081 1.3785 4.704e-11
145f:99f 0.2366 3.544e-18 0.4053 6.552e-24 0.5535 1.063e-41
145f:a13f 2.994 2.625e-14 0.0917 0.2063 1.9215 0.04711 1.783 2.207e-33
145f:a1f 2.0232 2.145e-06 6.4083 0.4857 1.5266 1.065e-16 1.5752 1.618e-17
145f:a21f 1.1512 0.377 1 1 1.1095 0.03666 1.1188 9.894e-05
145f:a22f 3.3931 7.88e-20 Inf 1 Inf 0.0001554 4.2809 4.857e-20 1.6741 2.195e-45
145f:a27f 8.8103 2.404e-22 0.322 1 1 1 10.1129 2.534e-05 2.3317 4.364e-105
145f:a28f 69.7546 5.177e-140 Inf 1 10.9072 0.2063 59.7438 3.689e-153 2.4117 0
145f:a29f 4.9251 2.069e-30 Inf 0.007937 6.5643 2.356e-14 1.7585 1.211e-49
145f:a30f 0.1399 2.64e-44 0.0562 1.278e-10 0.4539 6.188e-123
145f:a7f 0.5238 5.951e-05 1 1 0.5763 0.007434 0.7875 8.143e-05
145f:a8f 18.6068 3.266e-110 0.525 0.6843 6.757 0.0001143 33.7 8.621e-46 3.5983 1.425e-299
145f:a9f 2.247 7.204e-07 2.8624 7.602e-05 1.5844 8.471e-21
145f:ADr1uf 0.6478 0.008395 0.8374 0.02103 0.8274 1.641e-05
145f:bm1f 1.2039 0.2706 Inf 1 3.1223 0.008985 1.2986 0.0005653
145f:bm2f 1.1872 0.3086 1.2823 0.09774 1.2257 0.01512
145f:bm4f 0.6566 0.009469 0.8595 0.05923 0.7666 0.004099
145f:bm5f 1.2043 0.2527 1.1239 0.1854 1.1438 0.06676
145f:bm6f 0.901 0.5425 Inf 1 0.5044 0.2935 0.9428 0.01419
145f:bm7f 1.0236 0.9391 Inf 1 Inf 0.3333 0.9637 0.449 0.8392 0.05215
145f:bm8f 0.7813 0.1354 1 1 0.8676 0.0008725
145f:ch1f 0.7038 0.0265 0.642 0.2433 0.8492 9.511e-06
145f:ch4f 0.8154 0.215 1.0028 0.9467 0.8145 0.01237
145f:ch5f 0.5843 0.001051 0.8695 0.0003882 0.7595 1.321e-11
145f:ch6f 0.7296 0.05154 0.2661 0.2203 0.7859 1.259e-07
145f:l1f 0.0288 2.886e-194 0.3817 0.01231 0.1272 3.496e-14 0.0504 2.195e-99 0.4578 0
145f:l2f 2.716 1.299e-14 0.5951 0.2971 1 1 1.4913 0.1554 1.5665 1.381e-48
145f:l3f 1.0158 0.9501 0.728 0.5487 0.7241 0.4112 0.7666 0.4077 1.1994 5.284e-09
145f:l4f 21.6516 6.91e-140 1.612 0.3173 4.4784 5.72e-07 17.7329 2.64e-68 2.1259 0
145f:l5f 4.3126 2.244e-29 1 1 1.061 1 2.6955 5.092e-12 2.1344 4.917e-89
145f:r10f 1.6009 0.01993 1.357 0.0004764 1.4406 5.13e-06
145f:r4f 1.4568 0.01412 1.7945 7.47e-07 1.1638 1.368e-08
145f:r5f 0.6729 0.004375 0.2661 0.2203 0.6382 0.01777 0.8272 2.029e-06
145f:r8f 0.9662 0.8797 1.029 0.7336 4.4154 0.0004176
145f:r9f 1.3296 0.08334 1.0651 0.2231 7.5928 7.33e-05
151m:157m 0.0441 2.114e-85 0.0245 0.003373 0.5465 1.103e-216 0.3615 1.705e-269
151m:163m 0.0057 5.315e-226 0.0082 2.914e-06 0.3151 0 0.3151 0
151m:169m 134.1335 2.543e-175 Inf 0.3333 23.4961 0.02914 2.8738 0 2.8738 0
151m:175m 8690.5763 0 Inf 0.0001554 Inf 6.202e-14 7.63 0 7.63 0
151m:181m 4503599627370496 0 Inf 0.3333 Inf 1.289e-08 16.7217 0 16.7217 0
151m:187m Inf 0 Inf 0.1 Inf 9.505e-13 36.3282 0 36.3282 0
151m:4370m 0.8538 0.3285 0.322 1 1 1 0.9588 0.02354
151m:4373m 1.4605 0.01536 1.0413 0.02962 1.1202 7.59e-05
151m:49m 0.6404 0.004627 0.9177 3.737e-06 0.8749 4.81e-08
151m:52m 0.8514 0.345 0.9949 0.7886 0.6793 0.1623
151m:97m 0.698 0.0275 0.9888 0.5542 0.8292 0.08323
151m:a13m 1.3694 0.0358 1 1 1.7412 0.7064 1.0825 2.838e-05 1.1055 8.146e-06
151m:a1m 1.0562 0.7672 0.9895 0.5792 1.0839 0.0481
151m:a21m 1.3113 0.07717 1.0888 4.547e-06 1.1064 6.662e-07
151m:a22m 1.2775 0.1004 0.9956 0.8171 1.0662 0.02395
151m:a27m 1.0737 0.8937 Inf 1 Inf 0.3333 1.0702 0.0143 1.1564 0.0006023
151m:a28m 3.4165 7.609e-06 1.225 1.574e-13 1.4797 7.526e-23
151m:a29m 1.1939 0.2328 3.5289 0.5671 1.06 0.001776 1.1635 1.676e-06
151m:a30m 0.4009 1.052e-10 0.8518 4.709e-18 0.7257 3.8e-25
151m:a7m 0.8438 0.292 Inf 0.3333 1.0155 0.4129 0.9351 0.09133
151m:a8m 2.0391 2.077e-07 1 1 1.7412 0.7064 1.1026 1.356e-07 1.2918 1.752e-15
151m:a9m 1.3227 0.08621 1.0577 0.004213 1.1216 1.942e-05
151m:ADr1um 0.9615 0.8714 0.9715 0.1213 0.9618 0.04581
151m:bm1m 0.9404 0.7537 0.9726 0.1411 0.9343 0.05325
151m:bm2m 1.0128 1 1.0151 0.4305 0.5654 0.1857
151m:bm4m 1.0378 0.875 1.0196 0.3061 1.1044 0.06224
151m:bm5m 0.8602 0.3609 0.9912 0.6456 0.8668 0.1363
151m:bm6m 0.9631 0.8742 Inf 1 0.9732 0.1511 0.8567 0.0001757
151m:bm7m 0.754 0.07765 0.9963 0.8512 0.9289 0.08203
151m:bm8m 1.2528 0.1655 1.0354 0.06494 1.0364 0.06314
151m:ch1m 0.8441 0.3115 0.9739 0.156 0.9567 0.07438
151m:ch4m 0.8142 0.1987 0.966 0.06281 0.894 0.01304
151m:ch5m 1.0254 0.9368 0.9897 0.5838 0.9196 0.1098
151m:ch6m 0.9544 0.8186 1.0224 0.2352 7.6136 0.1319
151m:l1m 0.4394 2.495e-11 0.4953 0.225 0.402 0.01919 0.8845 3.204e-11 0.7235 6.883e-22
151m:l2m 1.2354 0.1268 0.538 0.5171 1 1 1.0533 0.005079 1.0713 0.0006353
151m:l3m 1.2628 0.08131 1 1 1 1 1.052 0.006331 1.0652 0.0008836
151m:l4m 2.3051 2.176e-11 6.5552 0.0003365 4.5611 7.536e-05 1.2314 2.651e-29 1.4033 7.676e-38
151m:l5m 1.6973 0.0001385 1 1 1 1 1.1064 5.255e-08 1.1332 3.582e-10
151m:r10m 1.2997 0.1744 1.0094 0.6656 1.0548 0.1114
151m:r4m 0.9141 0.5998 0.9986 0.9484 1.1135 0.1583
151m:r5m 1.1033 0.5036 1 1 1 1 1.0324 0.09305 1.0334 0.0873
151m:r8m 1.1323 0.4285 1.0292 0.1245 1.0511 0.05164
151m:r9m 1.1201 0.5252 0.9741 0.1608 0.9293 0.01746
152m:157m 0.0696 2.28e-54 0.5855 7.112e-171 0.4563 1.737e-187
152m:163m 0.0083 6.975e-167 0.322 1 0.0159 0.0003459 0.3685 0 0.3685 0
152m:169m 39.6267 3.388e-106 Inf 0.3333 2.2361 0 2.2361 0
152m:175m 1758.7361 0 Inf 0.0001554 Inf 1.451e-11 4.7924 0 4.7924 0
152m:181m 4503599627370496 0 Inf 0.3333 Inf 2.835e-06 8.7326 0 8.7326 0
152m:187m 4503599627370496 0 Inf 0.1 Inf 2.204e-10 14.5557 0 14.5557 0
152m:4370m 0.884 0.4795 1 1 3.1058 1 1.0089 0.6374
152m:4373m 0.8847 0.4809 0.9736 0.1514 0.8798 3.932e-05
152m:49m 0.7086 0.03093 0.9036 4.766e-08 0.8543 2.542e-10
152m:52m 1.0744 0.6989 1.0131 0.4881 0.1561 0.08611
152m:97m 1.1758 0.3659 0.9935 0.7354 1.197 0.1189
152m:a13m 1.4301 0.02268 3.5289 0.5671 1.0897 5.737e-06 1.1026 1.056e-06
152m:a1m 1.1287 0.4836 1.0321 0.09436 1.1025 0.002451
152m:a21m 1.4552 0.01963 1.0588 0.002106 1.0705 0.0007986
152m:a22m 1.237 0.1658 0.322 1 1.0131 0.4878 1.0416 0.08157
152m:a27m 1.1983 0.6512 1.1027 0.0004052 1.1716 0.0001052
152m:a28m 3.2397 0.0002515 1.2678 6.121e-18 1.417 5.909e-23
152m:a29m 1.365 0.04026 1.0564 0.00329 1.0695 0.001503
152m:a30m 0.415 8.371e-09 0.8637 2.558e-15 0.7182 1.187e-28
152m:a7m 0.8558 0.3754 0.9618 0.03715 0.9419 0.006657
152m:a8m 2.4215 2.465e-09 3.5289 0.5671 2.6867 0.289 1.0839 1.384e-05 1.4072 1.141e-11
152m:a9m 1.1357 0.4726 1.0623 0.002025 1.0798 0.0002918
152m:ADr1um 0.7942 0.1877 0.9748 0.1726 0.9683 0.09923
152m:bm1m 0.9061 0.5824 1.0113 0.5548 1.6179 0.02133
152m:bm2m 1 1 1.0331 0.08417 1.0789 0.006918
152m:bm4m 1.2341 0.2409 1.0458 0.01751 1.0523 0.008063
152m:bm5m 1.0638 0.753 0.9951 0.7999 7.6136 0.1319
152m:bm6m 0.8474 0.3173 1.0046 0.8145 1.1276 0.1307
152m:bm7m 0.9604 0.8697 1.003 0.8807 5.7982 0.05698
152m:bm8m 1.0638 0.753 0.9836 0.3836 0.9115 0.06402
152m:ch1m 0.914 0.6304 0.9978 0.9114 1.03 0.2773
152m:ch4m 0.8576 0.3785 0.9881 0.523 0.9335 0.06628
152m:ch5m 1.0525 0.8102 1.0047 0.8092 0.8738 0.01428
152m:ch6m 1.1385 0.4683 0.9811 0.3077 0.9609 0.0689
152m:l1m 0.5046 5.213e-08 0.7391 0.7819 0.385 0.02169 0.8563 4.815e-17 0.7647 1.422e-23
152m:l2m 1.2568 0.1124 0.7003 0.7635 1.2612 0.8086 1.0334 0.07735 1.0523 0.02506
152m:l3m 1.0576 0.7325 0.3354 0.1308 0.8207 0.8233 1.0391 0.03904 1.0486 0.01629
152m:l4m 2.3115 2.093e-10 4.8897 0.01182 5.2106 0.0004852 1.2331 1.143e-29 1.5675 9.25e-44
152m:l5m 1.4558 0.01149 3.7578 0.2203 2.2036 0.3431 1.1283 8.039e-11 1.2163 2.116e-14
152m:r10m 1 1 1.0121 0.5764 1.0847 0.04705
152m:r4m 1.0242 0.9383 0.999 0.9631 1.312 0.2002
152m:r5m 1.2987 0.0763 0.2834 0.5671 1.0265 0.1683 1.0829 0.03019
152m:r8m 1.1353 0.4237 1.0045 0.816 1.1702 0.1019
152m:r9m 0.9015 0.5727 0.9739 0.158 0.9601 0.03695
153f:154f 6.2344 3.91e-36 Inf 0.007937 Inf 4.985e-08 Inf 7.396e-07 2.1746 8.551e-69
153f:159f 0.0644 5.954e-66 0.0245 0.003373 0.3857 1.246e-221
153f:165f 0.0073 3.136e-200 0.0755 0.02301 0.0104 4.76e-09 0.0019 4.368e-69 0.3446 0
153f:171f 783.7636 4.61e-295 Inf 0.3333 Inf 0.02857 337.8341 0 4.2289 0
153f:177f 4503599627370496 0 Inf 7.396e-07 Inf 2.902e-22 3466.2673 0 16.8586 0
153f:183f Inf 0 Inf 4.985e-08 Inf 1.783e-20 7176.3998 0 31.5995 0
153f:189f Inf 0 Inf 2.429e-13 Inf 7.85e-29 8248.1592 0 56.4177 0
153f:4371f 1.2342 0.208 1.1221 0.2121 1.8141 0.002812
153f:4374f 0.8847 0.4809 0.6864 0.01412 0.7266 5.018e-05
153f:48f 1 1 0.967 0.07147 0.895 0.0008424
153f:51f 1.1023 0.5847 2.1582 0.6563 1.1989 0.001124
153f:96f 1.1023 0.5847 0.9725 0.7702 0.8953 0.01366
153f:99f 0.9482 0.8065 1.0005 0.9913 1.2613 0.006419
153f:a13f 1.8053 0.0001059 3.1058 1 3.5289 0.5671 6.7501 0.006004 1.1762 9.443e-11
153f:a1f 1.4864 0.009429 1.3279 0.571 1.1264 0.0002229
153f:a21f 1.2981 0.0899 1.5174 0.4916
153f:a22f 1.8595 2.683e-05 1 1 2.4441 0.0004168 1.2361 1.302e-07
153f:a27f 2.6864 0.0004567 Inf 1 16.649 0.008922 2.2588 9.902e-15
153f:a28f 7.0397 3.173e-29 Inf 0.3333 Inf 0.0001554 2.0101 1.898e-63
153f:a29f 1.1024 0.5296 2.07 1 1.0432 0.02339 1.0687 0.001624
153f:a30f 0.6198 0.001185 1 1 0.4051 0.1269 0.8157 1.436e-11
153f:a7f 0.9166 0.6358 0.9818 0.3285 0.2606 0.09434
153f:a8f 4.0745 4.037e-24 90.0152 3.269e-05 64.7688 8.991e-10 Inf 7.396e-07 1.7216 5.89e-44
153f:a9f 1.3604 0.06547 1.0364 0.06922 1.1221 0.000589
153f:ADr1uf 1.0605 0.797 0.9677 0.3851 0.7658 0.03873
153f:bm1f 1.0826 0.6841 0.9986 0.9477 0.8962 0.008594
153f:bm2f 0.8441 0.3115 1.0078 0.6867 1.0438 0.08914
153f:bm4f 1.1357 0.4726 1.0235 0.826 1.7741 0.02298
153f:bm5f 1.0824 0.6516 1.0154 0.42 1.2421 0.2524
153f:bm6f 1.2408 0.2023 Inf 1 1 1 0.9398 0.008815
153f:bm7f 1.2974 0.1062 1.0217 0.6976 1.4839 0.0525
153f:bm8f 1.0258 0.9364 0.9954 0.8143 1.1863 0.04739
153f:ch1f 0.9308 0.6989 0.6974 0.5227 0.7349 0.02209
153f:ch4f 1.2043 0.2527 1.2045 1 0.9426 0.04658
153f:ch5f 0.7836 0.1378 1.0183 0.3335 0.2661 0.2203
153f:ch6f 0.9401 0.753 0.9481 0.004156 0.8881 6.67e-05
153f:l1f 0.1483 5.873e-55 0.0232 1.536e-17 0.0469 2.996e-21 0.0293 1.061e-14 0.4205 3.774e-129
153f:l2f 2.9056 4.66e-16 7.4463 0.0002187 7.5863 2.093e-06 51.3444 5.231e-06 1.4935 1.995e-39
153f:l3f 2.217 1.596e-09 4.7098 0.005535 5.4435 3.023e-05 38.5557 7.776e-07 1.551 1.147e-30
153f:l4f 10.913 8.468e-81 49.6855 1.065e-21 54.9131 5.091e-33 139.0012 8.097e-21 2.6152 1.872e-178
153f:l5f 4.0412 3.831e-27 15.2716 1.168e-07 17.4986 2.491e-12 95.9551 4.76e-09 1.6707 1.538e-70
153f:r10f 1.1078 0.6439 1.0374 0.08649 1.1167 0.05627
153f:r4f 1.3754 0.04574 1.0215 0.2545 1.6669 0.003698
153f:r5f 0.8226 0.1968 1 1 0.8662 0.1077 0.909 0.01147
153f:r8f 0.9168 0.6059 Inf 1 1.0771 0.5832 0.7706 0.003882
153f:r9f 0.8617 0.386 1.0346 1 1.249 0.003232
154f:159f 0.0836 2.915e-55 0.0041 1.642e-09 0.376 3.479e-197
154f:165f 0.0113 1.366e-159 0.0114 1.568e-08 0.0024 7.499e-13 0.392 0
154f:171f 88.8514 1.366e-159 23.4961 0.02914 111.634 1.45e-90 2.6742 0
154f:177f 4503599627370496 0 Inf 7.396e-07 Inf 7.029e-20 12014.5898 0 7.8948 0
154f:183f 4503599627370496 0 Inf 4.985e-08 Inf 7.029e-20 3463.3445 0 12.4717 0
154f:189f Inf 0 Inf 9.505e-13 Inf 4.869e-27 8582.3553 0 19.1801 0
154f:4371f 0.8592 0.3815 Inf 1 0.9827 0.3525 0.3384 0.005939
154f:4374f 1.0122 1 0.9692 0.09348 0.9517 0.01936
154f:48f 0.6691 0.007998 0.8332 0.4928 0.917 5.204e-05
154f:51f 1.0265 0.9356 1.0034 0.8604 0.476 0.0828
154f:96f 0.8247 0.2615 0.9787 0.2504 0.7646 0.01296
154f:99f 0.8761 0.4639 0.9636 0.04703 0.9555 0.02155
154f:a13f 1.4783 0.01543 Inf 0.3333 10.9072 0.2063 1.346 2.284e-13
154f:a1f 1.034 0.8813 1.0864 0.0002535 1.0985 2.497e-06
154f:a21f 1.1755 0.323 1.2891 0.2823 1.2457 3.698e-05
154f:a22f 1.3149 0.06966 1 1 1.0606 0.001483 1.097 4.131e-05
154f:a27f 1.8539 0.03726 0.322 1 Inf 0.3333 1.9397 5.038e-08
154f:a28f 3.8288 6.656e-15 3.1058 1 1.2056 7.506e-20 1.5809 4.526e-32
154f:a29f 1.2194 0.1933 1 1 1.0575 0.002692 1.1186 0.0007923
154f:a30f 0.6103 0.0009865 1 1 0.4831 1 0.892 6.898e-10 0.8266 2.671e-12
154f:a7f 1.2651 0.1693 Inf 1 1.018 0.3425 1.0718 0.1634
154f:a8f 2.1869 2.409e-08 7.6136 0.1319 11.2005 0.002216 Inf 0.02857 1.833 5.147e-20
154f:a9f 1.0128 1 1.0314 0.1158 1.1798 0.001368
154f:ADr1uf 1.096 0.6271 0.9902 0.7479 1.1117 0.09379
154f:bm1f 0.9513 0.8125 0.9374 0.0005849 0.9286 0.0001627
154f:bm2f 0.9507 0.8114 1.0101 0.5993 0.9335 0.169
154f:bm4f 1.2787 0.1475 0.9946 0.7784 0.1838 0.00597
154f:bm5f 1.036 0.8779 1.0411 0.03254 1.1093 0.0006542
154f:bm6f 1.0893 0.6389 Inf 0.3333 1.0405 0.03508 1.0638 0.003854
154f:bm7f 1.0481 0.818 Inf 1 1.0081 0.6735 0.398 0.165
154f:bm8f 0.9871 1 0.978 0.2402 0.8703 0.02244
154f:ch1f 0.8037 0.1994 1.0155 0.4141 0.0426 0.02914
154f:ch4f 1.1242 0.5185 0.9759 0.1915 0.2289 0.02271
154f:ch5f 1.0681 0.7452 0.9655 0.06037 0.3547 0.05507
154f:ch6f 0.9397 0.7522 0.9705 0.1086 0.932 0.01134
154f:l1f 0.1963 1.043e-36 0.0219 4.773e-14 0.0337 1.233e-20 0.0443 1.144e-24 0.5026 6.312e-75
154f:l2f 2.7174 1.231e-13 12.6488 3.975e-05 10.3752 4.086e-07 51.3254 0.001093 1.4579 8.805e-24
154f:l3f 1.9643 4.291e-07 3.9012 0.01938 4.4712 0.0008667 63.0128 0.0003459 1.3454 2.46e-17
154f:l4f 7.4151 2.92e-54 128.1513 9.321e-20 52.3996 6.749e-25 177.3849 2.696e-13 2.4009 4.943e-94
154f:l5f 3.313 3.183e-19 24.9544 6.413e-09 24.0136 1.223e-13 Inf 7.396e-07 1.7507 1.049e-39
154f:r10f 0.7622 0.2002 0.5523 0.2156 0.563 0.00052
154f:r4f 1.2275 0.2297 1.0718 0.0001888 1.1134 0.0001446
154f:r5f 1.0421 0.8295 1 1 1.0348 0.07159 1.0715 0.007641
154f:r8f 1.2283 0.1987 1.0156 0.4121 1.36 0.1562
154f:r9f 1.196 0.2794 0.9853 0.4301 1.3117 0.04354
157m:163m 4503599627370496 0 Inf 3.327e-09 Inf 1.23e-27 6344.2284 0 21.4618 0
157m:169m Inf 0 Inf 0.0001554 Inf 1.783e-20 16343.5637 0 85.7735 0
157m:175m 232.7209 4.81e-238 13.2504 0.02301 39.4876 4.877e-05 118.7051 0 3.3845 0
157m:181m 175.5115 7.49e-215 Inf 0.3333 13.2504 0.02301 177.3892 9.228e-85 3.2604 0
157m:187m 0.0107 1.836e-168 0.0043 2.099e-114 0.3887 0
157m:4370m 1.2376 0.2206 0.4831 1 1.1964 0.003037
157m:4373m 0.559 0.0002586 0.6386 3.288e-05 0.781 1.507e-10
157m:49m 0.7364 0.06044 0.7828 0.001639 0.7934 7.686e-06
157m:52m 0.8616 0.4103 1.1099 0.0008125 1.1579 1.223e-05
157m:97m 11.2399 2.298e-45 Inf 0.3333 1.5234 2.551e-105 1.7659 4.755e-132
157m:a13m 1.1023 0.5847 0.0602 0.08009 0.0709 0.002814 1.0725 0.8288 1.126 0.0007871
157m:a1m 0.9876 1 3.1058 1 3.1058 1 1.0963 0.01242
157m:a21m 0.4668 3.334e-06 0.6415 4.102e-12
157m:a22m 2.0607 1.913e-06 1 1 2.7625 0.0008546 1.3624 3.917e-16
157m:a27m 3.2797 6.874e-07 0.322 1 0.2834 0.5671 1.3381 4.66e-26 1.7528 5.565e-34
157m:a28m 38.1714 9.58e-49 Inf 1 Inf 0.1 32.1249 2.198e-83 4.0996 1.98e-261
157m:a29m 1.2617 0.1474 1 1 16.6032 0.08009 1.2834 3.036e-10
157m:a30m 0.8047 0.1613 0.4831 1 0.4831 1 0.6726 0.000196
157m:a7m 0.8963 0.5624 1 1 0.9769 0.225 0.9231 0.009113
157m:a8m 2.4981 2.526e-11 0.0406 0.001203 0.3532 0.1016 1 1 1.4744 1.028e-45
157m:a9m 1.7898 0.0004774 2.7317 0.07934 1.7408 1.683e-07
157m:ADr1um 0.8963 0.5624 0.9682 0.09287 0.1725 0.05698
157m:bm1m 0.8334 0.3148 1 1 Inf 0.02857
157m:bm2m 0.9749 0.9364 1.0041 0.9037 1.5562 0.01131
157m:bm4m 0.7984 0.2081 0.99 0.6981 0.6206 0.01458
157m:bm5m 0.9507 0.8114 0.9969 0.8777 0.97 0.3311
157m:bm6m 1.1357 0.4726 1 1 1.127 0.01775
157m:bm7m 1.1661 0.3785 1.0278 0.1572 1.1418 0.02127
157m:bm8m 1.1477 0.4548 0.9875 0.5188 2.2366 0.02764
157m:ch1m 0.8447 0.356 0.9654 0.06592 0.9033 0.004105
157m:ch4m 0.9366 0.746 0.9861 0.4681 0.5566 0.005787
157m:ch5m 0.8753 0.4625 1.0132 0.4978 0.9024 0.072
157m:ch6m 0.9732 0.9343 0.9842 0.5278 0.8331 0.00654
157m:l1m 0.2108 3.033e-36 0.7185 0.5405 0.4468 0.01743 0.3411 0.01491 0.4769 5.743e-134
157m:l2m 0.4839 1.602e-07 0.2837 0.03476 0.3309 0.01851 0.3095 2.07e-09 0.405 4.359e-13
157m:l3m 0.4137 5.643e-11 0.3186 0.02293 0.2531 0.0004716 0.2046 9.852e-11 0.3754 3.412e-21
157m:l4m 2.4517 1.329e-12 0.4174 0.05999 0.6961 0.3336 1.6507 0.02504 1.924 1.192e-76
157m:l5m 0.9232 0.6206 0.1926 0.02564 0.1415 0.0001585 1.0561 0.004342 1.2166 7.829e-07
157m:r10m 1.3088 0.2218 1.5239 1 11.2005 0.002216
157m:r4m 1.1595 0.3875 1.0267 0.1702 1.1866 0.008898
157m:r5m 0.7328 0.03072 1 1 0.4634 0.6563 Inf 1 0.8846 0.0008649
157m:r8m 1.1635 0.3595 1 1 1.0467 0.01759 1.0675 0.011
157m:r9m 1.07 0.7419 1.0059 0.7672 1.823 0.007269
159f:165f 4503599627370496 0 Inf 2.204e-10 Inf 7.85e-29 2076.047 0 13.4956 0
159f:171f 4503599627370496 0 Inf 7.396e-07 Inf 7.029e-20 16384 0 95.767 0
159f:177f 28.1449 3.02e-111 0.2834 0.5671 1 1 20.1575 3.475e-204 2.3165 0
159f:183f 34.8967 2.721e-136 0.0245 0.003373 0.2228 0.05021 19.0455 5.427e-70 2.5691 0
159f:189f 0.0257 7.025e-127 0.4882 0
159f:4371f 1.4423 0.02114 1 1 1.0644 0.01125 1.149 1.245e-05
159f:4374f 0.8044 0.173 0.9829 0.351 0.911 0.01064
159f:48f 0.3931 1.722e-10 0.5733 8.424e-11 0.7263 5.53e-30
159f:51f 1.5163 0.008763 1.236 6.294e-10 1.1814 6.847e-13
159f:96f 6.3816 2.916e-31 Inf 0.3333 7.3315 4.072e-09 1.9614 1.238e-99
159f:99f 0.6004 0.002136 0.9694 0.09267 0.2739 0.0002447
159f:a13f 1.821 5.868e-05 0.322 1 0.2834 0.5671 1.4352 0.4458 1.3373 3.058e-12
159f:a1f 1.5027 0.006777 1.2324 0.01973 1.1266 2.337e-06
159f:a21f 0.7211 0.03551 1 1 0.981 0.2954 0.8198 0.003287
159f:a22f 2.1646 1.999e-08 Inf 0.3333 6.4069 0.08611 5.0125 3.4e-07 1.4153 6.417e-19
159f:a27f 4.135 1.748e-09 4.9467 0.001364 2.1208 2.754e-61
159f:a28f 48.016 1.159e-114 2.07 1 60.3343 1.936e-66 2.2324 0
159f:a29f 2.2923 3.231e-09 Inf 0.02857 1.8133 6.33e-15 1.5737 6.829e-24
159f:a30f 0.3358 3.391e-15 0.186 0.2861 0.3384 0.005939 0.628 6.413e-38
159f:a7f 0.7599 0.08908 0.322 1 0.8485 0.1783 0.8586 0.0006647
159f:a8f 4.7134 8.432e-33 0.1725 0.05698 1 1 3.1223 0.008985 1.9275 4.435e-92
159f:a9f 1.6847 0.001652 1.1479 0.005443 2.5005 1.972e-05
159f:ADr1uf 0.7764 0.1306 1 1 0.6234 0.5721 0.7856 1.442e-05
159f:bm1f 1.2928 0.1177 2.3191 0.005955 1.1403 0.001072
159f:bm2f 1.1805 0.3374 1.0157 0.4055 1.0543 0.05096
159f:bm4f 0.9119 0.626 0.9915 0.7245 0.9369 0.0498
159f:bm5f 1.012 1 0.8379 0.6548 0.8513 0.04924
159f:bm6f 0.9315 0.7006 Inf 0.3333 0.9787 0.2476 0.8797 0.02941
159f:bm7f 0.9315 0.7006 1.0114 0.5475 0.868 0.1448
159f:bm8f 1.0614 0.7573 1.0431 0.5605 0.3032 0.02832
159f:ch1f 0.772 0.1072 0.9672 0.06994 0.8369 0.02303
159f:ch4f 0.8699 0.4016 0.9955 0.9732 1.081 0.00472
159f:ch5f 0.559 0.0003014 0.9655 0.05655 0.7546 8.99e-05
159f:ch6f 0.9777 0.9401 1 1 0.8854 6.539e-05
159f:l1f 0.1148 8.324e-79 1.5358 0.2926 0.5032 0.01062 0.1744 5.407e-28 0.3475 1.203e-238
159f:l2f 1.3741 0.01398 0.3833 0.0489 0.5455 0.1169 0.5908 0.2437 1.2617 7.289e-14
159f:l3f 0.7438 0.02095 0.4486 0.09116 0.4471 0.02764 0.709 0.08672 0.0253 4.877e-05
159f:l4f 4.5735 2.174e-38 0.2414 0.0001809 0.4758 0.01195 1.5011 0.04918 2.2841 3.012e-164
159f:l5f 1.5291 0.0008947 0.3649 0.04351 0.4793 0.04363 0.4482 0.07134 1.3662 2.014e-23
159f:r10f 1.3857 0.09528 1.5211 6.601e-05 1.5005 3.686e-05
159f:r4f 1.5614 0.004627 1.095 0.01595 1.5619 4.921e-05
159f:r5f 0.7619 0.05988 0.6562 1 0.8841 0.01792 0.8992 0.0006872
159f:r8f 1.0231 0.9398 0.9625 0.8046 0.8109 0.002679
159f:r9f 1.4186 0.02427 2.1007 0.0828 4.511 1.156e-06
163m:169m 96.007 5.127e-154 Inf 0.3333 Inf 0.0001554 109.1127 2.161e-156 2.5288 0
163m:175m 12589.4335 0 Inf 7.396e-07 Inf 1.091e-18 8511.8957 0 8.1153 0
163m:181m 0.001 9.881e-324 0.0059 0 0.2159 0
163m:187m 4e-04 0 0.0012 0 0.1626 0
163m:4370m 0.9026 0.5752 1.345 1 0.7657 0.0005293
163m:4373m 0.9461 0.8026 1.0873 0.01662 1.1973 0.0001873
163m:49m 2.2472 2.538e-07 1.7384 7.313e-05 1.258 1.277e-14
163m:52m 0.8819 0.4754 0.8514 0.03074 0.5773 0.01023
163m:97m 21.923 4.623e-76 Inf 0.02857 Inf 1.083e-05 2.6638 8.681e-225
163m:a13m 0.5148 2.368e-05 0.0917 0.2063 0.3227 0.2568 0.886 7.309e-10 0.7808 1.677e-12
163m:a1m 0.766 0.1109 2.07 1 0.8756 0.006861
163m:a21m 0.3711 4.678e-10 0.886 3.075e-10 0.7921 1.824e-14
163m:a22m 0.9556 0.8211 1 1 0.9692 0.8229 0.8066 3.391e-05
163m:a27m 1.1326 0.7077 0.322 1 1.3022 0.6735 0.778 0.007481
163m:a28m 1.1244 0.7161 1 1 1.1233 0.05187
163m:a29m 0.7325 0.0441 0.322 1 1 1 0.9158 4.779e-05
163m:a30m 3.8599 3.423e-18 Inf 0.3333 23.4961 0.02914 1.3252 1.423e-48 1.5567 5.985e-62
163m:a7m 1.0272 0.9347 0.9829 0.5522 0.861 0.07616
163m:a8m 0.5567 3.295e-05 0.3445 0.3949 0.1481 0.006004 0.2814 0.0001461 0.6914 3.534e-13
163m:a9m 0.8486 0.3626 3.7578 0.2203 0.7514 2.351e-06
163m:ADr1um 0.8426 0.3526 0.8777 0.02696
163m:bm1m 0.7234 0.05341 0.984 0.4105 Inf 0.007937
163m:bm2m 1.1046 0.6128 0.6481 0.7395 1.0838 0.06277
163m:bm4m 1.2128 0.2803 0.8755 0.5982 0.928 0.001943
163m:bm5m 0.9872 1 0.9406 0.1176 0.9145 0.02877
163m:bm6m 0.9507 0.8114 0.7391 0.7819 0.8866 0.002749
163m:bm7m 0.886 0.4836 0.8982 0.8695 1.0835 0.08707
163m:bm8m 1 1 1.0162 0.839 1.4479 0.004325
163m:ch1m 0.8633 0.4135 0.9181 0.3431 4.8897 0.01182
163m:ch4m 1.3147 0.1064 1.0171 0.3821 1.0734 0.01693
163m:ch5m 0.9475 0.8052 1.0149 0.4469 1.0829 0.01187
163m:ch6m 1.0539 0.8078 1.0388 0.04941 1.049 0.02863
163m:l1m 1.198 0.1678 2.5283 0.06938 1.9507 0.06639 1.3321 0.1178 1.1578 7.564e-07
163m:l2m 0.478 1.848e-07 0.6097 0.4536 0.6432 0.3992 0.572 5.813e-11 0.7509 3.265e-23
163m:l3m 0.3845 1.369e-12 0.5481 0.3248 0.3159 0.006267 0.3591 3.622e-07 0.6308 1.2e-31
163m:l4m 0.4825 1.107e-08 0.2126 0.0003181 0.2341 1.64e-05 0.6949 5.476e-19 0.7691 1.862e-25
163m:l5m 0.4235 2.133e-09 0.7003 0.7635 0.4491 0.117 0.8803 3.425e-11 0.7563 5.612e-18
163m:r10m 0.8499 0.4467 1.2945 1 0.942 0.01664
163m:r4m 0.8134 0.2122 0.7097 0.09699 0.3472 0.002763
163m:r5m 0.7416 0.03722 3.1058 1 1 1 0.8114 0.0004214 0.8801 2.022e-07
163m:r8m 0.8458 0.3144 Inf 0.3333 0.8037 1.233e-05 0.8365 5.251e-07
163m:r9m 1.0695 0.7428 1.0058 0.773 1.0561 0.273
165f:171f 38.0629 1.618e-124 Inf 0.3333 Inf 0.0005828 30.0994 1.754e-141 2.2798 0
165f:177f 273.5497 0 0.6562 1 8.0474 9.961e-05 184.9867 2.896e-177 4.2392 0
165f:183f 0.0017 0 0.0011 1.545e-197 0.2365 0
165f:189f 0.0013 0 0.0019 0 0.2039 0
165f:4371f 0.8587 0.3581 0.322 1 1.4162 1 0.872 0.003064
165f:4374f 0.9373 0.7132 1.1021 0.7988 1.1689 0.0001338
165f:48f 1.8827 1.893e-05 1.5191 1.525e-07 1.323 6.656e-15
165f:51f 0.7192 0.0383 0.928 0.002244 0.8761 4.454e-05
165f:96f 15.7278 1.325e-67 57.3159 1.537e-46 2.7648 3.184e-202
165f:99f 3.861 2.427e-18 Inf 0.0001554 1.5844 3.962e-63
165f:a13f 0.735 0.04134 0.322 1 0.4278 0.01469 0.837 1.274e-08
165f:a1f 0.7955 0.1398 0.858 0.4039 0.8629 4.258e-07
165f:a21f 0.4002 3.226e-10 0.294 2.39e-09 0.6172 1.964e-16
165f:a22f 0.7847 0.1021 0.0917 0.2063 0.6472 0.1592 0.9242 0.008432
165f:a27f 0.7233 0.2009 0.8807 1 0.7757 7.09e-09
165f:a28f 0.6153 0.003117 0.0917 0.2063 0.8449 5.643e-08
165f:a29f 0.879 0.3775 1 1 0.892 0.2226 0.9609 0.03722
165f:a30f 2.194 3.376e-08 2.07 1 2.1051 3.437e-17 1.305 1.75e-27
165f:a7f 0.9777 0.9401 1.0027 0.8907 1.058 0.05368
165f:a8f 0.4448 7.652e-10 0.0601 0.008922 0.1046 0.001678 0.2045 0.01182 0.8378 9.24e-15
165f:a9f 0.7219 0.05264 0.955 0.02344 0.9176 0.0008297
165f:ADr1uf 0.9761 0.938 Inf 1 Inf 0.3333 1.0191 0.8427 0.5505 0.05764
165f:bm1f 1.2358 0.2066 1 1 1.2755 5.764e-05
165f:bm2f 1.0122 1 1.1265 0.2413 1.1164 0.0003518
165f:bm4f 0.9873 1 7.6136 0.1319 1.1713 0.03375
165f:bm5f 0.8766 0.4149 0.965 0.4103 0.7485 0.00772
165f:bm6f 1.2635 0.1354 0.9575 0.01936 0.9555 0.01498
165f:bm7f 0.8854 0.4567 0.9266 0.4974 0.7869 0.03281
165f:bm8f 0.9878 1 1 1 3.2979 0.02832
165f:ch1f 0.8933 0.4988 1.024 0.7428 1.1292 0.0137
165f:ch4f 0.8474 0.3173 1.0377 0.5325 0.0601 0.008922
165f:ch5f 0.9072 0.5847 0.9818 0.4729 0.6468 0.04162
165f:ch6f 1.0855 0.6459 1.0531 0.0606 1.097 0.006179
165f:l1f 2.8046 1.284e-18 5.3587 2.135e-05 4.7447 1.619e-07 7.575 5.827e-11 1.3665 1.175e-29
165f:l2f 0.3554 9.335e-17 0.1266 2.818e-06 0.1209 1.518e-09 0.1615 1.81e-10 0.5468 9.435e-31
165f:l3f 0.3776 3.885e-15 0.1714 2.127e-05 0.1756 1.247e-07 0.166 1.439e-09 0.6788 2.625e-24
165f:l4f 0.2711 8.85e-28 0.051 1.348e-13 0.0448 4.051e-22 0.067 4.374e-17 0.5452 1.01e-58
165f:l5f 0.282 2.731e-24 0.0927 5.875e-08 0.0759 8.47e-14 0.0293 1.061e-14 0.4818 2.254e-46
165f:r10f 1.1424 0.5229 1.0887 0.6097 0.9116 0.01344
165f:r4f 0.8507 0.323 0.8795 0.2048 0.8653 1.499e-06
165f:r5f 1 1 0.322 1 1.1012 1 0.9391 0.009196
165f:r8f 0.7032 0.0215 0.9444 0.5735 0.9439 0.08158
165f:r9f 1.0454 0.8231 1.466 0.008678 1.5055 0.001731
169m:181m Inf 0 Inf 0.1 Inf 2.204e-10 8538.2991 0 64.1974 0
169m:187m 605.9693 3.83e-295 Inf 0.3333 31.6066 0.0101 90.1893 0 4.6214 0
169m:4370m 1.1684 0.3754 0.7691 0.7965 1.0975 0.0004465
169m:4373m 0.5749 0.0004884 0.5415 5.999e-06 0.7821 6.346e-14
169m:49m 0.4149 9.842e-08 0.53 0.008227 0.7479 1.032e-22
169m:52m 1.2275 0.2297 1.031 0.1055 1.151 0.000191
169m:97m 8.9593 1.942e-36 Inf 0.3333 16.497 1.022e-18 1.728 1.167e-79
169m:a13m 2.2146 3.98e-07 0.0977 0.05668 1.8137 0.0006633 1.6709 1.161e-17
169m:a1m 1.18 0.3173 0.5471 0.09756 1.1243 0.0004661
169m:a21m 0.8209 0.2386 0.4051 0.1269 0.6596 0.003122
169m:a22m 2.3932 6.099e-09 3.1058 1 3.4204 0.0002518 1.5306 5.621e-24
169m:a27m 5.3394 1.389e-11 1 1 1 1 4.2684 2.747e-18 2.5222 1.401e-67
169m:a28m 148.9436 1.225e-75 Inf 1 Inf 0.02857 272.1917 1.216e-60 3.2796 0
169m:a29m 1.9888 8.301e-06 3.5289 0.5671 2.2464 7.23e-06 1.5288 2.748e-24
169m:a30m 0.3192 1.064e-14 0.1313 0.1319 0.1656 3.693e-10 0.5914 4.844e-56
169m:a7m 0.7291 0.06202 0.9352 0.0191 0.1376 0.0006557
169m:a8m 6.8153 2.375e-44 0.0709 0.002814 0.7691 0.7965 5.1912 0.02564 2.2673 1.832e-117
169m:a9m 2.1797 1.157e-06 Inf 1 2.1282 4.737e-05 1.2427 2.595e-15
169m:ADr1um 0.8495 0.3643 0.9856 0.4467 0.9058 0.07067
169m:bm1m 0.9196 0.6759 0.9732 0.2219 1.3012 0.02526
169m:bm2m 1.1296 0.5101 1.0271 0.8363 13.2504 0.02301
169m:bm4m 0.8963 0.5624 0.9836 0.388 0.5244 0.1056
169m:bm5m 1.0131 1 1.0027 0.8943 0.1313 0.1319
169m:bm6m 1.1093 0.5727 Inf 0.3333 0.8979 0.7884 1.0532 0.02527
169m:bm7m 1.0261 0.936 Inf 1 1.0229 0.236 1.0946 0.05415
169m:bm8m 1.3034 0.1121 1.0489 0.09751
169m:ch1m 0.682 0.02057 0.9394 0.07704 0.7855 2.787e-06
169m:ch4m 1.0562 0.8039 0.9304 0.2297 0.0893 0.002216
169m:ch5m 0.808 0.2206 0.9708 0.1167 0.8516 0.004798
169m:ch6m 1.0861 0.678 0.5546 0.1472 0.5194 0.003537
169m:l1m 0.0726 1.63e-95 0.2886 0.0064 0.1441 6.415e-09 0.0705 1.879e-51 0.3628 4.817e-274
169m:l2m 0.7499 0.04093 0.2328 0.0105 0.5951 0.2971 0.9582 0.02343 0.9374 0.002193
169m:l3m 0.6913 0.007293 0.5672 0.3391 0.385 0.02169 0.9577 0.02165 0.9407 0.003812
169m:l4m 10.0615 5.592e-72 1.7655 0.2752 3.3782 0.0005125 6.4185 6.726e-34 2.1934 8.935e-211
169m:l5m 1.7865 4.178e-05 0.2606 0.09434 0.5848 0.3525 1.4392 0.01939 1.3327 8.926e-32
169m:r10m 1.4609 0.081 3.5289 0.5671 2.4403 0.001091
169m:r4m 1.3139 0.09004 1.171 0.003353 1.1046 9.532e-06
169m:r5m 0.7476 0.04737 3.1058 1 0.7061 1 0.9738 0.6445 0.6793 0.004377
169m:r8m 1.5359 0.007789 3.1058 1 1.1736 6.533e-06
169m:r9m 1.1768 0.342 1 1 1.1746 0.0001828
171f:177f 4503599627370496 0 Inf 1.083e-05 Inf 4.297e-18 2572.3832 0 16.0824 0
171f:183f 4503599627370496 0 Inf 1.083e-05 Inf 2.615e-16 5994.0344 0 55.1078 0
171f:189f 4300.564 0 Inf 4.114e-05 178.3805 7.162e-08 2531.4927 0 7.6489 0
171f:4371f 1.3738 0.05574 Inf 0.3333 1.0505 0.007492 1.3571 2.801e-05
171f:4374f 0.7408 0.06893 0.8326 0.3887 0.8336 4.152e-06
171f:48f 0.2547 5.506e-19 0.1924 6.497e-14 0.6414 9.111e-46
171f:51f 1.7114 0.000591 1.7386 0.1603 1.2522 1.459e-13
171f:96f 3.9896 1.347e-15 Inf 1 9.558 0.001678 1.4859 1.928e-48
171f:99f 0.4024 5.979e-08 0.9102 3.299e-07 0.8207 6.021e-10
171f:a13f 2.4631 2.76e-09 1 1 3.8596 0.06286 1.2964 3.511e-28
171f:a1f 1.8844 3.624e-05 1 1 1.2826 1.294e-09 1.278 3.188e-16
171f:a21f 1.1944 0.2635 1 1 1.0266 0.1527 1.2109 0.05034
171f:a22f 3.3679 3.822e-18 Inf 1 23.4961 0.02914 3.2453 7.712e-15 1.573 1.709e-39
171f:a27f 10.7439 2.405e-20 1 1 6.8663 9.925e-47 3.115 1.262e-106
171f:a28f 194.6468 2.263e-177 Inf 0.002165 138.5506 1.142e-225 2.753 0
171f:a29f 3.4143 8.561e-18 Inf 0.02857 2.5477 3.254e-26 1.733 8.442e-40
171f:a30f 0.2262 6.852e-25 0.0426 0.02914 0.136 0.008556 0.4269 3.052e-79
171f:a7f 0.7529 0.09157 0.8914 0.5527 0.8489 0.000545
171f:a8f 15.4227 2.133e-87 1 1 13.8216 1.599e-05 61.4459 1.418e-30 2.9316 9.574e-200
171f:a9f 1.8228 0.0002412 Inf 1 1.4745 2.192e-11 1.4079 1.692e-15
171f:ADr1uf 0.961 0.8705 0.7061 1 0.7994 3.722e-05
171f:bm1f 1.3055 0.1207 1.0036 0.853 0.9125 0.06205
171f:bm2f 1.2341 0.2237 0.9874 0.4994 1.2192 0.002532
171f:bm4f 1.0285 0.9331 0.9777 0.7772 0.9573 0.08755
171f:bm5f 1.1459 0.407 0.322 1 1.0218 0.2497 1.1316 0.04336
171f:bm6f 0.9208 0.6449 0.9837 0.3788 0.9691 0.1455
171f:bm7f 1.2633 0.1579 3.1058 1 0.9838 0.3837 0.9506 0.06748
171f:bm8f 1.1064 0.5776 0.9081 1 0.8378 0.007797
171f:ch1f 0.8564 0.3538 0.9558 0.01409 0.9024 0.001509
171f:ch4f 0.7927 0.1592 1 1 1.072 0.01766
171f:ch5f 0.5108 4.279e-05 0.9754 0.1773 0.677 7.245e-07
171f:ch6f 0.7859 0.1402 0.833 0.588 0.7935 5.068e-06
171f:l1f 0.0207 6.427e-194 0.1138 1.925e-07 0.0443 1.144e-24 0.0186 6.814e-149 0.4678 0
171f:l2f 3.528 3.298e-21 0.9037 1 1.7024 0.2011 2.6938 1.559e-24 1.8199 2.249e-61
171f:l3f 1.5617 0.0006664 1.1012 1 1.3456 0.4897 1.1289 3.26e-11 1.1489 1.316e-12
171f:l4f 31.3218 1.796e-155 6.4695 2.025e-05 12.7313 1.046e-14 35.0419 8.137e-115 2.0575 0
171f:l5f 4.8541 5.029e-33 2.6615 0.06218 3.1115 0.003591 5.3358 3.052e-31 1.9253 2.089e-105
171f:r10f 1.3999 0.1002 1.344 0.002101 1.1117 8.61e-06
171f:r4f 1.5779 0.003681 1.2655 0.0001175 1.2022 5.1e-09
171f:r5f 0.8701 0.3592 0.4634 0.6563 0.8608 0.04227 0.6483 0.001798
171f:r8f 0.8072 0.1896 Inf 1 0.8793 0.6496 6.7501 0.006004
171f:r9f 1.4268 0.02562 1.0285 0.1277 3.3219 6.194e-05
175m:181m 9658.2578 0 Inf 0.3333 Inf 7.396e-07 4594.6814 0 11.3962 0
175m:187m 4503599627370496 0 Inf 0.3333 Inf 3.327e-09 3356.8833 0 24.2013 0
175m:4370m 0.8567 0.377 1 1 0.322 1 0.77 6.553e-05 0.7615 8.913e-08
175m:4373m 1.2479 0.1692 1.111 0.2607 1.1772 0.001922
175m:49m 0.886 0.4836 1.0043 0.8286 1.2362 0.2783
175m:52m 0.8805 0.4726 0.997 0.8807 1.644 0.05302
175m:97m 10.0618 6.458e-42 Inf 0.3333 Inf 2.835e-06 2.0272 1.305e-128
175m:a13m 1.114 0.5353 0.322 1 1.4162 1 1.0194 0.3958 1.0344 0.08634
175m:a1m 0.9331 0.7039 1.0351 0.07196 1.0991 0.01774
175m:a21m 0.717 0.03396 0.5204 0.04711 0.8191 0.0008288
175m:a22m 0.8727 0.407 1.0511 0.5681 1.1577 0.002917
175m:a27m 1.1955 0.5414 0.322 1 1.3768 0.01143 1.2432 9.933e-07
175m:a28m 4.5243 1.761e-09 2.7247 6.585e-05 1.931 8.506e-45
175m:a29m 0.989 1 1 1 1.0412 0.03309 1.0431 0.02634
175m:a30m 0.9561 0.8221 1 1 0.9749 0.1795 0.9058 0.1021
175m:a7m 0.886 0.4836 Inf 1 3.1058 1 0.981 0.3129 0.4586 0.004246
175m:a8m 1.6111 0.0009319 0.1725 0.05698 0.5704 0.5377 1.0549 0.004499 1.2225 2.908e-05
175m:a9m 1.1435 0.461 1 1 1.038 0.05979 6.0199 0.002932
175m:ADr1um 0.6931 0.03582 1.0037 0.8506 0.4778 0.006586
175m:bm1m 0.8395 0.3248 0.9939 0.7544 3.8368 0.09434
175m:bm2m 1.0404 0.8709 1.0133 0.4936 1.2892 0.01941
175m:bm4m 1.1177 0.529 1.0495 0.7244 0.6745 0.02106
175m:bm5m 0.7214 0.04319 0.8131 0.06059 0.8933 0.003856
175m:bm6m 0.8735 0.4328 0.9638 0.05359 0.9638 0.05359
175m:bm7m 0.8847 0.4809 0.9827 0.3621 0.9209 0.132
175m:bm8m 1.1595 0.3875 1.0208 0.2828 1.0552 0.06367
175m:ch1m 1.0934 0.6315 1.0315 0.2485 1.0485 0.05767
175m:ch4m 1 1 0.9949 0.9003 Inf 0.02857
175m:ch5m 0.9163 0.6693 0.9966 0.8654 0.6355 0.02232
175m:ch6m 0.9739 0.9351 1.0044 0.9567 1.4833 0.01676
175m:l1m 0.4478 5.958e-10 0.644 0.4798 0.469 0.04067 0.2979 3.077e-05 0.6152 3.386e-24
175m:l2m 0.727 0.01985 0.4953 0.225 0.541 0.1695 0.6673 4.108e-06 0.6761 2.997e-10
175m:l3m 0.7425 0.02441 1.2311 0.8187 0.8722 0.8528 0.5047 0.00348 0.753 3.136e-08
175m:l4m 1.935 2.455e-07 0.8123 0.8187 1.1279 0.8619 1.6888 3.944e-11 1.4315 5.547e-21
175m:l5m 0.9714 0.8893 0.6481 0.7395 0.7127 0.6329 0.5664 0.2752 0.8542 0.018
175m:r10m 1.2252 0.3112 1.0065 0.7666 5.7982 0.05698
175m:r4m 1 1 1.1106 0.7308 Inf 0.002165
175m:r5m 0.8736 0.3662 2.07 1 0.5743 0.7064 1.7533 0.5377 3.3924 0.01341
175m:r8m 1.2416 0.1742 3.1058 1 0.965 0.06038 0.9543 0.01573
175m:r9m 1.0133 1 0.322 1 1.0741 0.03177
177f:183f 4503599627370496 0 Inf 4.985e-08 Inf 4.52e-21 8458.6969 0 40.4651 0
177f:189f Inf 0 Inf 2.429e-13 Inf 4.869e-27 8594.9836 0 76.6023 0
177f:4371f 0.9546 0.8191 Inf 1 1.0211 0.9423 0.9278 0.001558
177f:4374f 0.9438 0.7607 0.9824 0.3372 0.9319 0.02141
177f:48f 1.569 0.002692 1.0311 0.228 0.4036 0.0003768
177f:51f 0.8304 0.2527 0.9487 0.7127 0.2553 0.009049
177f:96f 5.6199 2.947e-28 Inf 3.327e-09 1.728 5.126e-80
177f:99f 2.5817 3.633e-09 5.3163 0.000695 1.3599 4.785e-32
177f:a13f 1.5046 0.007494 3.5289 0.5671 3.7578 0.2203 1.186 5.299e-07
177f:a1f 1.0677 0.7117 Inf 0.3333 0.7003 0.7635 1.2137 1.079e-05
177f:a21f 0.6374 0.002383 0.3894 0.03857 0.5084 5.751e-05
177f:a22f 1.1515 0.3369 1 1 1.2284 6.918e-05 1.1621 7.172e-09
177f:a28f 6.4619 1.66e-27 Inf 0.1 39.4876 4.877e-05 2.2034 1.264e-81
177f:a29f 1.2989 0.07034 1.0478 0.01114 1.1088 0.003613
177f:a30f 1.0602 0.727 3.5289 0.5671 0.9582 0.3871 0.8431 0.01452
177f:a7f 0.918 0.6389 1.0359 0.05541 0.2542 0.002948
177f:a8f 2.8865 4.787e-15 13.2504 0.02301 22.6175 7.262e-06 12.1513 6.234e-07 1.6558 2.357e-34
177f:a9f 1.0672 0.7468 1.0163 0.4098 Inf 0.02857
177f:ADr1uf 0.8624 0.3875 1 1 0.9301 0.01893 0.9315 0.003077
177f:bm1f 0.9749 0.9364 1 1 0.9332 0.009998
177f:bm2f 1.1037 0.5824 13.2504 0.02301 13.2504 0.02301
177f:bm4f 1.1037 0.5824 1.1141 0.4604 1.4512 0.04276
177f:bm5f 0.9473 0.7684 0.541 0.1695 1.1675 0.005623
177f:bm6f 0.8791 0.4438 1.0031 0.8751 5.1912 0.02564
177f:bm7f 0.8909 0.4938 Inf 1 1.0203 1 0.7699 0.01055
177f:bm8f 1.2212 0.2357 1.169 0.1998 2.2422 0.002907
177f:ch1f 0.8339 0.2582 0.9506 0.3138 0.1481 0.006004
177f:ch4f 0.8713 0.4044 0.9898 0.8592 0.672 0.02885
177f:ch5f 0.7735 0.1177 3.1058 1 0.4036 0.0003768
177f:ch6f 0.9291 0.6954 0.9793 0.5753 0.9442 0.06228
177f:l1f 0.1719 3.335e-47 0.0872 1.209e-09 0.0869 9.143e-16 0.0143 2.82e-10 0.4408 2.368e-108
177f:l2f 1.969 7.168e-08 1.8594 0.2057 2.351 0.02327 4.8634 8.106e-05 1.3421 1.343e-25
177f:l3f 1.5198 0.0008707 1.0919 1 1.381 0.4112 1.6002 0.03436 1.2567 2.577e-12
177f:l4f 6.4301 5.995e-53 13.9633 1.369e-11 10.9536 5.184e-15 9.9777 9.568e-16 1.9294 2.474e-138
177f:l5f 2.5423 4.553e-14 3.938 0.002037 3.6877 8.371e-05 12.6488 3.975e-05 1.4331 6.431e-42
177f:r10f 1.1971 0.393 1.345 1 1.1089 0.0001985
177f:r4f 1.1181 0.5012 1 1 1.1363 0.01235
177f:r5f 1.0209 0.9426 1 1 0.9158 1 0.7665 0.002123
177f:r8f 0.9784 0.9411 0.9903 0.6005 0.1725 0.05698
177f:r9f 1.4067 0.02875 1.5316 0.3448 1.2334 0.0003679
181m:187m Inf 0 Inf 0.1 Inf 9.505e-13 4503599627370496 0 139.3677 0
181m:4370m 0.9232 0.6831 Inf 1 Inf 0.3333 0.9978 0.9164 0.2579 0.04222
181m:4373m 0.6165 0.00363 0.9241 3.723e-05 0.7632 1.047e-10
181m:49m 0.3425 3.775e-10 0.8542 1.767e-16 0.776 6.315e-24
181m:52m 1.3843 0.0643 1.0464 0.01771 1.0818 0.003726
181m:97m 1.7602 0.001668 1.0383 0.05251 1.0881 0.0003895
181m:a13m 2.6688 7.259e-10 2.5987 0.6193 1.1579 6.272e-14 1.3592 6.018e-25
181m:a1m 1.1234 0.5199 1.0043 0.8316 1.2375 1.009e-05
181m:a21m 1.9753 3.812e-05 1.0627 0.001484 1.24 3.98e-05
181m:a22m 2.2583 2.337e-07 1 1 1.8746 0.2512 1.4421 7.528e-19
181m:a27m 4.285 9.046e-08 1.3381 4.66e-26 1.7279 9.208e-39
181m:a28m 69.5028 1.565e-53 Inf 1 Inf 0.3333 2.3338 1.258e-205 3.1859 1.811e-259
181m:a29m 2.1626 7.197e-07 1 1 1.1466 9.399e-13 1.2675 3.801e-16
181m:a30m 0.14 1.211e-36 0.0426 0.02914 0.7083 1.08e-72 0.5594 1.78e-94
181m:a7m 0.6112 0.005744 Inf 1 0.9689 0.1015 0.8554 0.0005243
181m:a8m 6.3578 1.195e-37 0.1561 0.08611 2.0511 0.366 6.9839 0.02684 2.5415 6.837e-95
181m:a9m 1.7903 0.0006494 Inf 1 1.1702 3.286e-15 1.2839 2.139e-18
181m:ADr1um 0.8566 0.4282 0.9873 0.5094 0.6621 0.07799
181m:bm1m 0.8586 0.4317 0.9856 0.4579 Inf 0.1
181m:bm2m 1.1489 0.4821 1.0009 0.9692 2.5124 0.165
181m:bm4m 1.0292 0.9324 1.0436 0.02776 1.0436 0.02776
181m:bm5m 0.8745 0.461 1 1 0.9913 0.6574 0.9729 0.2914
181m:bm6m 1.3362 0.1057 1.0013 0.9539 1.0818 0.3517
181m:bm7m 1.3201 0.1133 0.9836 0.3966 0.6679 0.2303
181m:bm8m 1.1001 0.6201 0.9795 0.2886 0.6996 0.07248
181m:ch1m 0.709 0.04654 0.959 0.02894 0.93 0.00329
181m:ch4m 0.6681 0.01744 0.9728 0.1519 0.7528 2.034e-06
181m:ch5m 0.5774 0.001675 0.9701 0.1145 0.9237 0.005655
181m:ch6m 0.7802 0.158 0.9711 0.1279 0.9433 0.01089
181m:l1m 0.1136 5.696e-62 0.1838 0.0009958 0.122 1.294e-08 0.1054 3.881e-46 0.3754 1.516e-200
181m:l2m 1.4079 0.01926 0.5175 0.3868 1.1066 1 1.055 0.00517 1.1166 7.821e-05
181m:l3m 1.2682 0.1055 0.7391 0.7819 0.8207 0.8233 1.0504 0.01025 1.1738 4.44e-06
181m:l4m 10.0312 1.63e-64 5.5944 0.001427 7.4135 5.287e-07 1.6634 3.273e-155 2.3495 1.032e-203
181m:l5m 2.8742 6.426e-13 0.4056 0.4338 0.5175 0.3868 1.2184 5.894e-25 1.5731 3.345e-39
181m:r10m 1.1233 0.6223 1.0554 0.012 1.0629 0.006597
181m:r4m 1.4523 0.02221 1.0288 0.1391 1.0751 0.003672
181m:r5m 1.1604 0.324 2.1582 0.6563 1.0197 0.3162 1.1045 0.000202
181m:r8m 1.8276 0.0001698 Inf 0.3333 1.028 0.1531 1.106 0.0009204
181m:r9m 1.1499 0.4517 1.0301 0.1234 10.2381 0.05668
183f:189f Inf 0 Inf 2.429e-13 Inf 1.982e-29 4503599627370496 0 407.7744 0
183f:4371f 1.0773 0.6936 Inf 0.3333 0.9438 0.7985 1.1133 0.000418
183f:4374f 0.8044 0.173 0.8734 0.0307 0.7712 1.339e-06
183f:48f 0.4029 1.495e-09 0.4797 8.353e-22 0.7154 3.468e-30
183f:51f 1.396 0.03716 1.3719 0.007001 1.2791 9.636e-10
183f:96f 1.1757 0.3435 1.4119 0.0776 1.2816 0.002803
183f:99f 0.4055 2.14e-08 0.3689 1.843e-06 0.7509 1.525e-21
183f:a13f 2.2993 3.882e-08 6.4083 0.4857 Inf 0.3333 1.3334 4.038e-28
183f:a1f 1.5054 0.005308 3.1058 1 1 1 1.3565 2.561e-20
183f:a21f 1.2259 0.1874 Inf 1 1 1 1.3256 0.3938 1.1627 2.232e-08
183f:a22f 2.6938 8.522e-12 Inf 1 2.07 1 2.4694 1.75e-13 1.3408 8.689e-23
183f:a27f 8.4607 1.638e-17 3.1058 1 8.6126 7.353e-18 2.4996 1.292e-79
183f:a28f 49.0926 8.549e-108 Inf 0.02857 346.0904 6.834e-20 2.5385 0
183f:a29f 2.016 5.338e-07 Inf 0.02857 1.1271 7.194e-11 1.3434 7.141e-18
183f:a30f 0.2875 7.646e-19 0.186 0.2861 0.3902 1.296e-19 0.5954 1.194e-68
183f:a7f 0.9061 0.5824 0.9905 0.6077 0.1313 0.1319
183f:a8f 9.1651 3.149e-60 63.0128 0.0003459 50.4481 1.537e-10 70.8182 2.89e-16 2.3383 8.355e-150
183f:a9f 1.3929 0.04593 1.2686 0.0002314 1.148 4.265e-09
183f:ADr1uf 0.8267 0.2646 0.9277 0.09335 0.7867 0.01533
183f:bm1f 0.8334 0.275 0.6117 0.08487 0.8799 0.0006462
183f:bm2f 1.6886 0.001215 0.9881 0.5236 1.1077 0.1937
183f:bm4f 1.1638 0.3815 1.371 0.4762 1.5612 0.01102
183f:bm5f 1.0939 0.5998 2.3693 0.03717 3.0747 0.01289
183f:bm6f 1.0744 0.6989 Inf 0.3333 0.9748 0.3857 6.0199 0.002932
183f:bm7f 1.0367 0.8768 1.0127 0.7362 1.1799 0.01467
183f:bm8f 1.1376 0.4438 0.9815 0.8268 0.8829 0.009488
183f:ch1f 1.0454 0.8231 1.0617 0.6445 0.937 0.001049
183f:ch4f 0.9299 0.6971 0.9798 0.7736 Inf 0.02857
183f:ch5f 0.6699 0.01419 0.2661 0.2203 0.2965 2.169e-05
183f:ch6f 0.9146 0.6009 0.967 0.06752 0.9164 0.0006262
183f:l1f 0.0294 8.028e-168 0.0138 1.911e-25 0.0141 1.025e-42 0.0068 2.709e-36 0.4852 0
183f:l2f 4.6532 1.055e-33 6.9287 3.888e-05 9.1712 3.351e-09 19.2872 2.509e-09 1.9023 6.89e-89
183f:l3f 3.1061 8.65e-19 3.4307 0.009255 4.2935 3.35e-05 4.6682 1.778e-10 1.5893 2.666e-40
183f:l4f 41.6217 6.176e-188 140.676 1.975e-30 151.423 9.914e-52 214.5015 1.091e-64 2.0341 0
183f:l5f 6.3636 5.589e-49 16.1899 8.656e-10 11.8459 4.3e-13 14.6208 1.127e-30 2.388 1.45e-152
183f:r10f 1.3751 0.1097 1.0636 0.003709 1.1652 0.0001278
183f:r4f 1.3508 0.05726 1.068 0.0003172 1.1273 2.018e-07
183f:r5f 0.8713 0.3616 1 1 0.8984 0.2563
183f:r8f 1.1223 0.4688 Inf 1 1.2708 0.2713 1.7424 0.03478
183f:r9f 1.4568 0.01412 1.3883 0.05187 1.2279 0.0001027
187m:4370m 0.7646 0.1195 1 1 0.9556 0.01913 0.95 0.01882
187m:4373m 1.2412 0.2175 1.0077 0.6996 0.4696 0.003953
187m:49m 0.4979 3.686e-05 0.908 6.394e-07 0.8691 1.047e-09
187m:52m 1.3031 0.1329 1.0165 0.4022 1.5245 0.03112
187m:97m 1 1 0.9575 0.02639 0.9558 0.02317
187m:a13m 1.8276 0.0001698 6.4069 0.08611 1.1067 2.919e-07 1.2253 5.037e-13
187m:a1m 1.1124 0.5677 1.0163 0.4128 1.0544 0.04338
187m:a21m 1.783 0.0005812 1 1 1.2339 0.001331 1.1692 4.677e-08
187m:a22m 0.864 0.3904 1 1 1.0423 0.03283 1.123 0.0004008
187m:a27m 1.7219 0.05061 1.1794 0.8384 1.591 2.553e-11
187m:a28m 5.6609 2.002e-10 6.6291 0.001403 1.899 2.6e-48
187m:a29m 1.4486 0.02038 1 1 1.0758 0.0001672 1.1698 3.294e-06
187m:a30m 0.3003 2.454e-14 0.4831 1 0.7651 1.2e-43 0.6337 5.858e-54
187m:a7m 0.9227 0.6821 Inf 1 Inf 0.3333 0.9779 0.2534 0.8988 0.06458
187m:a8m 2.8436 1.412e-12 1 1 5.7982 0.05698 1.1521 2.325e-13 1.2571 9.407e-18
187m:a9m 1.4354 0.03713 1.0835 6.59e-05 1.1534 1.52e-06
187m:ADr1um 0.8713 0.4838 0.9867 0.4929 0.6375 0.05005
187m:bm1m 0.985 1 0.9751 0.1989 0.511 0.0007391
187m:bm2m 0.9708 0.9314 0.9932 0.7332 1.2455 0.1285
187m:bm4m 0.93 0.733 0.9989 0.9612 7.6136 0.1319
187m:bm5m 0.9728 0.9338 1.0049 0.8077 4.3686 0.02271
187m:bm6m 0.7984 0.2081 1.0103 0.6057 0.1993 0.01737
187m:bm7m 0.9107 0.6237 0.9676 0.09251 0.9484 0.01889
187m:bm8m 1 1 1 1 0.4793 0.01872
187m:ch1m 0.9438 0.7985 0.9894 0.589 0.1313 0.1319
187m:ch4m 0.7351 0.07898 0.983 0.3794 0.7588 7.889e-05
187m:ch5m 1.0928 0.667 0.9888 0.568 0.9182 0.1289
187m:ch6m 0.7335 0.07793 0.9922 0.6917 1.6804 0.0226
187m:l1m 0.3419 2.918e-16 0.2549 0.006212 0.2773 0.0007199 0.8136 1.301e-26 0.7202 1.469e-33
187m:l2m 1.434 0.01328 1.5039 0.5999 1.8594 0.2057 1.3202 0.2145 1.6413 2.447e-05
187m:l3m 1.2795 0.08518 1.64 0.4536 1.357 0.5565 1.0719 0.0003327 1.2201 1.989e-07
187m:l4m 3.8708 4.665e-24 6.5552 0.0003365 7.4135 5.287e-07 1.3204 5.216e-47 1.6988 5.847e-69
187m:l5m 1.4505 0.01322 1.9976 0.4935 2.4688 0.1269 1.1599 1.612e-14 1.2487 2.668e-16
187m:r10m 1.3522 0.145 1.0309 0.1594 1.0466 0.04777
187m:r4m 1.0691 0.7436 1.0143 0.4692 0.7393 0.1313
187m:r5m 1.4146 0.02036 1 1 1 1 1.0608 0.002488 1.1174 0.0002626
187m:r8m 1.3711 0.05652 Inf 1 1.0068 0.7349 1.0897 0.008763
187m:r9m 1.0446 0.8646 1.0669 0.04686 1.0997 0.005837
189f:4371f 0.9199 0.643 3.1058 1 0.7482 0.3453 0.363 0.007764
189f:4374f 0.8356 0.2609 0.9194 0.001568 0.9001 0.0001348
189f:48f 0.7549 0.06598 0.9447 0.001783 0.7984 3.351e-06
189f:51f 1.1947 0.2808 1.1732 0.4209 1.1825 0.0001531
189f:96f 0.9556 0.8211 0.8613 0.2735 0.8558 0.001344
189f:99f 0.7684 0.1041 0.6607 0.01595 0.7066 0.003219
189f:a13f 1.8453 4.87e-05 3.1058 1 10.2381 0.05668 1.2963 2.69e-13
189f:a1f 1.1287 0.4344 Inf 0.3333 1.556 0.336 1.3928 2.086e-10
189f:a21f 1.278 0.1081 1 1 0.322 1 0.1561 0.08611 1.1901 2.007e-08
189f:a22f 1.4295 0.0112 1 1 1.6466 2.99e-05 1.1852 1.954e-10
189f:a27f 2.5741 0.0001053 Inf 1 Inf 0.3333 2.5684 0.03857 2.0378 8.13e-23
189f:a28f 9.484 9.359e-41 Inf 0.02857 39.4876 4.877e-05 1.9252 2.555e-84
189f:a29f 1.3024 0.06362 1 1 1.0487 0.009612 1.1239 7.145e-05
189f:a30f 0.5335 5.458e-06 1 1 0.6287 4.769e-09 0.8017 9.158e-22
189f:a7f 0.9629 0.8738 1.0444 0.1901 1.0715 0.004551
189f:a8f 4.7623 2.474e-31 105.2927 9.821e-06 37.9949 1.298e-08 51.3444 5.231e-06 2.2419 3.649e-52
189f:a9f 1.1661 0.3785 1.122 0.0002431 1.3 4.27e-07
189f:ADr1uf 0.9501 0.8102 0.322 1 1.0519 0.6507 0.9576 0.02595
189f:bm1f 0.7086 0.03093 0.922 0.04283 0.8036 2.085e-06
189f:bm2f 1.023 0.9399 0.9788 0.619 1.6619 0.04345
189f:bm4f 1.2153 0.2415 1.0939 0.4109 1.3373 0.008956
189f:bm5f 1.2934 0.1082 1.2381 0.001934
189f:bm6f 1.0244 0.9381 Inf 0.3333 1.1878 0.835 1.8947 0.0004999
189f:bm7f 1.1755 0.323 Inf 1 1.0676 0.786 0.3757 0.06218
189f:bm8f 1.0986 0.5914 1.0577 0.9056 29.2001 0.0004227
189f:ch1f 0.9177 0.6078 0.8952 0.7237 0.8677 0.003525
189f:ch4f 0.9338 0.7055 1.0157 0.8947 3.6057 0.0007199
189f:ch5f 0.869 0.4241 0.2834 0.5671 0.4544 0.0004816
189f:ch6f 0.9575 0.825 0.7393 0.03319 0.9241 0.001118
189f:l1f 0.0839 2.738e-94 0.0142 6.121e-25 0.0265 5.863e-34 0.0131 7.989e-39 0.3736 1.353e-185
189f:l2f 3.389 1.884e-22 10.5142 1.21e-06 9.1712 3.351e-09 9.1268 5.433e-12 1.6077 1.292e-55
189f:l3f 2.7054 9.309e-16 2.6816 0.03444 4.6421 9.615e-06 26.576 2.286e-09 1.6268 2.769e-35
189f:l4f 18.3079 6.232e-122 78.8723 3.434e-30 74.6649 3.106e-44 140.0388 7.534e-54 3.3869 7.586e-236
189f:l5f 5.0359 9.816e-40 16.984 3.34e-10 14.8173 2.172e-15 107.7741 1.186e-17 1.8777 1.591e-97
189f:r10f 1.2571 0.26 0.9695 0.9299 1.1631 0.0007023
189f:r4f 1.0228 0.9401 1.0669 0.0007106 1.1403 2.731e-05
189f:r5f 0.9448 0.7307 0.4831 1 0.8601 0.2867
189f:r8f 1.0107 1 Inf 1 0.8841 0.2664 0.6334 0.01683
189f:r9f 1.1295 0.4567 1.6949 0.02913 2.028 0.0004434
4370m:4373m 0.0389 4.114e-147 0.0168 6.182e-53 0.5108 0
4370m:49m 1.3998 0.02713 1.0481 0.2883 1.3767 0.005134
4370m:52m 0.8284 0.2337 0.9351 0.04844 0.9053 0.00406
4370m:97m 0.9291 0.6954 0.457 0.4661 0.7566 0.00382
4370m:a13m 1.1489 0.2629 6.4083 0.4857 1 1 1.0895 0.5555 1.9544 0.014
4370m:a1m 0.8366 0.1608 0.951 0.07742 0.91 0.002082
4370m:a21m 0.7848 0.03939 0.9468 0.1016 0.8082 0.001557
4370m:a22m 1 1 0.322 1 0.9816 0.467 0.9008 0.002501
4370m:a27m 1.1539 0.4196 0.7435 1
4370m:a28m 1.1321 0.4782 1.0433 0.1417 1.0647 0.007514
4370m:a29m 1.027 0.8625 0.4831 1 0.8861 0.6154 0.92 0.02244
4370m:a30m 0.9077 0.4445 0.322 1 2.1582 0.6563 1.0744 0.00296
4370m:a7m 1.0325 0.8495 1.0056 0.7516 7.6062 0.00277
4370m:a8m 0.7671 0.02125 1 1 1.6271 0.7244 0.4831 1 0.0489 0.003329
4370m:a9m 0.8916 0.4253 0.9379 0.08426 0.8084 0.002798
4370m:ADr1um 0.8506 0.2144 1 1 13.2504 0.02301
4370m:bm1m 1.1245 0.3811 1.6692 0.1493 Inf 0.002165
4370m:bm2m 0.9848 0.9506 1.0319 0.4585
4370m:bm4m 0.9688 0.8501 1 1 0.0755 0.02301
4370m:bm5m 1.0463 0.7587 Inf 1 0.9539 0.05258 0.945 0.001921
4370m:bm6m 0.937 0.6305 2.4658 0.4338 0.6017 0.04345
4370m:bm7m 0.9347 0.6241 Inf 1 0.9731 0.5749 1.1517 0.001322
4370m:bm8m 1.0317 0.8513 1 1 1.1769 0.01285
4370m:ch1m 1.2424 0.09273 1.0284 0.4079 1.274 0.0277
4370m:ch4m 1.0226 0.9029 1.0093 0.7791 0.3833 0.0489
4370m:ch5m 0.7234 0.01196 0.9839 0.4929 0.7771 0.005175
4370m:ch6m 1.2515 0.08154 1.0006 0.9834 1.8925 0.02847
4370m:l1m 0.7171 0.00174 0.3833 0.0489 0.6711 0.2683 0.6632 0.1714 0.8116 0.0001952
4370m:l2m 1.1684 0.1713 1 1 1.0842 1 1.1354 1 1.0728 0.0004199
4370m:l3m 1.2892 0.01941 0.8123 0.8187 1.1886 0.7336 1.1475 0.592 9.4704 0.0005435
4370m:l4m 1.3442 0.006541 3.8769 0.04222 1.8483 0.1695 Inf 1 5.5912 1.927e-06
4370m:l5m 1.2 0.1098 0.8145 1 0.5664 0.2752 4.7227 0.1152 1.0843 0.0005626
4370m:r10m 1.2341 0.2237 0.2834 0.5671 1.4215 0.008818
4370m:r4m 0.9408 0.6654 0.8829 0.7077 0.8658 0.008203
4370m:r5m 0.6198 9.242e-05 1.345 1 3.5289 0.5671 0.6335 2.733e-07
4370m:r8m 0.9861 0.9528 0.9875 0.6695 0.5389 0.0091
4370m:r9m 0.915 0.5032 Inf 0.3333 1.0073 0.8094 0.7514 0.06379
4371f:4374f 0.029 2.096e-171 3.1058 1 0.2834 0.5671 0.0517 9.866e-206 0.4376 0
4371f:48f 0.8706 0.3808 0.9489 0.2213 0.0253 4.877e-05
4371f:51f 0.9379 0.7147 1.0217 0.7683 1.0806 0.02835
4371f:96f 1 1 1 1 1.247 0.0114
4371f:99f 0.9299 0.6971 1.0844 0.09683 1.0595 0.00731
4371f:a13f 0.9196 0.5154 0.9395 0.6618 10.2381 0.05668
4371f:a1f 1.1257 0.3613 2.07 1 0.9662 0.04818 0.9525 0.007552
4371f:a21f 0.9359 0.6273 0.8842 0.7741 0.8291 0.004086
4371f:a22f 0.9212 0.5198 Inf 0.3333 0.9593 0.04948 0.9301 0.002065
4371f:a27f 0.7156 0.04957 1 1 0.9273 0.05963 0.8546 0.0003925
4371f:a28f 1.0216 0.9417 1.4194 0.2332
4371f:a29f 0.7878 0.04396 0.4831 1 0.9541 0.3321 0.7944 0.03183
4371f:a30f 0.9276 0.5588 3.1058 1 0.156 0.4857 0.6961 0.01446
4371f:a7f 0.9433 0.6983 1 1 1.3003 0.7965 0.877 0.01508
4371f:a8f 0.973 0.8606 0.156 0.4857 2.1582 0.6563 0.5864 1 0.839 0.004481
4371f:a9f 1.1545 0.2981 1.149 0.2908 0.5728 0.02498
4371f:ADr1uf 0.9274 0.5804 0.9608 0.6534
4371f:bm1f 1.085 0.5653 1.3022 0.6735 0.9337 0.02954
4371f:bm2f 1 1 0.9925 0.8052 0.0755 0.02301
4371f:bm4f 1.1413 0.3349 1.0483 0.3079 1.114 0.04563
4371f:bm5f 0.8712 0.2927 0.9905 0.5872 0.5794 0.09698
4371f:bm6f 1.0402 0.8017 1 1 0.3729 0.03444
4371f:bm7f 0.9773 0.9016 Inf 0.3333 0.9793 0.5392 0.9689 0.09656
4371f:bm8f 1.1131 0.441 1.0231 0.5101 Inf 0.007937
4371f:ch1f 0.977 0.9008 0.9932 0.9052 1.5665 0.0138
4371f:ch4f 0.9385 0.6593 1 1 0.586 0.002991
4371f:ch5f 0.9343 0.6228 0.9539 0.0387 0.9016 0.0004839
4371f:ch6f 0.8872 0.3764 1.023 0.505
4371f:l1f 0.8954 0.318 0.4303 0.1077 0.3793 0.007033 0.912 0.3618 0.5677 0.001047
4371f:l2f 1.1637 0.177 1.4032 0.6329 2.1699 0.06058 1.7741 0.02298 5.4422 0.0009958
4371f:l3f 1.2462 0.04353 1.7655 0.2752 1.6146 0.1913 1.1492 0.3226 1.4281 0.0003769
4371f:l4f 1.2374 0.05342 1.9414 0.2384 1.6218 0.2229 1.9322 0.3868 1.2347 0.0007836
4371f:l5f 1.1535 0.2096 1.378 0.6423 1.7686 0.1857 Inf 0.02857 63.0128 0.0003459
4371f:r10f 0.9446 0.7999 0.9891 0.8145 0.8953 0.08106
4371f:r4f 1.0394 0.8035 1.0293 0.4649 5.1912 0.02564
4371f:r5f 0.9615 0.802 1 1 0.9581 0.4557 9.685 0.005267
4371f:r8f 1.0074 1 3.1058 1 1.0388 0.15 1.0556 0.02225
4371f:r9f 1.3193 0.02991 1.1173 0.5597 2.4534 0.01215
4373m:49m 0.9473 0.7684 Inf 0.3333 0.8528 0.6715 0.8739 0.03635
4373m:52m 1.0226 0.9404 3.5289 0.5671 0.8585 0.01043
4373m:97m 0.9408 0.7544 1 1 1 1 0.8223 0.06804
4373m:a13m 1 1 6.4083 0.4857 2.1582 0.6563 0.9908 0.7136 0.8917 0.00992
4373m:a1m 0.861 0.2324 3.1058 1 1.0123 0.4808 1.0602 0.02487
4373m:a21m 0.8778 0.2918 0.9899 0.7263
4373m:a22m 0.929 0.5627 1 1 1.0097 0.5666 1.2803 0.007428
4373m:a27m 0.914 0.6304 Inf 0.3333 6.4083 0.4857 0.9515 0.008289 0.9461 0.005327
4373m:a28m 0.6996 0.02798 Inf 1 0.8855 1e-10 0.8694 8.86e-13
4373m:a29m 0.9053 0.4201 Inf 0.1 1.0043 0.8071 2.4375 0.09832
4373m:a30m 0.7334 0.007573 0.2834 0.5671 0.9757 0.1439 0.7755 0.0001231
4373m:a7m 0.9112 0.4935 Inf 0.1 1.0062 0.7257 0.9619 0.2763
4373m:a8m 0.8657 0.2292 7.6136 0.1319 1.2569 1 0.9478 0.03129 0.8468 7.052e-05
4373m:a9m 0.7712 0.05632 0.9919 0.6796 0.7421 0.0003163
4373m:ADr1um 0.8823 0.3657 0.9966 0.8463 1.0736 0.2332
4373m:bm1m 1.1503 0.2889 1.0262 0.1339 1.0416 0.03858
4373m:bm2m 1.0248 0.8982 0.9944 0.7509 0.8871 0.08343
4373m:bm4m 0.8991 0.4228 1.0112 0.5201 4.2472 0.004926
4373m:bm5m 0.8266 0.1225 Inf 0.3333 0.9291 0.1708
4373m:bm6m 0.9406 0.6648 1.0147 0.5463 0.0755 0.02301
4373m:bm7m 0.8721 0.2945 0.9794 0.4614 0.8992 0.0611
4373m:bm8m 0.8278 0.14 0.9918 0.6372 1.0727 0.07236
4373m:ch1m 0.9125 0.4968 1.353 0.7819 1.0491 0.06216
4373m:ch4m 1.0474 0.7561 1.7052 1 1.0535 0.004479
4373m:ch5m 0.8834 0.3504 1.0032 0.858 0.5965 0.02658
4373m:ch6m 1.0974 0.4935 2.5283 0.06938 3.9416 0.00141
4373m:l1m 1.6751 8.712e-07 3.0217 0.01851 3.0391 0.001195 1.0674 9.317e-05 1.1442 1.049e-06
4373m:l2m 0.8846 0.2927 1 1 1.2627 0.6923 0.9801 0.2309 0.762 0.01687
4373m:l3m 0.8369 0.1141 1.2311 0.8187 1.1947 0.7298 0.9664 0.04125 0.9204 0.001569
4373m:l4m 0.6354 2.635e-05 0.3454 0.03826 0.5455 0.1169 0.9218 1.056e-06 0.8138 3.53e-11
4373m:l5m 0.6598 0.0002135 1.2569 1 1.2311 0.8187 0.8279 0.003043 0.6606 9.563e-07
4373m:r10m 0.8928 0.5252 0.8982 0.8695 0.8333 0.01415
4373m:r4m 1.0929 0.5032 0.9679 0.05481 0.9579 0.02726
4373m:r5m 0.9647 0.8106 3.1058 1 2.6867 0.289 0.9849 0.4005 0.9308 0.08646
4373m:r8m 1.0856 0.5409 0.9971 0.8993 1.0477 0.09733
4373m:r9m 0.8604 0.244 0.9696 0.06793 0.6372 0.003436
4374f:48f 1.1241 0.4423 1.353 0.7819 1.057 0.007955
4374f:51f 1.0541 0.7714 1.0213 0.2498 0.5637 0.02711
4374f:96f 1.1733 0.3465 0.961 0.1505 5.1912 0.02564
4374f:99f 1.0582 0.7634 1.0356 0.6902 1.086 0.05679
4374f:a13f 1.1535 0.2562 0.9964 0.9495 1.2149 0.0185
4374f:a1f 0.9398 0.6382 6.4083 0.4857 1.099 0.07745 1.1317 0.001186
4374f:a21f 0.8765 0.3035 0.9862 0.4094 0.9435 0.07897
4374f:a22f 0.9935 1 0.4831 1 1.065 0.3841 0.9632 0.09563
4374f:a27f 1 1 3.1058 1 1 1 1.0389 0.1675 1.1981 0.003227
4374f:a28f 0.9786 0.9414 Inf 1 0.9624 0.0626 0.9544 0.03073
4374f:a30f 0.9362 0.6051 1 1 0.9419 0.0003783 0.9363 0.0001633
4374f:a7f 1.2333 0.1051 1.0903 0.05976 1.2106 0.0002304
4374f:a8f 0.964 0.7822 0.2834 0.5671 0.3722 0.289 0.946 0.01908 0.9015 0.0008182
4374f:a9f 1.026 0.8959 0.9799 0.2642 0.9256 0.03828
4374f:ADr1uf 1 1 Inf 1 Inf 1 0.4831 1 0.8268 0.02217
4374f:bm1f 1.039 0.8046 0.9897 0.5534 0.1313 0.1319
4374f:bm2f 0.778 0.05217 0.9579 0.01737 0.9436 0.00273
4374f:bm4f 1.0375 0.8082 0.99 0.6842 1.1234 0.004053
4374f:bm5f 1.0959 0.4968 3.1058 1 0.9957 0.916 0.9448 0.02116
4374f:bm6f 1.0077 1 Inf 0.3333 1.072 1 1.6804 0.0226
4374f:bm7f 1.0154 0.9506 1 1 0.9427 0.5675 1.655 0.01206
4374f:bm8f 1.2902 0.04338 1.0341 0.2657 1.1951 0.04517
4374f:ch1f 0.9144 0.5016 0.9614 0.1609 0.928 0.0053
4374f:ch4f 0.9567 0.7614 1.7052 1 0.5816 0.02703
4374f:ch5f 1.0153 0.9508 0.8123 0.8187 1.1713 0.02447
4374f:ch6f 1.0382 0.8065 1.3229 0.259 1.15 0.01666
4374f:l1f 0.9238 0.489 1.1126 1 0.7915 0.6071 1.0226 0.2513 Inf 0.007937
4374f:l2f 0.8514 0.1478 0.2804 0.0237 0.282 0.002135 0.0977 0.05668 0.8866 2.084e-05
4374f:l3f 0.6402 4.376e-05 0.2735 0.007656 0.5378 0.09293 0.2661 0.2203 0.7439 1.825e-06
4374f:l4f 0.6681 0.0001731 0.4953 0.225 0.6073 0.2158 0.9301 1.572e-05 0.8846 2.886e-06
4374f:l5f 0.6771 0.0003731 0.3032 0.02832 0.5435 0.1405 0.9698 0.06876 0.7239 0.0003868
4374f:r10f 1.2082 0.2661 0.9949 0.8074 1.256 0.007858
4374f:r4f 1.1267 0.3595 0.9961 0.8253 1.052 0.05522
4374f:r5f 0.9635 0.8072 1 1 1.0016 0.9358 0.5836 0.03762
4374f:r8f 0.8222 0.1103 0.9566 0.8231 0.9036 2.979e-05
4374f:r9f 0.9505 0.7178 0.8145 1 0.7554 0.01521
48f:51f 0.0067 2.558e-236 0.3606 0 0.3606 0
48f:96f 1.2084 0.2324 1.0688 0.0002997 1.0883 2.679e-05
48f:99f 1.1944 0.2635 1.0245 0.1896 1.6017 0.06871
48f:a13f 0.2744 3.889e-21 0.7963 1.629e-35 0.6501 5.011e-37
48f:a1f 0.263 9.062e-24 0.7963 2.738e-35 0.6911 8.775e-49
48f:a21f 0.5833 0.0001197 0.9105 1.644e-07 0.8889 6.855e-09
48f:a22f 0.4713 3.013e-09 0.8855 1.089e-11 0.8026 3.035e-14
48f:a27f 0.4204 0.002047 0.9564 0.1079 0.7574 0.0001939
48f:a28f 0.5412 0.0002844 0.9056 1.321e-06 0.8839 8.821e-08
48f:a29f 0.1505 2.143e-52 0.7083 1.397e-80 0.5295 1.374e-122
48f:a30f 97.701 1.017e-243 Inf 0.002165 Inf 9.505e-13 2.3843 0 2.3843 0
48f:a7f 1.0427 0.8282 1.0016 0.935 0.6824 0.1871
48f:a8f 0.2677 1.783e-25 0.3445 0.3949 0.8032 2.19e-34 0.6227 1.148e-56
48f:a9f 0.3297 7.528e-14 0.8255 3.368e-23 0.7324 1.466e-28
48f:ADr1uf 1.4494 0.008776 1.0497 0.00779 1.0712 0.0006498
48f:bm1f 0.8436 0.274 1.0172 0.356 1.1369 0.01625
48f:bm2f 0.8466 0.279 0.9492 0.004412 0.945 0.003366
48f:bm4f 1.0205 0.9432 1.0277 0.138 1.1703 0.01063
48f:bm5f 0.9541 0.7838 Inf 1 1.0234 0.2099 1.0352 0.1119
48f:bm6f 0.8572 0.3155 0.9928 0.7012 0.8905 0.05997
48f:bm7f 0.8536 0.2912 0.9728 0.1341 0.9585 0.03288
48f:bm8f 0.99 1 0.9605 0.02855 0.9234 0.0003121
48f:ch1f 1.6804 0.0002419 1.066 0.0004296 1.1536 2.93e-06
48f:ch4f 1.5212 0.003367 1.0741 7.753e-05 1.1557 7.719e-09
48f:ch5f 1.7919 4.655e-05 1.0863 5.365e-06 1.1266 1.974e-07
48f:ch6f 1.434 0.01328 1.034 0.06621 1.1294 8.183e-05
48f:l1f 4.6953 1.828e-41 5.1426 0.002844 7.3661 4.614e-08 1.3764 1.945e-70 1.5972 1.652e-97
48f:l2f 0.5486 9.931e-07 1 1 0.8123 0.8187 0.9156 9.79e-07 0.8724 5.578e-09
48f:l3f 0.8102 0.08579 1.1566 1 1.0808 1 0.9356 0.0002216 0.9128 3.882e-05
48f:l4f 0.2014 2.419e-43 0.2929 0.07577 0.0702 2.768e-10 0.6997 4.515e-87 0.5701 2.138e-118
48f:l5f 0.4709 7.687e-10 0.538 0.5171 0.5672 0.3391 0.8503 2.378e-19 0.7893 9.141e-22
48f:r10f 0.3913 4.799e-08 0.8784 9.235e-10 0.8444 2.861e-12
48f:r4f 0.3744 6.807e-13 0.8886 5.183e-11 0.6901 1.308e-22
48f:r5f 0.7359 0.02048 0.2718 0.3469 0.9927 0.7011 0.8326 0.009223
48f:r8f 0.7051 0.01099 0.9774 0.2108 0.728 0.0007259
48f:r9f 1.0652 0.6869 0.9837 0.3701 0.6036 0.06931
49m:52m 0.0038 1.177e-223 0.3422 0 0.3422 0
49m:97m 0.8339 0.3384 1.0333 0.08032 1.038 0.05483
49m:a13m 0.5294 2.965e-05 3.1058 1 3.5289 0.5671 0.9069 9.278e-08 0.8851 5.87e-09
49m:a1m 0.7156 0.03345 0.9549 0.01226 0.9204 0.0001426
49m:a21m 0.9331 0.7039 1.0157 0.3897 0.6987 0.04683
49m:a22m 0.7659 0.07334 0.9871 0.4744 0.909 0.001359
49m:a27m 0.6959 0.2913 Inf 0.3333 Inf 0.3333 0.9531 0.0817 0.7108 0.004621
49m:a28m 0.6961 0.3336 0.955 0.09374 0.4195 0.01067
49m:a29m 0.5037 2.051e-06 0.8763 3.349e-13 0.8283 6.527e-15
49m:a30m 14.3566 1.852e-75 Inf 0.3333 Inf 4.114e-05 1.6664 6.848e-176 2.2011 2.681e-228
49m:a7m 1.1661 0.3785 Inf 1 1.0079 0.6703 1.0389 0.1138
49m:a8m 0.423 3.222e-09 1 1 0.4634 0.6563 0.8674 2.041e-15 0.7251 2.645e-23
49m:a9m 0.3696 2.027e-10 0.8805 4.782e-11 0.7683 2.66e-16
49m:ADr1um 1.0131 1 1.0275 0.136 1.0722 0.0333
49m:bm1m 0.7928 0.1721 0.9837 0.3747 0.9219 0.1183
49m:bm2m 1.0934 0.6315 0.9867 0.4694 0.8752 0.1571
49m:bm4m 1.2928 0.1177 1.0039 0.8402 1.1952 0.01073
49m:bm5m 0.8388 0.2836 0.996 0.8332 0.7538 0.1913
49m:bm6m 0.9217 0.6469 0.322 1 1.0117 0.5332 5.7982 0.05698
49m:bm7m 1.0717 0.7039 1 1 1.044 0.01915 1.0663 0.002398
49m:bm8m 0.8441 0.3115 0.9963 0.8477 0.9061 0.02289
49m:ch1m 1.2043 0.2527 1.0357 0.05317 1.1485 2.966e-05
49m:ch4m 1.3818 0.03655 1.0444 0.01643 1.1713 0.0005281
49m:ch5m 1.3308 0.0759 1.0331 0.07415 1.0555 0.04208
49m:ch6m 1.4208 0.0265 1.0361 0.0508 1.0774 0.0118
49m:l1m 2.4383 2.435e-12 1.2045 1 0.9081 1 1.2083 3.616e-26 1.2955 5.543e-32
49m:l2m 0.7805 0.07243 1 1 0.5044 0.2935 0.9641 0.04227 0.9493 0.01554
49m:l3m 0.7494 0.03741 0.6762 0.7524 0.644 0.4798 0.9819 0.3121 0.2123 0.005535
49m:l4m 0.4567 9.55e-10 0.1926 0.02564 0.1537 8.207e-05 0.8249 4.921e-27 0.7589 4.157e-36
49m:l5m 0.6092 0.0006479 0.4634 0.6563 0.4538 0.3431 0.9348 0.0001837 0.8638 1.4e-06
49m:r10m 0.8941 0.6289 0.9779 0.2907 0.9233 0.01378
49m:r4m 0.7978 0.1532 0.9431 0.001091 0.868 2.898e-05
49m:r5m 0.8172 0.1769 1 1 2.9027 0.3949 0.9743 0.1662 0.9546 0.06215
49m:r8m 0.6605 0.005609 0.9285 4.377e-05 0.8927 3.414e-06
49m:r9m 0.7859 0.1402 1.003 0.8777 6.9839 0.02684
51f:96f 0.5281 6.607e-05 0.9482 0.003846 0.7409 5.315e-05
51f:99f 0.9323 0.7022 1.0153 0.4143 1.1277 0.3577
51f:a13f 1.735 0.0001559 Inf 1 1.0753 7.528e-05 1.0926 8.061e-06
51f:a1f 1.0868 0.6135 1.0474 0.01196 1.1128 1.855e-05
51f:a21f 1.7009 0.0002358 Inf 0.3333 1.0351 0.05475 1.2389 2.632e-05
51f:a22f 1.2976 0.0655 Inf 0.3333 1.054 0.00337 1.1324 6.784e-07
51f:a27f 1.8929 0.04971 1.016 0.5731 0.5139 0.1527
51f:a28f 1.0442 0.8651 1.012 0.5669 0.705 0.0938
51f:a29f 2.2562 1.979e-09 Inf 0.02857 1.1208 3.152e-10 1.2775 4.789e-21
51f:a30f 0.2571 5.787e-23 0.1313 0.1319 0.7385 4.457e-63 0.6449 3.007e-78
51f:a7f 0.754 0.07765 0.9905 0.6057 0.3156 0.06044
51f:a8f 1.1603 0.2898 1 1 1.4162 1 1.0472 0.01021 1.1449 5.38e-05
51f:a9f 1.4324 0.03056 1.0584 0.003353 1.2665 4.218e-05
51f:ADr1uf 0.8142 0.1987 0.984 0.3783 0.9573 0.09475
51f:bm1f 1.1515 0.3989 0.9699 0.09627 1.267 0.02248
51f:bm2f 0.9566 0.8231 0.9688 0.08458
51f:bm4f 1.036 0.8779 0.997 0.8763 1.1314 0.07316
51f:bm5f 0.7943 0.1286 1.002 0.9198 0.5934 0.1046
51f:bm6f 1.2874 0.09513 Inf 0.3333 1.015 0.4214 6.7501 0.006004
51f:bm7f 1.0216 0.9417 Inf 0.3333 0.9937 0.7354 Inf 0.02857
51f:bm8f 0.9132 0.5978 0.9972 0.8835 0.6072 0.01656
51f:ch1f 0.8364 0.2622 0.9783 0.2286 0.8378 0.005005
51f:ch4f 0.9768 0.9389 0.9845 0.3914 0.8884 0.01309
51f:ch5f 0.8632 0.3664 0.9794 0.2563 1.4878 0.107
51f:ch6f 0.8067 0.1526 0.9791 0.2467 0.9027 0.007661
51f:l1f 0.5418 2.539e-07 0.398 0.165 0.4478 0.05604 0.8623 1.759e-16 0.7981 2.548e-18
51f:l2f 1.085 0.5653 3.4143 0.07577 2.8954 0.03826 1.0442 0.01647 1.0583 0.01311
51f:l3f 1.149 0.2908 3.1687 0.06044 1.612 0.3173 1.0166 0.3642 13.2504 0.02301
51f:l4f 1.6555 5.998e-05 1.9322 0.3868 3.2393 0.011 1.0866 4.19e-06 1.1413 1.266e-08
51f:l5f 1.5617 0.0006664 5.0187 0.01737 3.6015 0.01622 1.0809 1.62e-05 1.0885 1.023e-05
51f:r10f 1.2546 0.2621 1.0746 0.000689 1.0989 3.251e-05
51f:r4f 1.1877 0.2549 1.0779 3.084e-05 1.1004 1.529e-05
51f:r5f 1.0384 0.8368 3.5289 0.5671 0.9975 0.9031 0.9461 0.1636
51f:r8f 1.0099 1 0.9959 0.8277 1.1555 0.04818
51f:r9f 1.2621 0.1266 1.0349 0.05972 1.0797 0.009571
52m:97m 1.1545 0.4453 0.9813 0.3151 0.9341 0.05285
52m:a13m 1.5847 0.002416 Inf 1 0.4831 1 1.07 0.0002184 1.0863 1.586e-05
52m:a1m 1.5928 0.002285 1 1 1.0516 0.006259 1.16 3.616e-05
52m:a21m 0.6893 0.01465 0.9642 0.04292 0.8723 0.0001702
52m:a22m 1.7872 7.653e-05 1.1134 1.979e-09 1.1765 9.747e-14
52m:a27m 0.9031 0.8728 Inf 0.3333 Inf 0.3333 0.9963 0.9019 1.1214 0.1507
52m:a28m 1.2864 0.5246 0.9726 0.3135 1.1579 0.1591
52m:a29m 1.9143 8.866e-06 1.1303 1.435e-11 1.1966 2.495e-15
52m:a30m 0.4413 1.173e-08 0.82 2.919e-28 0.6281 2.315e-41
52m:a7m 1.1534 0.3961 1 1 1.0243 0.189 1.1358 0.1196
52m:a8m 1.0363 0.8411 Inf 0.3333 1 1 1.0442 0.01611 1.0493 0.008596
52m:a9m 1.4134 0.03381 Inf 1 1.0655 0.001061 1.2025 1.117e-08
52m:ADr1um 0.9386 0.75 0.9937 0.7314 2.9815 0.1308
52m:bm1m 0.8538 0.3285 0.9942 0.7557 0.9583 0.3021
52m:bm2m 1.117 0.5303 Inf 1 1.0138 0.4584 1.0303 0.2002
52m:bm4m 1.3508 0.05726 0.9871 0.486 1.1789 0.04247
52m:bm5m 1.1764 0.3027 0.9965 0.8547 1.0936 0.05251
52m:bm6m 1.2173 0.2088 1.0224 0.2302 1.1519 0.0394
52m:bm7m 1.2479 0.1692 1.002 0.9198 1.057 0.07041
52m:bm8m 1.0998 0.5892 0.9806 0.2887 0.9429 0.02107
52m:ch1m 0.9887 1 0.9932 0.711 0.89 0.01214
52m:ch4m 0.9666 0.8804 Inf 1 1.0059 0.7522 0.8615 0.064
52m:ch5m 0.8885 0.4888 1.0001 1 7.6136 0.1319
52m:ch6m 0.9185 0.64 0.9806 0.2819 0.9151 0.01856
52m:l1m 0.9371 0.6554 1.1856 1 1.1126 1 0.9317 7.659e-05 0.9086 1.884e-06
52m:l2m 1.3237 0.03699 0.6481 0.7395 0.8874 1 1.0316 0.08424 1.0764 0.009252
52m:l3m 1.1796 0.2219 0.6454 0.5867 1.5547 0.3992 1.0018 0.9287 1.212 0.004487
52m:l4m 1.2854 0.06062 1 1 0.9081 1 1.0743 6.134e-05 1.1473 1.159e-08
52m:l5m 1.419 0.0147 0.3722 0.289 0.6454 0.5867 1.0396 0.03167 1.0685 0.009164
52m:r10m 0.9351 0.7833 1.009 0.6757 1.1883 0.008616
52m:r4m 1.8089 5.521e-05 1.0243 0.1824 1.2173 1.808e-05
52m:r5m 0.8412 0.2385 Inf 1 0.3445 0.3949 0.9715 0.125 0.9715 0.125
52m:r8m 2.266 9.534e-09 Inf 0.3333 1.1821 3.063e-20 1.3001 1.096e-26
52m:r9m 1.1564 0.3918 1.0137 0.4581 1.132 0.01073
96f:99f 0.082 3.971e-55 0.5772 1.418e-194 0.4282 2.236e-253
96f:a13f 1.2069 0.2499 1.0071 0.7142 2.0673 0.007049
96f:a1f 1.0228 0.9401 1 1 0.9934 0.7292 0.9295 0.09332
96f:a21f 0.6306 0.003083 0.9196 5.226e-06 0.8248 2.98e-08
96f:a22f 1.0205 0.9432 1 1 0.9826 0.3441 0.9455 0.1045
96f:a27f 0.516 0.03765 0.9553 0.1035 0.9553 0.1035
96f:a28f 1.2601 0.2372 1.0865 5.5e-05 1.0977 1.959e-05
96f:a29f 1.0565 0.7666 1.0117 0.5359 1.1826 0.04708
96f:a30f 2.3627 2.621e-09 3.1058 1 1.1447 2.168e-13 1.6054 1.673e-17
96f:a7f 0.9507 0.8114 1 1 0.9913 0.6436 0.7983 0.3112
96f:a8f 1.0655 0.6862 1 1 2.9027 0.3949 1.0133 0.4788 1.503 0.1984
96f:a9f 0.7952 0.1748 0.9684 0.1017 0.9407 0.02179
96f:ADr1uf 0.9151 0.6326 0.9788 0.2514 1.8033 0.01786
96f:bm1f 1.2533 0.1921 1.0051 0.7939 1.7135 0.03762
96f:bm2f 0.9758 0.9376 1.0202 0.2879 1.0233 0.2318
96f:bm4f 0.9468 0.8039 1.0046 0.8152 1.3815 0.01904
96f:bm5f 0.8655 0.3933 0.9887 0.5502 0.8829 0.003049
96f:bm6f 0.8154 0.215 0.9669 0.07211 0.9125 0.001703
96f:bm7f 0.9513 0.8125 0.995 0.7942 0.6654 0.03412
96f:bm8f 0.7813 0.1354 0.9909 0.6334 0.9134 0.01067
96f:ch1f 1.0726 0.7022 1.0648 0.0006876 1.0853 5.088e-05
96f:ch4f 1.31 0.1087 1.0333 0.07712 1.0565 0.03661
96f:ch5f 1.0642 0.7522 Inf 1 0.9945 0.7744 0.9317 0.03334
96f:ch6f 1.2205 0.2204 1.0668 0.000462 1.1366 1.03e-06
96f:l1f 1.1515 0.2871 1.9322 0.3868 1.1717 0.8416 1.0143 0.4452 1.1848 0.04146
96f:l2f 0.6177 0.0004045 0.5704 0.5377 0.644 0.4798 0.9419 0.001174 0.8093 0.000133
96f:l3f 0.6992 0.008246 0.7391 0.7819 0.7376 0.6509 0.921 8.13e-06 0.7783 5.088e-08
96f:l4f 0.638 0.0004982 0.2579 0.04222 0.2542 0.002948 0.97 0.1006 0.8307 0.0008074
96f:l5f 0.6279 0.0005744 0.3506 0.1939 0.4498 0.151 0.9223 1.204e-05 0.7832 1.658e-06
96f:r10f 1.2597 0.2579 0.9995 0.9915 1.035 0.2319
96f:r4f 1.0228 0.9401 0.9744 0.162 0.5753 0.04865
96f:r5f 0.9584 0.8268 2.07 1 1.0248 0.1969 1.0289 0.1413
96f:r8f 1 1 1.0184 0.3302 1.1693 0.03982
96f:r9f 1.114 0.5353 0.9922 0.6778 4.4202 0.03365
97m:a13m 1.1992 0.2582 0.4831 1 0.9853 0.4419 0.9392 0.1442
97m:a1m 0.6682 0.01108 1.0084 0.6638 0.2606 0.09434
97m:a21m 0.8538 0.3285 0.9416 0.001299 0.9267 0.0001714
97m:a22m 1.055 0.7696 1.0045 0.816 1.0473 0.1019
97m:a27m 0.8196 0.6354 Inf 0.3333 1.0099 0.7358 1.2248 0.03898
97m:a28m 1.5912 0.1697 1.0565 0.05142 1.1718 0.0001803
97m:a29m 0.8284 0.2337 0.9951 0.8007 0.7966 0.0029
97m:a30m 2.2909 9.715e-08 Inf 0.1 1.1701 4.182e-17 1.198 2.896e-20
97m:a7m 1.2188 0.2553 1.0217 0.2543 1.0558 0.1355
97m:a8m 1.1753 0.2864 1 1 3.7578 0.2203 1.0354 0.06274 3.4944 0.004433
97m:a9m 0.9612 0.8709 0.9736 0.1761 0.9703 0.1292
97m:ADr1um 1.0967 0.626 0.9727 0.1402 0.9722 0.1357
97m:bm1m 0.9749 0.9364 1.0007 0.9774 1.1019 0.03459
97m:bm2m 1.0681 0.7452 0.9772 0.2241 0.9477 0.02968
97m:bm4m 1.1054 0.6115 1.0256 0.1836 1.4835 0.004465
97m:bm5m 1.0505 0.8137 1.0007 0.9774 0.8942 0.04197
97m:bm6m 0.6732 0.0148 0.9887 0.5529 0.9466 0.1224
97m:bm7m 0.8847 0.4809 0.9762 0.2037 0.9265 0.0323
97m:bm8m 1.0261 0.936 1.0347 0.07106 1.0356 0.06544
97m:ch1m 0.9742 0.9356 1.048 0.01214 1.2059 4.047e-05
97m:ch4m 1.1595 0.3875 1.0794 4.389e-05 1.099 2.41e-06
97m:ch5m 1.2408 0.2023 1.0393 0.03996 1.191 4.449e-06
97m:ch6m 1.2969 0.1155 1.0527 0.006058 1.1578 0.0001108
97m:l1m 0.7033 0.007967 1.1452 1 1 1 0.9283 6.459e-05 0.8411 6.875e-09
97m:l2m 0.7103 0.01926 0.5006 0.4935 0.6825 0.6119 0.9259 3.713e-05 0.8515 2.472e-06
97m:l3m 0.6948 0.01044 0.7003 0.7635 0.644 0.4798 0.9123 8.611e-07 0.8826 4.099e-09
97m:l4m 1.0974 0.5155 0.4794 0.2763 0.6554 0.4095 0.9971 0.8816 0.9685 0.1417
97m:l5m 0.7474 0.05619 0.6562 1 0.3722 0.289 0.936 0.0004089 0.855 4.999e-06
97m:r10m 1 1 1.0004 0.9916 1.5781 0.05562
97m:r4m 1.1271 0.4862 0.9743 0.1655 1.5492 0.001344
97m:r5m 0.8283 0.2186 Inf 1 3.6796 0.3469 0.9623 0.04423 0.9555 0.02961
97m:r8m 0.8466 0.279 1 1 1.0111 0.5626 0.8659 0.1882
97m:r9m 1.0815 0.6861 1.0247 0.1942 1.1069 0.02221
99f:a13f 1.0364 0.8772 0.322 1 0.9631 0.04658 0.8718 0.01111
99f:a1f 0.7502 0.06306 0.9589 0.02546 0.9031 5.127e-05
99f:a21f 0.6859 0.01736 0.9281 4.986e-05 0.9255 4.483e-05
99f:a22f 1.1079 0.5193 10.9072 0.2063 0.9691 0.08954 0.9687 0.0881
99f:a27f 0.7202 0.3574 1 1 1.007 0.813 2.4375 0.09832
99f:a28f 0.728 0.09042 0.9111 6.04e-06 0.8913 2.298e-07
99f:a29f 0.9306 0.6671 1 1 0.9794 0.2639 0.9261 0.006092
99f:a30f 1.3647 0.03072 0.156 0.4857 1.035 0.06223 1.4228 0.0007837
99f:a7f 1.0137 1 1.0169 0.3696 0.1725 0.05698
99f:a8f 0.8826 0.4273 3.1058 1 1 1 0.9458 0.002497 0.8997 3.328e-05
99f:a9f 1.1811 0.3593 0.9857 0.4653 1.2754 0.2254
99f:ADr1uf 0.8576 0.3785 0.9954 0.8101 0.8986 0.004631
99f:bm1f 0.6623 0.01148 1.0133 0.4844 0.2045 0.01182
99f:bm2f 1.3871 0.04732 1.0045 0.8157 1.2209 0.01707
99f:bm4f 1 1 0.9986 0.9479 0.9132 0.1108
99f:bm5f 1.2124 0.2443 1.0521 0.00666 1.109 0.0002456
99f:bm6f 1.1092 0.5436 Inf 1 1 1 1.6113 0.03801
99f:bm7f 1.0248 0.9376 0.9976 0.9036 0.8975 0.0846
99f:bm8f 0.9501 0.8102 1.0116 0.5436 1.2002 0.1761
99f:ch1f 1.1661 0.3785 1.0125 0.507 1.2214 0.06505
99f:ch4f 1 1 1.0327 0.08205 1.1498 0.0025
99f:ch5f 0.9735 0.9347 1.0169 0.3702 1.2615 0.004945
99f:ch6f 0.8248 0.2443 1.0113 0.5495 0.6117 0.08487
99f:l1f 1.0397 0.8028 0.8548 1 1 1 1.0172 0.3581 1.0948 0.004755
99f:l2f 1 1 0.6481 0.7395 0.8123 0.8187 1.0131 0.4854 0.9412 0.09873
99f:l3f 0.9334 0.6458 0.5175 0.3868 1 1 0.9893 0.5627 Inf 0.02857
99f:l4f 0.8436 0.2152 1.2569 1 1.8968 0.3097 0.9052 6.975e-08 0.8257 1.404e-12
99f:l5f 0.8398 0.2222 0.6481 0.7395 1 1 0.9716 0.1199 0.8333 2.609e-05
99f:r10f 0.8882 0.6189 0.9986 0.9576 0.8412 0.04845
99f:r4f 0.9247 0.6534 0.9882 0.5259 0.9636 0.2065
99f:r5f 0.9898 1 1 1 1.0007 0.9775 1.0693 0.06583
99f:r8f 1.095 0.5978 1.038 0.04533 1.0713 0.02649
99f:r9f 1.5792 0.005321 1.0217 0.249 1.3078 0.01296
a13f:a1f 3.2817 9.639e-25 3.1058 1 1.2785 4.014e-46 1.5053 1.77e-64
a13f:a21f 2.3199 1.37e-13 Inf 1 1.1984 3.235e-28 1.366 3.194e-44
a13f:a22f 2.3689 7.869e-15 10.9072 0.2063 1.126 4.678e-13 1.1626 1.134e-14
a13f:a27f 1.5067 0.008288 Inf 0.3333 Inf 0.3333 1.1043 2.271e-07 1.1819 4.206e-11
a13f:a28f 1.7656 0.0001227 1.788 0.01586 1.293 5.775e-11
a13f:a29f 6.8304 3.285e-69 6.4069 0.08611 1.5201 2.464e-136 1.8564 1.716e-178
a13f:a30f 0.3089 9.121e-27 0.0426 0.02914 0.8035 3.609e-38 0.6118 3.922e-63
a13f:a7f 1.2107 0.1377 1.0412 0.01855 1.1221 3.859e-05
a13f:a8f 12.5099 1.787e-115 Inf 7.396e-07 592.1448 1.119e-15 7.8947 1.363e-86 2.8198 5.4e-278
a13f:a9f 2.0149 8.884e-08 3.1058 1 1.8046 0.02105 1.2808 7.106e-22
a13f:ADr1uf 0.5326 2.813e-07 Inf 0.02857 3.5289 0.5671 1 1 0.751 5.915e-25
a13f:bm1f 0.9071 0.4429 0.8501 0.038 0.8296 0.005365
a13f:bm2f 1.1055 0.4364 0.9695 0.07131 Inf 0.02857
a13f:bm4f 0.8782 0.307 1.037 0.04856
a13f:bm5f 1.1075 0.4138 1.0437 0.0128 1.0611 0.001677
a13f:bm6f 1.1535 0.2562 1.0609 0.02259 1.1988 9.19e-06
a13f:bm7f 1.6119 7.307e-05 1.0965 0.003981 2.2955 4.176e-07
a13f:bm8f 0.9445 0.6757 0.9811 0.2697 16.649 0.008922
a13f:ch1f 0.731 0.008651 0.902 0.1986 0.7731 0.002689
a13f:ch4f 0.7629 0.02725 0.9603 0.0181 0.8875 0.00384
a13f:ch5f 0.8976 0.4007 0.888 0.0009449 0.6352 1.363e-06
a13f:ch6f 1.0446 0.763 1.3333 0.389 1.6179 0.02133
a13f:l1f 0.1415 1.506e-88 0.0535 5.412e-17 0.0547 2.735e-26 0.0759 1.167e-43 0.3641 7.474e-269
a13f:l2f 3.0602 1.572e-27 49.6166 6.412e-24 31.11 1.444e-27 52.924 2.838e-13 4.3805 2.501e-47
a13f:l3f 1.5553 9.419e-06 20.3192 3.771e-16 10.0146 2.766e-15 31.3197 6.738e-06 5.311 1.764e-25
a13f:l4f 5.936 4.588e-73 22.5963 2.516e-15 18.7076 6.498e-23 8.4449 4.954e-62 2.0681 2.155e-180
a13f:l5f 3.3269 1.614e-32 76.4869 1.848e-26 59.1145 2.732e-32 75.1952 8.776e-11 1.7245 1.697e-81
a13f:r10f 1.8415 0.0001546 Inf 0.3333 1.0903 2.986e-05 1.2296 3.33e-10
a13f:r4f 1.8042 3.616e-07 1.3326 9.347e-23 1.3917 3.488e-28
a13f:r5f 1.2186 0.1231 0.5864 1 1.0828 0.004584 1.1171 6.329e-07
a13f:r8f 1.2046 0.1126 1 1 1.0402 0.02153 1.1182 0.0001029
a13f:r9f 1.0551 0.6851 1.0552 0.01432 1.1913 5.227e-05
a13m:a1m 3.5682 3.771e-30 6.4083 0.4857 2.3541 8.069e-42 1.9118 1.933e-75
a13m:a21m 1.8334 1.78e-08 Inf 1 0.322 1 1.3067 2.187e-35
a13m:a22m 1.3762 0.003046 0.322 1 1.2972 1.229e-05 1.2493 6.502e-12
a13m:a27m 1.6164 0.0006914 10.9072 0.2063 5.3771 0.2861 2.5772 0.0004663 1.3135 8.305e-14
a13m:a28m 2.0884 2.791e-07 2.1582 0.6563 1.4249 5.356e-14
a13m:a29m 5.7363 2.886e-61 Inf 4.114e-05 7.9051 8.15e-40 2.2227 3.939e-218
a13m:a30m 0.3622 1.488e-22 0.0132 0.0001072 0.3528 5.887e-22 0.614 4.392e-81
a13m:a7m 0.9745 0.8647 3.1058 1 0.9345 0.4899 0.4527 0.0001076
a13m:a8m 10.7563 4.276e-124 51.3444 5.231e-06 45.5963 4.773e-14 23.6436 9.773e-90 2.3003 0
a13m:a9m 2.036 3.881e-09 Inf 0.3333 0.2661 0.2203 1.4328 5.901e-28
a13m:ADr1um 0.5453 2.922e-07 Inf 0.02857 Inf 0.007937 Inf 0.02857 0.748 5.643e-26
a13m:bm1m 0.8747 0.2587 1 1 0.9743 0.3771 0.9269 0.02118
a13m:bm2m 1.047 0.731 1.1408 0.02169
a13m:bm4m 0.9662 0.8145 0.9306 0.5098 0.9448 0.02804
a13m:bm5m 1.4658 0.0007093 Inf 0.3333 1.2573 0.01905 1.2391 1.629e-07
a13m:bm6m 1.0325 0.821 6.4083 0.4857 1.0301 0.7825 0.0755 0.02301
a13m:bm7m 1.1585 0.2133 Inf 0.1 0.2834 0.5671 1.0986 1.378e-05
a13m:bm8m 1.0844 0.5226 1.0895 0.3538 4.7098 0.005535
a13m:ch1m 0.9745 0.8647 1.0564 0.2715 0.7728 0.03118
a13m:ch4m 0.7138 0.004446 1.9976 0.4935 0.8804 9.206e-06
a13m:ch5m 0.838 0.1368 0.9485 0.09552 0.8728 0.004782
a13m:ch6m 0.9874 0.9551 1.0034 1 0.879 1.022e-05
a13m:l1m 0.1068 5.315e-139 0.0574 2.405e-23 0.0553 2.445e-39 0.0418 1.956e-23 0.3676 0
a13m:l2m 1.8819 2.808e-12 56.527 3.914e-41 27.0081 2.777e-42 46.9096 6.009e-23 14.5402 6.193e-78
a13m:l3m 1.2859 0.005617 28.2278 1.462e-32 11.7102 1.414e-29 7.6718 6.985e-12 9.2611 6.136e-61
a13m:l4m 5.138 2.749e-76 33.6123 1.108e-27 24.0075 2.841e-38 13.7713 3.874e-23 2.1223 1.975e-196
a13m:l5m 2.5725 2.615e-24 97.3676 1.488e-38 61.3962 2.56e-46 33.2864 3.265e-24 13.6797 5.847e-77
a13m:r10m 1.2226 0.2038 1.0503 0.06956 1.2001 8.27e-06
a13m:r4m 1.7558 3.23e-07 Inf 0.3333 1.8476 7.51e-07 1.3075 3.381e-11
a13m:r5m 1.0938 0.444 1 1 0.4538 0.3431 1.0569 0.5474 1.1697 1.18e-05
a13m:r8m 1.5864 2.244e-05 Inf 0.3333 1.8494 0.0003313 1.2387 7.42e-14
a13m:r9m 1.3658 0.005242 13.2504 0.02301 1.159 1.186e-06
a1f:a21f 1.9921 2.361e-10 1 1 1.1813 6.8e-23 1.4836 2.263e-34
a1f:a22f 1.3723 0.002914 1 1 1.085 1.46e-06 1.1869 8.951e-09
a1f:a27f 1.6228 0.0008521 6.4083 0.4857 1.0373 0.05342 1.189 0.0001252
a1f:a28f 1.2229 0.1455 Inf 1 1.0162 0.39 1.106 0.01519
a1f:a29f 75.7763 0 Inf 3.327e-09 55.5052 0 2.578 0
a1f:a30f 0.2423 5.877e-40 0.0406 0.001203 0.7327 4.148e-73 0.5964 1.081e-100
a1f:a7f 0.9626 0.7782 1 1 0.989 0.525 0.7593 0.1053
a1f:a8f 2.4815 2.587e-18 3.805 0.1431 1.2152 1.23e-29 1.4955 1.432e-41
a1f:a9f 2.1961 8.075e-11 1.1164 1.091e-09 1.4234 1.047e-19
a1f:ADr1uf 0.9086 0.4468 1.0048 0.7852 1.0546 0.1885
a1f:bm1f 0.8764 0.275 0.9739 0.1218 0.911 0.001552
a1f:bm2f 1.2098 0.1022 1.0314 0.07048 1.0902 0.002483
a1f:bm4f 0.8652 0.2169 1.011 0.5244 0.5706 0.0003321
a1f:bm5f 1.1478 0.2176 1.035 0.04349 1.063 0.005066
a1f:bm6f 1.0834 0.5053 1 1 1.0139 0.4205 1.0451 0.04063
a1f:bm7f 1.0418 0.7454 Inf 1 1 1 1.0372 0.03201 1.049 0.01652
a1f:bm8f 1.0183 0.9125 0.9987 0.9457 0.9125 0.03147
a1f:ch1f 0.9527 0.7 0.9949 0.775 0.5816 0.02703
a1f:ch4f 0.8852 0.3223 0.9466 0.001576 0.8624 1.903e-05
a1f:ch5f 0.7217 0.005144 0.944 0.0009393 0.8748 2.535e-06
a1f:ch6f 0.6215 4.572e-05 0.9606 0.02073 0.8753 0.00106
a1f:l1f 0.4555 1.979e-16 0.4624 0.07707 0.3658 0.0006938 0.8326 4.514e-27 0.7826 3.293e-34
a1f:l2f 1.7409 5.363e-08 1.2311 0.8187 1.3579 0.4831 1.1217 1.646e-11 1.2684 1.017e-22
a1f:l3f 1.562 8.517e-06 1.3918 0.5405 1.2785 0.5298 1.0888 5.987e-07 1.1528 9.484e-12
a1f:l4f 3.0264 1.025e-28 3.3924 0.01341 5.7694 1.743e-07 1.2941 6.496e-52 1.4731 2.091e-67
a1f:l5f 1.8757 5.357e-10 3.6015 0.01622 2.1816 0.03775 1.1415 6.939e-15 1.2344 1.613e-20
a1f:r10f 2.3672 4.868e-09 Inf 1 1.1231 1.302e-08 1.2421 2.511e-14
a1f:r4f 6.2157 5.212e-59 1.5157 1.099e-128 1.9839 2.701e-178
a1f:r5f 0.9404 0.6176 2.1582 0.6563 0.9737 0.143 0.9705 0.1019
a1f:r8f 1.036 0.786 3.1058 1 0.9867 0.4408 0.8697 0.02819
a1f:r9f 0.8386 0.1229 0.9952 0.7803
a1m:a21m 1.7285 1.68e-06 1.1546 2.466e-17 1.1747 1.287e-19
a1m:a22m 0.6756 0.0003586 1 1 0.887 1.444e-12 0.8431 8.801e-14
a1m:a27m 1.0907 0.6059 Inf 0.1 0.9943 0.7702 0.9622 0.1005
a1m:a28m 1.2123 0.2284 Inf 0.3333 1.0248 0.1972 1.0966 0.0009979
a1m:a29m 52.6298 1.184e-248 63.0128 0.0003459 2.393 0 2.393 0
a1m:a30m 0.5328 9.534e-09 0.4634 0.6563 0.8439 2.594e-23 0.7729 2.668e-29
a1m:a7m 1.1367 0.2959 Inf 1 1.0124 0.4768 1.0424 0.06834
a1m:a8m 2.6371 1.435e-18 7.6136 0.1319 3.2361 0.1694 1.2123 5.323e-29 1.3263 6.633e-38
a1m:a9m 1.7239 1.123e-05 Inf 1 1.1039 4.931e-08 1.1844 7.814e-11
a1m:ADr1um 1.1272 0.3586 1.0029 0.8718 1.2058 0.002007
a1m:bm1m 0.8425 0.1693 0.9602 0.01707 0.854 1.054e-06
a1m:bm2m 1.0202 0.908 0.9937 0.715 0.946 0.02272
a1m:bm4m 1.0279 0.8604 1.0621 0.0004071 1.1181 1.149e-06
a1m:bm5m 1.2654 0.04537 1 1 0.9951 0.7794 1.6415 0.002159
a1m:bm6m 1.3012 0.02526 1.0138 0.4242 1.0951 0.07667
a1m:bm7m 1.299 0.02574 1.0159 0.3557 1.0916 0.07168
a1m:bm8m 0.9059 0.4397 1.0198 0.2515 0.8998 0.06396
a1m:ch1m 0.8814 0.3139 1.0039 0.8287 0.8272 0.03875
a1m:ch4m 0.9672 0.8172 0.9913 0.6216 0.9433 0.09757
a1m:ch5m 0.9349 0.6015 0.9645 0.03814 0.9317 0.001127
a1m:ch6m 0.7463 0.01689 0.9856 0.4097 0.8816 0.01166
a1m:l1m 0.6312 3.804e-06 2.8954 0.03826 1.5216 0.2561 0.9266 7.238e-06 0.8938 1.296e-08
a1m:l2m 1.2174 0.06729 3.2388 0.04131 2.1007 0.0828 1.0017 0.9256 1.0962 0.06004
a1m:l3m 1.1522 0.1919 3.9175 0.009049 1.907 0.1056 0.9817 0.2812 Inf 0.1
a1m:l4m 1.7484 4.769e-08 0.8732 1 1 1 1.1271 1.689e-12 1.3592 6.025e-18
a1m:l5m 1.4121 0.001715 12.8258 0.0009049 5.5944 0.001427 1.0548 0.001722 1.0615 0.0007085
a1m:r10m 1.8007 0.0001746 1.0883 2.857e-05 1.1812 3.966e-11
a1m:r4m 5.2069 4.959e-45 1.4574 3.508e-106 1.8308 4.274e-137
a1m:r5m 1.5163 0.0003684 3.1058 1 1.7412 0.7064 1.0784 3.098e-05 1.0892 6.382e-06
a1m:r8m 1.392 0.003364 Inf 0.3333 1.1005 2.416e-08 1.1608 1.387e-11
a1m:r9m 0.9865 0.9536 0.9773 0.1767 0.786 0.006719
a21f:a22f 1.6391 2.464e-06 0.6562 1 1.0863 2.87e-07 1.2046 6.835e-14
a21f:a27f 0.9579 0.8259 0.9876 0.509 4.7098 0.005535
a21f:a28f 1.1613 0.3228 Inf 1 1.0017 0.9346 1.0695 0.05353
a21f:a29f 6.5004 8.247e-67 40.8363 0.003373 1.4749 2.523e-121 1.7019 4.326e-149
a21f:a30f 0.4831 7.626e-11 0.1313 0.1319 0.8569 2.282e-20 0.8078 2.209e-24
a21f:a7f 1.1248 0.3631 1 1 1 1 1.0385 0.02561 1.0687 0.003743
a21f:a8f 1.7659 7.542e-08 1 1 5.7982 0.05698 1.1425 7.796e-16 1.275 7.981e-20
a21f:a9f 1.1676 0.2368 1.0343 0.0605 1.0957 0.007786
a21f:ADr1uf 0.8473 0.1866 0.9721 0.09041 0.9601 0.02203
a21f:bm1f 1.1754 0.1921 0.9831 0.3159 1.0439 0.1072
a21f:bm2f 1.1269 0.3428 Inf 1 1.0297 0.08415 1.0458 0.02003
a21f:bm4f 1.0446 0.763 1.0296 0.08459 1.0684 0.004039
a21f:bm5f 0.8566 0.1914 Inf 0.3333 0.9793 0.2168 0.3833 0.0489
a21f:bm6f 1.1057 0.4178 Inf 1 Inf 0.3333 0.9986 0.9396 1.1538 0.02627
a21f:bm7f 1.1094 0.3927 Inf 1 6.4083 0.4857 0.9959 0.8137 Inf 0.02857
a21f:bm8f 0.8716 0.2525 1.0003 0.9933 0.7262 0.1335
a21f:ch1f 0.7485 0.01362 0.971 0.08189 0.8734 0.001246
a21f:ch4f 0.9071 0.4429 0.9326 0.02305 0.9271 0.001477
a21f:ch5f 0.8883 0.3613 0.9754 0.1419 0.9381 0.01477
a21f:ch6f 0.8878 0.3437 0.991 0.5961 0.947 0.01985
a21f:l1f 0.5006 7.835e-13 0.385 0.02169 0.3851 0.001224 0.9111 1.285e-08 0.7378 1.071e-20
a21f:l2f 1.211 0.06704 1.1066 1 1.2634 0.6071 1.0438 0.009076 1.0779 0.003059
a21f:l3f 1.0304 0.8028 1 1 1.4505 0.3272 1.0048 0.7748 1.2871 0.1422
a21f:l4f 1.5587 7.974e-06 1.6636 0.3652 2.1465 0.0256 1.1025 2.294e-09 1.2403 4.751e-15
a21f:l5f 1.3206 0.007741 2.4375 0.09832 2.0136 0.07438 1.0414 0.0133 1.1027 6.203e-05
a21f:r10f 1.3056 0.102 1.0137 0.5092 1.8919 0.005684
a21f:r4f 1.7895 1.766e-07 1.5456 2.211e-08 1.2734 4.116e-16
a21f:r5f 1.1478 0.2645 1.4162 1 1.0292 0.1095 1.1598 0.001906
a21f:r8f 0.8246 0.1 Inf 0.3333 0.9393 0.0002046 0.8809 8.981e-05
a21f:r9f 1.0131 0.9545 1.0129 0.4456 1.0921 0.05728
a21m:a22m 0.9765 0.87 1 1 0.9856 0.3717 1.9215 0.04711
a21m:a27m 1.3508 0.05726 1.0408 0.03287 1.1682 0.0002557
a21m:a28m 1.2234 0.2177 1.0252 0.1836 1.0426 0.04553
a21m:a29m 2.2098 1.002e-12 Inf 0.3333 1.2255 1.554e-34 1.5493 5.183e-58
a21m:a30m 0.7769 0.02462 0.2834 0.5671 0.9346 4.291e-05 0.9144 1.664e-06
a21m:a7m 1.3083 0.0278 1.01 0.5615 0.7947 0.1497
a21m:a8m 3.2016 2.039e-27 7.6136 0.1319 7.3507 0.008556 1.2755 3.151e-49 1.2902 8.945e-51
a21m:a9m 0.8357 0.1797 1 1 1.001 0.9643 0.844 0.04818
a21m:ADr1um 0.9294 0.586 1.0083 0.6249 0.5664 0.2752
a21m:bm1m 0.9522 0.7225 0.9968 0.8532 0.8658 0.01178
a21m:bm2m 0.9861 0.9528 1.0327 0.05755 1.0594 0.01604
a21m:bm4m 0.9349 0.6015 1.0126 0.4636 0.8287 0.01958
a21m:bm5m 1.1913 0.1468 1.0047 0.7876 6.9839 0.02684
a21m:bm6m 1.0067 1 1 1 0.9935 0.7046 1.054 0.2513
a21m:bm7m 1.1068 0.4154 3.1058 1 1.0095 0.5787 1.0741 0.1162
a21m:bm8m 0.8704 0.2629 0.972 0.09383 0.8738 0.01274
a21m:ch1m 0.9599 0.7702 0.9853 0.3829 1.1429 0.04023
a21m:ch4m 0.9168 0.5079 0.9607 0.01739 0.9407 0.0009396
a21m:ch5m 1.1004 0.4665 0.9886 0.5044 0.3324 0.0481
a21m:ch6m 1.0071 1 1.0003 0.9933 0.9542 0.142
a21m:l1m 0.7161 0.0009044 0.7929 0.8086 0.6643 0.2623 0.9384 8.577e-05 0.8302 3.163e-08
a21m:l2m 0.939 0.5731 0.6728 0.5026 0.7801 0.5961 0.9339 2.536e-05 0.8224 2.74e-06
a21m:l3m 0.892 0.2968 1 1 0.8565 0.7473 0.9528 0.002925 0.9132 0.0001112
a21m:l4m 1.1806 0.1085 1.8746 0.2512 1.436 0.3842 1.0935 3.561e-08 1.1023 9.813e-09
a21m:l5m 1.0451 0.7133 1.353 0.7819 0.8419 0.835 0.9777 0.1701 0.9588 0.03393
a21m:r10m 1.2308 0.2267 1.0983 3.091e-06 1.1407 3.863e-09
a21m:r4m 1.6681 1.578e-05 1.0627 0.0002416 1.2255 1.898e-09
a21m:r5m 1.2052 0.119 1 1 2.6867 0.289 1.0493 0.007298 1.1018 0.005656
a21m:r8m 0.8007 0.0518 0.9663 0.04293 0.7371 2.224e-05
a21m:r9m 1.1734 0.1842 1.0191 0.257 0.1432 0.02684
a22f:a27f 1.3057 0.04533 3.1058 1 1.0201 0.2888 1.1679 0.0005237
a22f:a28f 1.7204 1.166e-05 Inf 0.3333 1.5251 2.308e-05 1.3692 2.385e-12
a22f:a29f 5.4677 5.086e-66 13.2504 0.02301 1.4627 1.756e-116 1.8175 5.327e-147
a22f:a30f 0.4447 5.748e-17 0.0709 0.002814 0.875 1.288e-15 0.7624 6.149e-27
a22f:a7f 0.843 0.1286 0.322 1 0.9724 0.0987 0.9111 0.003708
a22f:a8f 3.2215 7.514e-33 3.5289 0.5671 8.5126 0.001243 1.2379 4.481e-38 1.499 2.626e-56
a22f:a9f 1.3685 0.005562 Inf 0.3333 1.0603 0.001074 1.1518 0.0002892
a22f:ADr1uf 1.124 0.3042 0.9945 0.7454 1.0577 0.261
a22f:bm1f 0.7538 0.01078 0.9392 0.0002166 0.9381 0.0001712
a22f:bm2f 1.0517 0.6718 1.0292 0.08983 Inf 0.02857
a22f:bm4f 0.8882 0.2756 0.9877 0.468 0.9343 0.04518
a22f:bm5f 0.8388 0.09863 1 1 1.0017 0.926 1.4024 0.01359
a22f:bm6f 1.1327 0.2637 Inf 0.3333 10.9072 0.2063 1.0289 0.09304 1.0664 0.00449
a22f:bm7f 1.2315 0.05275 Inf 0.3333 Inf 0.02857 1.0089 0.6068 1.0996 0.1483
a22f:bm8f 0.7832 0.02187 3.1058 1 0.942 0.0004314 0.8758 1.064e-06
a22f:ch1f 0.897 0.322 Inf 1 0.9417 0.0003598 0.9401 0.0002511
a22f:ch4f 1.1018 0.3928 0.9644 0.1125 0.9268 0.008174
a22f:ch5f 0.835 0.09987 Inf 1 0.9494 0.002127 0.8722 2.706e-06
a22f:ch6f 0.9571 0.7141 0.9549 0.006273 0.9358 0.0006422
a22f:l1f 0.2097 6.764e-72 0.2729 0.000171 0.2114 7.067e-10 0.3505 4.296e-108 0.5483 6.328e-170
a22f:l2f 2.6108 3.541e-25 1.1466 0.8528 1.427 0.2602 1.2867 4.088e-53 1.3954 6.947e-67
a22f:l3f 1.4548 4.037e-05 0.7109 0.3981 1.2166 0.5221 1.1716 4.777e-22 1.2093 3.727e-25
a22f:l4f 5.7248 1.12e-83 8.098 1.109e-07 7.4877 4.739e-13 1.535 9.041e-151 1.9709 6.356e-188
a22f:l5f 2.7764 1.576e-29 0.935 1 1.5293 0.1891 1.3473 1.267e-73 1.653 1.915e-97
a22f:r10f 0.9701 0.8868 Inf 1 1.0263 0.2045 0.5474 0.01002
a22f:r4f 1.7828 5.879e-08 1.1326 6.36e-14 1.3487 9.462e-25
a22f:r5f 0.8054 0.04531 2.1582 0.6563 0.9604 0.02431 0.9264 0.0003688
a22f:r8f 1.2684 0.02069 1 1 1.0429 0.01302 1.0858 0.0006887
a22f:r9f 1.2999 0.01628 1.05 0.003275 1.1918 1.022e-05
a22m:a27m 1.4496 0.009719 1 1 1.0239 0.2083 1.3351 7.236e-07
a22m:a28m 1.4756 0.006548 1.0632 0.001025 1.1098 0.0001771
a22m:a29m 2.2234 4.863e-14 3.5289 0.5671 1.2288 1.92e-35 1.372 5.463e-48
a22m:a30m 0.5852 2.041e-07 0.0426 0.02914 0.8982 8.007e-11 0.8463 1.857e-16
a22m:a7m 0.7962 0.04892 0.9997 0.9933 0.9563 0.07193
a22m:a8m 2.3819 7.457e-18 0.6562 1 2.8526 0.1939 1.1663 1.32e-20 1.4056 5.344e-34
a22m:a9m 1.2752 0.03906 1 1 1.0296 0.1051 1.2377 0.000975
a22m:ADr1um 1.128 0.2971 1.0394 0.0205 1.1277 0.0002519
a22m:bm1m 0.918 0.4722 0.9822 0.2915 0.9341 0.01918
a22m:bm2m 0.9693 0.8232 1.0078 0.6538 2.6541 0.01542
a22m:bm4m 1.0911 0.4681 0.9836 0.3311 0.9193 0.07191
a22m:bm5m 0.94 0.6165 1 1 1.0004 0.9865 1.0306 0.1251
a22m:bm6m 1.1581 0.1934 1 1 1.0449 0.009546 1.0724 0.001761
a22m:bm7m 1.0858 0.4808 0.322 1 1.0255 0.1378 1.09 0.003406
a22m:bm8m 0.7802 0.02775 0.9437 0.0006226 0.9353 0.0002289
a22m:ch1m 0.8647 0.2055 Inf 1 0.9649 0.03389 0.9153 0.000676
a22m:ch4m 0.9874 0.9551 1.0201 0.2398 0.5719 0.018
a22m:ch5m 1.1438 0.2579 0.9865 0.4272 1.1157 0.0248
a22m:ch6m 0.8314 0.1077 0.9722 0.0956 0.9419 0.008841
a22m:l1m 0.3673 1.046e-27 0.2251 0.0006013 0.2994 4.365e-05 0.7762 6.282e-55 0.7002 2.301e-64
a22m:l2m 1.4704 0.0001062 1 1 1.2201 0.6354 1.1367 2.975e-15 1.2868 4.547e-20
a22m:l3m 1.3059 0.006261 1.1582 0.8475 1.1727 0.6715 1.1089 2.172e-10 1.1571 2.742e-14
a22m:l4m 3.2486 4.246e-35 2.8604 0.012 4.5483 2.339e-06 1.3493 6.183e-76 1.6139 1.517e-97
a22m:l5m 2.6018 3.464e-22 1.353 0.7819 1.6606 0.2525 1.2461 5.427e-41 1.5215 3.533e-60
a22m:r10m 0.7768 0.09513 0.9611 0.04931 0.7202 0.000206
a22m:r4m 1.028 0.8336 1.025 0.1368 1.0689 0.00607
a22m:r5m 0.5913 1.193e-06 0.2834 0.5671 0.1033 0.005267 0.932 8.39e-05 0.8636 3.726e-09
a22m:r8m 1.7293 2.637e-07 Inf 0.3333 1.1227 7.098e-12 1.2616 1.179e-15
a22m:r9m 1.1322 0.2897 1.0263 0.1182 1.5411 0.002586
a27f:a28f 314.8787 4.726e-264 Inf 0.3333 Inf 0.002165 153.5862 0 3.7313 0
a27f:a29f 1.1699 0.3509 3.1058 1 1.2199 0.2063 1.0922 0.008717
a27f:a30f 0.4771 3.131e-06 1 1 0.8268 7.005e-10
a27f:a7f 0.8844 0.5393 0.9751 0.4777 1.3905 0.0383
a27f:a8f 4.8869 2.194e-26 158.3119 2.485e-07 154.6997 3.215e-12 64.7489 5.296e-07 1.9559 7.076e-59
a27f:a9f 0.9838 1 1.0498 0.2348 Inf 0.0001554
a27f:ADr1uf 1.1647 0.4317 0.8873 0.4862 0.9234 0.0003214
a27f:bm1f 1.0463 0.8621 0.8018 0.6172 0.9069 0.003958
a27f:bm2f 0.7838 0.1755 1.0164 0.6101 0.939 0.03714
a27f:bm4f 0.8896 0.5831 0.7447 0.09377 0.8418 0.02541
a27f:bm5f 1.0587 0.7999 1 1 0.4831 1 0.0755 0.02301
a27f:bm6f 1.0861 0.678 0.9906 0.9019
a27f:bm7f 0.93 0.733 0.8145 1 1.1144 0.01932
a27f:bm8f 1.1286 0.5424 0.322 1 1.1631 0.001348
a27f:ch1f 1.0459 0.8626 1.0475 0.01561 1.0495 0.01203
a27f:ch4f 0.8775 0.4951 2.351 0.02327 0.9009 0.01309
a27f:ch5f 1.2955 0.1493 1.0875 0.2321 1.5343 0.0008534
a27f:ch6f 1.2838 0.1848 1.1037 0.5824 2.0098 0.00382
a27f:l1f 0.3771 1.052e-12 0.3032 0.02832 0.3352 0.01044 0.3519 0.0039 0.6379 1.009e-43
a27f:l2f 1.2775 0.1004 0.7691 0.7965 1 1 1.7259 0.09698 1.1383 1.633e-10
a27f:l3f 1.377 0.0259 0.6097 0.4536 0.8722 0.8528 1.5495 0.5867 1.2805 0.0001988
a27f:l4f 2.4537 7.752e-11 1.8746 0.2512 3.272 0.002135 1.543 0.7395 1.4497 3.988e-47
a27f:l5f 1.7009 0.0002358 0.6825 0.6119 1.0842 1 2.2304 2.251e-05 1.3188 1.804e-19
a27f:r10f 1.171 0.5237 0.9597 0.3155 0.8544 0.01581
a27f:r4f 1.1545 0.4453 1.0346 0.5799 1.1291 0.02156
a27f:r5f 0.8791 0.4698 1 1 0.5809 0.1158 0.896 0.01687
a27f:r8f 0.8541 0.3723 0.8955 0.1644 0.9339 0.005444
a27f:r9f 0.8384 0.3456 0.9985 0.9674 0.871 0.01318
a27m:a28m 123.9022 5.107e-205 Inf 1 Inf 0.002165 54.7418 0 3.0717 0
a27m:a29m 1.3604 0.06547 1.0238 0.209 1.0796 0.001128
a27m:a30m 0.6301 0.003938 0.0917 0.2063 0.9234 7.625e-05 0.7634 2.722e-07
a27m:a7m 0.9704 0.9309 Inf 0.3333 Inf 0.3333 0.322 1 1.6725 0.01497
a27m:a8m 4.6611 5.038e-25 133.5664 3.757e-11 254.7528 1.438e-16 Inf 3.327e-09 2.45 4.596e-56
a27m:a9m 1.0731 0.7367 1.0073 0.7137 7.6136 0.1319
a27m:ADr1um 0.7498 0.1283 0.9908 0.628 0.9108 0.1715
a27m:bm1m 0.7629 0.1404 0.9553 0.0156 0.9409 0.004405
a27m:bm2m 0.9386 0.7893 1.0879 0.1089 1.1572 6.416e-06
a27m:bm4m 1.09 0.6715 1.3875 0.06335 1.8437 0.004812
a27m:bm5m 1.2651 0.1983 5.3771 0.2861 Inf 0.02857
a27m:bm6m 1.0319 0.9293 1 1 1.0433 0.02468 1.0634 0.002733
a27m:bm7m 1.0152 1 Inf 1 1.0631 0.05526 1.0772 0.002347
a27m:bm8m 1.3176 0.1145 Inf 1 1.3055 0.1315 1.2635 0.000628
a27m:ch1m 0.9848 1 1 1
a27m:ch4m 0.5631 0.001534 0.97 0.4407 0.8176 0.0003686
a27m:ch5m 0.8695 0.4804 1.01 0.8509 0.8382 0.01172
a27m:ch6m 1.1352 0.5329 0.9626 0.07644 0.9247 0.02106
a27m:l1m 0.5495 1.444e-05 0.7929 0.8086 0.714 0.4616 0.4036 0.0003768 0.6266 3.053e-25
a27m:l2m 0.9095 0.5612 0.7391 0.7819 0.5664 0.2752 0.7668 0.4562 0.0489 0.003329
a27m:l3m 1.1165 0.479 0.7691 0.7965 1 1 0.8123 0.8187 0.0489 0.003329
a27m:l4m 2.2832 3.52e-09 0.6097 0.4536 1.3918 0.5405 0.2718 0.3469 1.3918 1.565e-33
a27m:l5m 1.2356 0.1791 0.5006 0.4935 0.665 0.5999 0.7185 0.5405 1.1005 0.0001357
a27m:r10m 1.2976 0.2514 0.9838 0.4597 0.9553 0.07078
a27m:r4m 1.227 0.2474 1.3038 0.5138 1.0528 0.04785
a27m:r5m 0.8847 0.4809 3.1058 1 1.0051 0.8009
a27m:r8m 0.8267 0.2836 1.01 0.8855 0.2179 0.00262
a27m:r9m 0.9139 0.6647 1.2945 1 0.921 0.013
a28f:a29f 1.2909 0.09339 3.5289 0.5671 1.0541 0.004002 1.0903 8.001e-05
a28f:a30f 0.3488 8.902e-13 0.8549 1.61e-17 0.7039 2.685e-28
a28f:a7f 0.7604 0.1158 0.9606 0.03281 0.9203 0.008651
a28f:a8f 3.2112 2.265e-16 0.4634 0.6563 4.3686 0.02271 8.0474 9.961e-05 1.9943 4.014e-55
a28f:a9f 1.0404 0.8709 1.0225 0.2437 1.0607 0.02018
a28f:ADr1uf 0.8288 0.2869 1.012 0.5213 0.7926 0.04071
a28f:bm1f 0.9176 0.6379 0.9903 0.6054 0.8743 0.2579
a28f:bm2f 1.2212 0.2357 0.9953 0.8036 0.0917 0.2063
a28f:bm4f 0.913 0.6282 0.9997 0.9926 1.1314 0.05842
a28f:bm5f 0.9501 0.8102 1.0048 0.8031 1.0901 0.02073
a28f:bm6f 0.7148 0.04455 0.9942 0.7609 7.3507 0.008556
a28f:bm7f 0.7179 0.04593 1.0072 0.7056 0.907 0.06459
a28f:bm8f 1.0695 0.7428 1.0329 0.08109 1.0336 0.07561
a28f:ch1f 0.9752 0.9368 0.9823 0.3451 0.9765 0.2555
a28f:ch4f 1.0393 0.8726 0.9873 0.5001 0.9649 0.105
a28f:ch5f 0.7501 0.08947 0.9805 0.2977 0.651 0.02965
a28f:ch6f 0.9749 0.9364 0.9871 0.4943 0.5378 0.09293
a28f:l1f 0.1344 3.867e-54 0.0575 1.278e-07 0.051 1.348e-13 0.6544 1.045e-117 0.517 1.465e-159
a28f:l2f 2.1138 7.05e-08 0.8646 1 1.3918 0.5405 1.181 1.006e-19 1.2935 8.771e-28
a28f:l3f 1.2884 0.06928 0.6097 0.4536 0.9305 1 1.095 7.284e-07 1.13 1.112e-08
a28f:l4f 11.8701 6.578e-76 9.8918 2.834e-06 17.7438 2.651e-15 1.5804 4.647e-137 2.2584 3.142e-181
a28f:l5f 2.8682 1.271e-14 2.219 0.1964 2.8064 0.01706 1.2708 4.416e-39 1.4798 8.459e-52
a28f:r10f 1.2095 0.3271 1.0179 0.4081 1.8492 0.00661
a28f:r4f 1.519 0.009692 1.0238 0.2114 1.0622 0.008997
a28f:r5f 0.9563 0.8226 0.4831 1 0.9623 0.04419 0.9431 0.005501
a28f:r8f 0.9026 0.5752 1.0258 0.1761 5.6553 0.008672
a28f:r9f 0.8125 0.2267 1.0176 0.3458 1.4485 0.06738
a28m:a29m 1.519 0.009692 Inf 0.3333 1.0692 0.0003315 1.1749 5.135e-06
a28m:a30m 0.3606 3.449e-10 0.9328 0.0002072 0.8523 5.93e-07
a28m:a7m 1.313 0.1274 1.0105 0.5928 20.443 0.003329
a28m:a8m 3.2971 1.265e-14 0.5743 0.7064 1.353 0.7819 1.9322 0.3868 1.4432 2.945e-37
a28m:a9m 1.335 0.1164 1.0454 0.02214 2.1296 0.003953
a28m:ADr1um 0.8962 0.5952 0.9772 0.2189 0.9298 0.01263
a28m:bm1m 0.7566 0.1344 0.9673 0.07867 0.9479 0.008745
a28m:bm2m 0.7463 0.1252 0.98 0.2879 0.8439 0.004744
a28m:bm4m 0.969 0.9293 1.0452 0.0192 1.0532 0.007819
a28m:bm5m 1.1499 0.4517 0.991 0.6386 1.3515 0.04766
a28m:bm6m 1.0795 0.7263 0.9881 0.529 1.0703 0.164
a28m:bm7m 1.2456 0.2308 1.0028 0.8879 1.4923 0.0573
a28m:bm8m 1 1 0.9954 0.8144 1.4673 0.128
a28m:ch1m 1.1477 0.4838 0.9763 0.2115 0.284 0.003074
a28m:ch4m 0.7707 0.1613 0.9774 0.2358 0.4717 0.006139
a28m:ch5m 0.766 0.1434 0.9875 0.516 0.9597 0.0923
a28m:ch6m 1.0292 0.9324 0.9542 0.0147 0.9514 0.01046
a28m:l1m 0.1497 6.087e-43 0.0616 4.546e-08 0.0597 9.096e-13 0.0458 6.87e-15 0.4616 7.072e-145
a28m:l2m 1.0112 1 0.5175 0.3868 0.8988 1 1.0072 0.7041 1.1162 0.02533
a28m:l3m 1.2451 0.1483 0.398 0.165 0.4491 0.117 1.0182 0.3347 1.2654 0.05219
a28m:l4m 7.435 3.486e-47 10.1129 2.534e-05 14.2523 2.768e-10 1.4811 1.216e-98 1.853 1.257e-132
a28m:l5m 1.6854 0.0007077 1.2945 1 1.3245 0.7896 1.1092 2.886e-08 1.2376 7.674e-13
a28m:r10m 1.144 0.5962 1.0329 0.1394 1.1176 0.005792
a28m:r4m 1.0943 0.6647 Inf 1 1.0064 0.746 1.093 0.02433
a28m:r5m 1.1534 0.3961 3.6796 0.3469 1.0255 0.1974 1.0481 0.04444
a28m:r8m 1.0691 0.7436 1.0015 0.9469 0.9411 0.05141
a28m:r9m 0.8766 0.4935 1.0017 0.9331 Inf 0.02857
a29f:a30f 0.1592 8.968e-81 0.0154 5.296e-07 0.7197 1.338e-84 0.4978 3.95e-119
a29f:a7f 1.082 0.4902 1.0304 0.07913 1.1469 0.001344
a29f:a8f 3.3152 4.465e-37 1 1 3.1687 0.06044 1.313 1.592e-58 1.6568 3.936e-83
a29f:a9f 2.8656 4.727e-22 Inf 0.02857 1.2089 4.156e-26 1.246 1.247e-28
a29f:ADr1uf 1.0806 0.4939 1 1 1.0252 0.2163 1.0849 0.01405
a29f:bm1f 0.744 0.006541 0.9488 0.00193 0.9006 2.588e-05
a29f:bm2f 1.1894 0.1126 0.9971 0.8725 1.0953 0.1617
a29f:bm4f 0.9096 0.3981 Inf 1 1 1 0.9008 0.02754
a29f:bm5f 1.3203 0.007186 Inf 0.3333 1.0602 0.000543 1.062 0.0004108
a29f:bm6f 1.3432 0.004765 Inf 0.3333 3.5289 0.5671 1.2142 0.0158 1.1143 2.975e-08
a29f:bm7f 1.5731 1.307e-05 Inf 0.3333 2.07 1 1.3094 4.366e-05 3.2974 1.624e-06
a29f:bm8f 1.3253 0.008614 1.0079 0.6481 1.2776 0.002134
a29f:ch1f 0.7848 0.02241 1 1 0.9554 0.00755 0.9313 0.001008
a29f:ch4f 0.8325 0.08663 1.0026 0.885 0.7825 0.0004947
a29f:ch5f 0.7787 0.02188 0.9547 0.006817 0.9246 7.833e-05
a29f:ch6f 0.7658 0.01322 0.9339 6.252e-05 0.9002 1.567e-05
a29f:l1f 0.1486 6.455e-104 0.476 0.0828 0.2061 5.599e-09 0.6232 6.029e-177 0.5414 6.122e-219
a29f:l2f 1.9428 4.89e-13 1.1717 0.8416 1.1507 0.7591 1.1806 1.779e-23 1.3464 3.896e-32
a29f:l3f 1.3899 0.0002857 1.072 1 0.959 1 1.0707 4.065e-05 1.1597 3.231e-09
a29f:l4f 7.8387 3.078e-120 3.7303 0.001749 6.3413 2.266e-11 1.5959 2.568e-173 1.9986 3.653e-223
a29f:l5f 2.7673 3.146e-28 1.2517 0.6978 1.699 0.1203 1.2494 6.674e-41 1.4167 5.79e-56
a29f:r10f 2.4952 2.062e-11 Inf 1 1.1865 4.371e-17 1.4228 5.112e-26
a29f:r4f 21.3393 5.928e-181 Inf 0.3333 1.9832 0 1.9832 0
a29f:r5f 1.2289 0.05076 Inf 0.3333 1.6271 0.7244 1.0517 0.004953 1.0945 1.05e-05
a29f:r8f 1.8958 1.228e-10 1 1 1.2324 6.219e-35 1.3918 1.411e-45
a29f:r9f 1.1986 0.0837 1.0186 0.2706 1.1003 0.03498
a29m:a30m 0.1116 7.535e-101 0.0154 5.296e-07 0.6501 1.408e-145 0.4449 1.274e-196
a29m:a7m 0.8236 0.09324 0.9472 0.001387 0.8928 2.306e-05
a29m:a8m 4.289 8.578e-48 3.7578 0.2203 1.9322 0.3868 1.3277 2.314e-63 1.6131 1.584e-91
a29m:a9m 3.4613 5.053e-28 Inf 0.02857 1.246 2.361e-34 1.4909 1.16e-48
a29m:ADr1um 1.0493 0.7009 0.9907 0.5788 0.1481 0.006004
a29m:bm1m 0.913 0.4406 0.9562 0.008092 0.8592 0.001369
a29m:bm2m 1.2207 0.07389 0.9994 0.9798 3.4365 0.00125
a29m:bm4m 1.5193 0.0001467 Inf 1 1.0252 0.1423 Inf 0.002165
a29m:bm5m 1.0528 0.6687 1.0394 0.02271 1.0506 0.005918
a29m:bm6m 1.2148 0.06879 Inf 0.3333 1.0231 0.179 1.1869 0.002582
a29m:bm7m 1.3107 0.01167 1 1 1.0228 0.1831 1.0872 0.1195
a29m:bm8m 1.5662 6.651e-05 0.322 1 1.0679 0.0001045 1.1126 3.857e-06
a29m:ch1m 0.6503 8.367e-05 0.9304 2.355e-05 0.7635 4.229e-09
a29m:ch4m 0.7891 0.03887 0.955 0.007041 0.9099 0.0001768
a29m:ch5m 0.6464 0.0001056 0.9449 0.000945 0.7626 3.47e-06
a29m:ch6m 0.6502 0.0001472 0.9428 0.0005579 0.9102 9.009e-05
a29m:l1m 0.2965 8.599e-40 0.371 0.01932 0.2831 2.121e-05 0.6859 4.138e-114 0.614 5.414e-138
a29m:l2m 1.3796 0.001028 0.4174 0.05999 0.5827 0.1387 1.0601 0.0004368 1.2443 4.219e-08
a29m:l3m 1.0642 0.54 0.4221 0.03717 0.5642 0.06302 1.062 0.0002895 1.0671 0.0001086
a29m:l4m 4.1698 1.696e-53 4.186 0.001117 5.3928 2.31e-08 1.4288 1.096e-102 1.878 1.19e-138
a29m:l5m 1.604 2.498e-06 0.4103 0.09832 0.5435 0.1405 1.125 1.29e-12 1.2067 1.123e-16
a29m:r10m 2.2114 2.889e-08 1.1663 2.089e-14 1.2018 9.62e-16
a29m:r4m 9.0478 1.353e-84 Inf 0.3333 1.6565 3.141e-195 2.2799 3.243e-252
a29m:r5m 1.5091 0.0001072 3.4143 0.07577 1.0886 2.262e-06 1.3554 3.857e-13
a29m:r8m 4.3552 3.564e-44 Inf 0.3333 1.3449 2.233e-68 1.6731 1.547e-94
a29m:r9m 1.1311 0.2664 1.0459 0.006853 1.0569 0.001378
a30f:a7f 1.1752 0.1551 Inf 0.3333 0.4831 1 1.0409 0.01939 1.0834 0.000143
a30f:a8f 0.2659 1.61e-41 0.0426 0.02914 0.1175 0.001243 0.2566 7.536e-36 0.4941 1.987e-107
a30f:a9f 0.3568 5.967e-20 0.7971 2.914e-36 0.7971 2.914e-36
a30f:ADr1uf 1.5117 0.0002232 1.1719 4.951e-10 1.1691 2.076e-11
a30f:bm1f 1.3333 0.01009 1.0259 0.1379 1.1053 0.003163
a30f:bm2f 0.917 0.4695 0.9993 1
a30f:bm4f 0.916 0.4667 0.9759 0.1557 0.9712 0.1361
a30f:bm5f 1.0842 0.4846 1 1 0.9929 0.6815 1.1078 0.07714
a30f:bm6f 0.7551 0.01101 1 1 0.9551 0.007481 0.5912 7.262e-05
a30f:bm7f 0.8445 0.1237 0.322 1 0.9687 0.06458 0.9563 0.01535
a30f:bm8f 0.8506 0.1466 0.9418 0.0004852 0.9042 0.0001977
a30f:ch1f 1.6304 5.272e-06 Inf 1 1.1259 3.127e-12 1.3128 1.009e-16
a30f:ch4f 2.3776 2.891e-15 1.1199 2.858e-11 1.3806 4.814e-21
a30f:ch5f 1.666 3.274e-06 1.1529 6.886e-17 1.3117 1.628e-25
a30f:ch6f 2.5581 6.059e-18 1.1393 1.628e-14 1.2589 3.271e-26
a30f:l1f 6.8496 9.013e-101 4.916 0.0001158 9.5173 1.755e-15 15.2538 1.4e-41 2.3582 1.929e-228
a30f:l2f 0.4073 2.273e-20 0.6432 0.3992 0.5991 0.1493 0.1649 0.0007004 0.62 3.331e-46
a30f:l3f 0.6002 4.798e-08 1 1 0.6415 0.155 0.9216 1.115e-06 0.7645 1.256e-11
a30f:l4f 0.1135 1.049e-120 0.163 1.043e-05 0.0783 3.841e-18 0.0601 1.99e-36 0.345 3.664e-261
a30f:l5f 0.3328 2.813e-31 0.4174 0.05999 0.4195 0.01067 0.7915 2.601e-44 0.6361 7.668e-59
a30f:r10f 0.5378 7.345e-06 0.5001 0.0001395 0.8134 9.794e-10
a30f:r4f 0.479 3.387e-11 0.8849 4.933e-13 0.854 1.149e-15
a30f:r5f 1.5104 8.48e-05 3.1058 1 1 1 1.6113 0.03801 1.5661 3.078e-07
a30f:r8f 3.2269 3.137e-29 Inf 1 31.6066 0.0101 3.4773 1.331e-06 1.588 1.783e-72
a30f:r9f 1.136 0.2582 1.0033 0.853 1.0964 0.1292
a30m:a7m 1.4798 0.0004442 Inf 1 Inf 0.3333 1.0662 0.0001615 1.2456 5.742e-09
a30m:a8m 0.3457 4.638e-27 1 1 1.6706 0.5559 0.7918 5.716e-44 0.7067 2.998e-51
a30m:a9m 0.2754 6.073e-31 0.2287 8.06e-20 0.6368 5.842e-67
a30m:ADr1um 1.6485 1.172e-05 Inf 0.3333 1.0615 0.0003745 1.817 1.444e-09
a30m:bm1m 1.0911 0.4681 1 1 1.0198 0.2539 1.1054 0.01012
a30m:bm2m 0.8538 0.1681 0.9952 0.785 1.4321 0.1254
a30m:bm4m 0.8068 0.06798 0.9721 0.09743 0.968 0.06475
a30m:bm5m 1.0882 0.4749 3.1058 1 1.0348 0.04561 1.0759 0.0004727
a30m:bm6m 1.1195 0.3265 1.0517 0.003196 1.079 4.784e-05
a30m:bm7m 0.9584 0.741 0.4831 1 1.0348 0.04502 1.0407 0.02871
a30m:bm8m 0.7697 0.02384 0.947 0.001443 0.8702 3.447e-06
a30m:ch1m 2.1408 1.923e-11 1.082 3.18e-06 1.4631 1.11e-15
a30m:ch4m 1.7618 2.98e-07 1.1115 4.017e-10 1.3019 1.549e-19
a30m:ch5m 2.0807 2.579e-11 1.0902 3.75e-07 1.2387 3.161e-15
a30m:ch6m 2.0686 9.347e-11 Inf 0.3333 1.1552 1.611e-17 1.2994 3.225e-22
a30m:l1m 3.7375 2.145e-49 2.6541 0.01542 3.6252 8.999e-07 3.7692 9.186e-32 1.9825 9.162e-124
a30m:l2m 0.663 4.089e-05 1.3918 0.5405 1.1675 0.7473 0.9357 5.825e-05 0.8975 6.709e-07
a30m:l3m 0.6496 9.521e-06 1.1582 0.8475 0.707 0.302 0.9143 6.099e-08 0.8717 6.824e-11
a30m:l4m 0.269 1.5e-45 0.3557 0.03044 0.2217 1.156e-06 0.1107 2.47e-36 0.5162 9.044e-130
a30m:l5m 0.4586 1.115e-14 1.7594 0.423 0.8634 0.8475 0.8703 5.728e-17 0.626 2.034e-22
a30m:r10m 0.7904 0.09963 0.9037 4.598e-07 0.9037 4.598e-07
a30m:r4m 0.6588 0.0001334 0.9538 0.004874 0.8119 5.624e-09
a30m:r5m 1 1 1 1 0.8646 1 0.9823 0.3213 1.1667 0.01419
a30m:r8m 0.7244 0.002437 0.0917 0.2063 0.9543 0.006036 0.8845 5.82e-06
a30m:r9m 0.801 0.04865 0.9592 0.01303 0.7626 0.001071
a7f:a8f 1.3297 0.01694 3.1058 1 0.4056 0.4338 1.0519 0.002754 1.1026 9.418e-06
a7f:a9f 1.4862 0.004375 3.1058 1 1.3119 5.451e-14
a7f:ADr1uf 1.4794 0.002995 1.0754 0.01658 1.2597 2.538e-13
a7f:bm1f 0.9356 0.6514 1.035 0.2349 0.8087 0.126
a7f:bm2f 0.8306 0.1725 1.0062 0.7261 0.7638 0.006987
a7f:bm4f 1.1309 0.3522 0.9878 0.4779 1.2448 0.2144
a7f:bm5f 1.144 0.314 0.9933 0.8692 1.6645 0.07938
a7f:bm6f 1.1399 0.3206 0.2834 0.5671 1.0533 0.6088 0.7732 0.03642
a7f:bm7f 1.1376 0.3408 1 1 3.9012 0.01938
a7f:bm8f 1.0159 0.9499 1 1 0.9804 0.2518 0.9787 0.2167
a7f:ch1f 1.2213 0.1376 1.0023 0.8984 1.0756 0.1297
a7f:ch4f 1.041 0.7997 0.9948 0.7654 0.791 0.05644
a7f:ch5f 0.8912 0.4043 1.0097 0.5791 0.3032 0.02832
a7f:ch6f 1.1459 0.3111 Inf 0.3333 0.9991 0.966 1.2454 0.02624
a7f:l1f 1.083 0.4878 0.5334 0.2512 0.6254 0.2298 1 1 1.0955 0.001782
a7f:l2f 0.8208 0.08499 0.8874 1 0.7989 0.6978 0.9803 0.2433 0.9168 0.008186
a7f:l3f 0.9941 1 0.7376 0.6509 0.4793 0.04363 0.9761 0.1544 0.9124 0.07128
a7f:l4f 0.832 0.09652 0.644 0.4798 0.7673 0.5841 0.2834 0.5671 0.3552 0.0001485
a7f:l5f 0.9393 0.6143 0.3801 0.1144 0.6203 0.3173 0.9721 0.09608 0.9382 0.00866
a7f:r10f 1.1594 0.4386 1.0967 0.00674 1.2057 1.332e-06
a7f:r4f 0.7997 0.08213 0.7219 0.4691 0.8601 0.008827
a7f:r5f 1.9457 1.555e-07 3.5289 0.5671 1.7711 5.608e-24 1.3401 2.169e-42
a7f:r8f 1.3879 0.007238 1.5111 0.2251 1.3457 6.435e-08
a7f:r9f 1.0485 0.7533 1.0274 0.3842 1.0685 0.002686
a7m:a8m 1.5088 0.0003577 3.5289 0.5671 2.8526 0.1939 1.0732 0.001395 1.1432 3.798e-08
a7m:a9m 1.3087 0.04443 1.2231 2.273e-13 1.221 2.36e-21
a7m:ADr1um 1.425 0.005787 1.0933 1.443e-07 1.2316 2.338e-11
a7m:bm1m 0.8976 0.4192 0.9947 0.7646 2.5124 0.165
a7m:bm2m 1.122 0.4043 1.044 0.3251 1.0652 0.008861
a7m:bm4m 0.9507 0.7454 0.9856 0.4701 0.9415 0.0486
a7m:bm5m 1.224 0.1047 1.0607 0.01466 1.1677 3.052e-06
a7m:bm6m 1.0556 0.709 1.0134 0.4413 1.0652 0.01978
a7m:bm7m 1.0229 0.9021 0.322 1 1.0632 0.9013 1.0964 0.0002585
a7m:bm8m 0.8197 0.1301 0.9997 0.9932 1.0578 0.08891
a7m:ch1m 1.0076 1 0.9838 0.4524 Inf 0.02857
a7m:ch4m 1.0562 0.7074 Inf 1 1.0242 0.1627 1.1702 0.00528
a7m:ch5m 0.9005 0.4263 1.0591 0.104 1.2011 6.541e-05
a7m:ch6m 1.1478 0.2927 1.0108 0.5345 3.8596 0.06286
a7m:l1m 1.217 0.07171 1.2311 0.8187 1.4653 0.3207 0.4831 1 1.0906 0.000993
a7m:l2m 0.7447 0.009213 0.5272 0.3097 0.476 0.0828 0.965 0.03532 0.9582 0.01857
a7m:l3m 0.7799 0.02971 0.5061 0.1848 0.5827 0.1387 0.9867 0.4328 0.8502 0.003676
a7m:l4m 0.8522 0.1489 0.4498 0.151 0.642 0.2433 0.8917 0.1507 0.8986 0.001398
a7m:l5m 0.7043 0.002096 0.3156 0.06044 0.3641 0.02424 0.9694 0.06719 0.9192 0.001617
a7m:r10m 1.5225 0.01523 1.119 2.706e-08 1.2484 1.995e-10
a7m:r4m 1.1063 0.4348 0.8834 0.1107 0.9273 0.02298
a7m:r5m 2.4972 1.574e-13 3.1058 1 5.7982 0.05698 Inf 0.3333 1.7162 1.395e-74
a7m:r8m 0.9206 0.5183 0.9718 0.09227 0.9666 0.08855
a7m:r9m 0.9924 1 1.0246 0.1546 1.0365 0.04093
a8f:a9f 3.5222 1.516e-30 Inf 0.3333 31.6066 0.0101 2.0639 1.338e-65
a8f:ADr1uf 0.6921 0.000274 0.7456 2.331e-05 0.8495 1.078e-09
a8f:bm1f 0.9707 0.8036 Inf 0.3333 0.9404 0.6642 1.1212 0.0001563
a8f:bm2f 0.9418 0.5823 0.9638 0.3791 0.9443 0.003376
a8f:bm4f 0.9507 0.6507 1.0159 0.5431 0.3309 0.01851
a8f:bm5f 0.9032 0.3248 3.1058 1 0.9952 0.8535 0.8431 0.03339
a8f:bm6f 1.1347 0.2275 0.156 0.4857 1 1 0.9204 0.006584
a8f:bm7f 0.9228 0.4521 0.156 0.4857 0.7329 0.154 0.2579 0.04222
a8f:bm8f 1.1803 0.1146 1 1 1.1713 0.0004262 1.1644 3.916e-06
a8f:ch1f 0.7451 0.003783 0.9168 0.03625 0.7375 0.0007291
a8f:ch4f 0.8088 0.04185 0.9009 0.02371 0.8936 0.0002253
a8f:ch5f 0.8825 0.2405 0.9179 0.1031 0.8964 0.005839
a8f:ch6f 0.8298 0.0748 0.9469 0.9069 0.8555 1.752e-10
a8f:l1f 0.0283 0 0.0128 9.27e-46 0.0119 7.813e-88 0.0038 2.368e-87 0.4301 0
a8f:l2f 1.4598 1.026e-05 1.699 0.1203 1.8046 0.02105 1.7757 0.001793 3.7364 1.146e-13
a8f:l3f 0.8222 0.02031 0.7835 0.4751 0.7767 0.3113 1.427 0.2602 0.8632 2.804e-12
a8f:l4f 38.3423 0 56.0733 2.417e-43 125.5348 1.108e-93 358.9946 3.467e-106 2.3089 0
a8f:l5f 3.1644 1.092e-42 4.2514 8.049e-06 3.9783 4.614e-08 3.8239 4.369e-33 1.7712 2.464e-66
a8f:r10f 1.6333 0.0003582 Inf 1 1.1588 0.006119 1.4696 2.723e-09
a8f:r4f 1.7822 6.419e-09 4.1356 0.0001261 1.2267 7.207e-23
a8f:r5f 1.5128 3.83e-05 1.7412 0.7064 1.241 2.736e-05 1.1768 9.667e-15
a8f:r8f 0.9735 0.8131 0.156 0.4857 1.0421 0.8683 0.8946 0.0001416
a8f:r9f 1.1818 0.1019 1.3042 0.4562 1.0862 0.0004014
a8m:a9m 2.653 1.773e-20 3.1058 1 6.0451 4.728e-07 1.5765 8.245e-48
a8m:ADr1um 0.9242 0.4902 0.0917 0.2063 0.8495 0.0128 0.8123 2.286e-06
a8m:bm1m 0.7764 0.01473 3.1058 1 1 1 0.7086 0.0003579
a8m:bm2m 0.9167 0.4181 0.2834 0.5671 1.4659 0.003725
a8m:bm4m 1.1361 0.2356 1.012 0.6248 1.2784 0.009349
a8m:bm5m 1.1494 0.1781 Inf 0.3333 1.0914 0.06139 1.2389 1.516e-06
a8m:bm6m 1.0203 0.8805 3.1058 1 0.4538 0.3431 0.8686 0.007059
a8m:bm7m 1.168 0.1267 2.07 1 1.0512 0.1383 0.381 0.003251
a8m:bm8m 1.4682 0.0001822 1.2469 0.007399 1.4363 0.0001066
a8m:ch1m 0.8623 0.157 Inf 1 0.684 0.2801 0.9238 0.0007611
a8m:ch4m 0.8511 0.126 0.2718 0.3469 0.8899 0.0032
a8m:ch5m 0.8597 0.1528 0.6529 0.3448 0.8843 3.452e-10
a8m:ch6m 0.7437 0.004327 0.2834 0.5671 0.731 3.427e-07
a8m:l1m 0.0337 0 0.0292 4.494e-38 0.0232 1.264e-73 0.0106 1.335e-87 0.4332 0
a8m:l2m 0.4187 1.238e-24 0.3534 0.001295 0.2828 1.65e-07 0.3331 3.221e-07 0.5921 3.924e-64
a8m:l3m 0.4028 6.346e-27 0.3581 0.0006108 0.331 2.166e-06 0.3646 2.005e-11 0.6258 9.976e-66
a8m:l4m 22.5202 1.994e-306 10.6439 2.92e-21 16.0389 2.689e-45 42.4622 8.207e-65 2.1305 0
a8m:l5m 0.8242 0.02787 0.3222 0.001455 0.5363 0.02539 0.552 0.04098 0.8912 8.906e-10
a8m:r10m 2.224 2.228e-09 0.4831 1 1.4058 1.031e-20
a8m:r4m 1.6207 1.178e-06 Inf 1 3.6796 0.3469 1.2861 2.486e-20
a8m:r5m 1.2682 0.01479 0.2834 0.5671 0.7391 0.7819 1.2988 0.2088 1.2403 4.826e-10
a8m:r8m 1.5653 5.081e-06 Inf 0.3333 1.5874 0.009624 1.6962 9.527e-10
a8m:r9m 1.3902 0.001671 1 1 1.0806 0.1211 2.4408 1.589e-05
a9f:ADr1uf 0.9123 0.5182 0.9837 0.3641 0.9549 0.1348
a9f:bm1f 1.0325 0.8495 1.0062 0.7387 0.3894 0.03857
a9f:bm2f 1.032 0.8507 1.0483 0.009003 1.0535 0.004862
a9f:bm4f 0.9049 0.4777 0.9786 0.2338 1.5469 0.03653
a9f:bm5f 1.0322 0.8501 0.993 0.705 0.9179 0.2205
a9f:bm6f 1.0751 0.6118 0.9842 0.3813 2.7408 0.04351
a9f:bm7f 1.0776 0.606 0.9923 0.6771 Inf 0.02857
a9f:bm8f 1.0519 0.7454 1 1 1.0219 0.2337 3.5252 0.03476
a9f:ch1f 0.9459 0.7052 0.9536 0.009489 0.8656 3.151e-06
a9f:ch4f 0.7858 0.06604 0.9324 0.0001353 0.9043 7.031e-07
a9f:ch5f 0.934 0.6473 0.9413 0.0009643 0.8457 2.199e-05
a9f:ch6f 0.9071 0.4831 0.9514 0.006587 0.8641 0.0002993
a9f:l1f 0.4937 8.415e-11 0.7391 0.7819 0.2162 0.0001546 0.8846 8.435e-12 0.7808 6.749e-22
a9f:l2f 1.2121 0.1068 1.4788 0.7524 0.8283 0.8274 1.062 0.0008066 1.1112 4.986e-05
a9f:l3f 1.1488 0.2382 1 1 1.612 0.3173 1.0506 0.005982 1.0546 0.003681
a9f:l4f 1.9666 2.908e-10 2.8311 0.1016 3.2041 0.004374 1.1506 5.453e-15 1.2398 6.226e-18
a9f:l5f 1.4395 0.001892 1.428 0.7635 1.3557 0.6509 1.0976 2.229e-07 1.1901 1.222e-12
a9f:r10f 194.6468 2.263e-177 Inf 1 2.7403 0 2.7403 0
a9f:r4f 1.4523 0.00417 Inf 0.3333 1.0973 3.596e-07 1.138 6.593e-10
a9f:r5f 2.7749 1.482e-15 0.322 1 2.1582 0.6563 1.2843 5.433e-41 1.4315 2.244e-54
a9f:r8f 1.4085 0.006049 Inf 0.1 1.0606 0.001285 1.2014 2.345e-05
a9f:r9f 1.2449 0.09767 1.0132 0.4725 1.3396 0.0112
a9m:ADr1um 0.8015 0.1029 0.9531 0.007637 0.9237 0.0001632
a9m:bm1m 1.4136 0.008501 1.0339 0.06586 1.1969 0.007703
a9m:bm2m 0.8082 0.1024 1.0439 0.01767 1.0439 0.01767
a9m:bm4m 1.1051 0.4777 1.0028 0.8853 1.0498 0.2474
a9m:bm5m 1.262 0.06606 3.1058 1 0.9976 0.8995 2.7469 0.02424
a9m:bm6m 0.9844 0.9501 1 1 1.0036 0.8494 1.5611 0.01607
a9m:bm7m 1.0551 0.7101 1 1 0.9884 0.5222 0.9755 0.2112
a9m:bm8m 0.8544 0.2332 0.9768 0.1971 0.9575 0.02511
a9m:ch1m 0.7706 0.04104 0.9387 0.000544 0.9044 2.85e-06
a9m:ch4m 0.8278 0.1489 0.9508 0.006021 0.9233 0.0003608
a9m:ch5m 0.8191 0.1294 0.9171 2.305e-06 0.8763 2.769e-07
a9m:ch6m 0.724 0.01323 0.9723 0.1268 0.8562 1.653e-05
a9m:l1m 0.3563 2.462e-23 0.3454 0.03826 0.329 0.001195 0.8419 8.487e-22 0.7417 8.184e-34
a9m:l2m 1.0789 0.5361 0.5684 0.423 0.9253 1 1.021 0.2486 1.0989 0.002493
a9m:l3m 1.2776 0.03319 0.8123 0.8187 1 1 1.0493 0.007178 1.1863 2.257e-08
a9m:l4m 3.1147 1.792e-25 1.3359 0.659 2.1397 0.03224 1.1971 1.007e-23 1.3847 1.304e-33
a9m:l5m 1.3002 0.02361 0.7003 0.7635 0.8123 0.8187 1.0633 0.0006502 1.1892 3.079e-08
a9m:r10m 86.19 6.569e-163 2.4982 0 2.4982 0
a9m:r4m 1.6308 7.72e-05 1.093 1.07e-06 1.3501 2.718e-08
a9m:r5m 2.9022 4.268e-20 3.5289 0.5671 14.5609 0.00036 1.2905 1.454e-42 1.5658 1.227e-58
a9m:r8m 2.6106 1.822e-15 1.1188 7.712e-10 1.8988 8.473e-21
a9m:r9m 1 1 1.0164 0.3691 1.3974 0.04068
ADr1uf:bm1f 0.8266 0.1473 0.8419 0.835 0.6403 0.0005913
ADr1uf:bm2f 1.1742 0.2418 1.0162 0.3466 1.0373 0.06153
ADr1uf:bm4f 0.8613 0.2735 1.0053 0.7602 0.1725 0.05698
ADr1uf:bm5f 0.7596 0.03055 1 1 0.9195 0.1841 0.7887 0.0001828
ADr1uf:bm6f 1.0164 0.9491 0.9785 0.6408 0.9477 0.006098
ADr1uf:bm7f 0.7449 0.02986 0.6481 0.7395 0.779 0.0001619
ADr1uf:bm8f 0.8279 0.1585 1.0074 0.9273 0.9193 0.03304
ADr1uf:ch1f 1.0487 0.7528 1.0612 0.2096 1.0834 0.0005154
ADr1uf:ch4f 0.944 0.7 1.0046 0.7919 0.8677 0.04819
ADr1uf:ch5f 0.9917 1 1.1004 0.1563 1.1566 0.003391
ADr1uf:ch6f 1.1625 0.2715 1.0481 0.00592 1.0578 0.002585
ADr1uf:l1f 1.4249 0.001018 2.8116 0.03044 2.917 0.001956 0.0426 0.02914 1.2167 2.024e-18
ADr1uf:l2f 1.0673 0.5862 1.4998 0.4192 1.2472 0.6172 29.2001 0.0004227 Inf 2.835e-06
ADr1uf:l3f 1.1756 0.1466 2.2344 0.04417 1.5912 0.1697 158.3119 2.485e-07 Inf 4.985e-08
ADr1uf:l4f 0.8649 0.196 0.6728 0.5026 0.7109 0.3981 5.3771 0.2861 0.8311 5.971e-11
ADr1uf:l5f 1.0908 0.4688 1.8107 0.2156 1.8935 0.0883 39.4876 4.877e-05 Inf 7.396e-07
ADr1uf:r10f 1.7452 0.001809 1.0934 0.02672
ADr1uf:r4f 1.132 0.3504 0.707 0.302 1.1056 4.249e-05
ADr1uf:r5f 0.9042 0.4759 0.4831 1 0.9949 0.7813 0.955 0.2834
ADr1uf:r8f 0.9287 0.5839 1.0555 0.00146 1.0936 0.0001105
ADr1uf:r9f 0.8321 0.1545 6.4083 0.4857 0.803 0.001583
ADr1um:bm1m 0.8976 0.4391 0.9675 0.05217 0.9403 0.002897
ADr1um:bm2m 1.1242 0.4004 1.0102 0.7965 20.443 0.003329
ADr1um:bm4m 1.0166 0.9489 0.9805 0.2486 0.9234 0.005415
ADr1um:bm5m 0.9204 0.5621 1.0355 0.575 1.101 0.008056
ADr1um:bm6m 1.0857 0.5637 1 1 0.905 0.01656
ADr1um:bm7m 1.1413 0.3349 3.1058 1 1 1 0.9222 0.03916
ADr1um:bm8m 0.8116 0.1209 0.8977 0.08211 0.9232 0.04779
ADr1um:ch1m 0.6989 0.006086 0.9762 0.1602 0.8902 0.02894
ADr1um:ch4m 1.0604 0.6977 1.0023 0.8984 0.8177 0.2702
ADr1um:ch5m 1.1917 0.2083 0.9925 0.7045 10.2381 0.05668
ADr1um:ch6m 1.0628 0.6921 1.0083 0.6332 1.1728 0.0778
ADr1um:l1m 1.523 0.0001402 1.7655 0.2752 2.005 0.04969 2.0286 5.616e-11
ADr1um:l2m 1.2462 0.06043 1.9141 0.1954 2.6541 0.01542 20.443 0.003329 4.3526 0.0001409
ADr1um:l3m 1.2718 0.03486 6.2953 5.875e-05 4.3204 6.86e-05 Inf 4.985e-08 87.9921 1.568e-08
ADr1um:l4m 0.6995 0.001899 0.7376 0.6509 0.5752 0.1603 1.7052 1 0.8637 4.435e-09
ADr1um:l5m 1.4893 0.0006799 6.8684 0.0004709 5.043 0.0002368 Inf 1.923e-07 Inf 4.985e-08
ADr1um:r10m 0.7515 0.1082 1.5239 1 0.8095 0.002163
ADr1um:r4m 1.088 0.5588 1.0097 0.5718 1.1093 0.001316
ADr1um:r5m 0.8416 0.1999 1 1 1.7412 0.7064 1 1 2.1776 0.005297
ADr1um:r8m 1.263 0.0704 Inf 1 0.9889 0.5145 3.7578 0.2203
ADr1um:r9m 0.9191 0.5588 Inf 0.3333 0.8897 0.01561
bm1f:bm2f 0.4488 6.694e-11 0.8145 9.376e-34 0.7469 1.881e-44
bm1f:bm4f 1.6432 5.233e-05 1.0842 1.752e-06 1.191 4.29e-10
bm1f:bm5f 0.4209 2.583e-12 0.823 1.035e-30 0.7162 6.777e-37
bm1f:bm6f 0.0762 9.416e-94 0.5907 6.213e-211 0.4507 1.196e-290
bm1f:bm7f 0.1008 1.568e-77 0.6263 8.222e-168 0.4196 1.806e-219
bm1f:bm8f 0.4067 3.937e-13 0.84 8.792e-25 0.7141 3.984e-34
bm1f:ch1f 1.0777 0.5818 1.0109 0.5344 1.1654 0.2044
bm1f:ch4f 1.0489 0.7523 1.0275 0.118 1.0604 0.0474
bm1f:ch5f 0.8872 0.3764 1.0182 0.303 0.1682 0.01262
bm1f:ch6f 0.9922 1 1.027 0.1246 1.0318 0.09067
bm1f:l1f 1.2225 0.06853 1.1699 1 1.1466 0.8528 1.0138 0.4217 3.337 0.1128
bm1f:l2f 1.0248 0.868 1.8246 0.3248 1.5316 0.3448 0.989 0.5195 0.9466 0.1264
bm1f:l3f 1.0735 0.5496 1.4863 0.5026 1.7696 0.1538 0.9822 0.2935 1.0742 0.1243
bm1f:l4f 1.0468 0.7083 1 1 1.2236 0.7129 1.022 0.2011 0.0755 0.02301
bm1f:l5f 1.1186 0.3427 1.7594 0.423 1.8483 0.1695 0.9713 0.08699 0.9279 0.00134
bm1f:r10f 0.8426 0.3526 0.9852 0.4698 1.1047 0.02881
bm1f:r4f 1.0478 0.7551 0.952 0.004136 0.9201 0.0001917
bm1f:r5f 1.0843 0.5669 1 1 1.0056 0.7658 1.1286 0.008638
bm1f:r8f 0.8928 0.3717 1 1 0.9824 0.3022 0.901 0.1706
bm1f:r9f 0.8945 0.4119 Inf 1 0.9748 0.1331 0.9498 0.01352
bm1m:bm2m 0.2167 1.782e-36 0.7552 1.669e-61 0.6964 1.664e-79
bm1m:bm4m 1.4218 0.004892 1.035 0.04311 Inf 0.02857
bm1m:bm5m 0.2477 1.133e-29 0.7415 1.092e-69 0.6086 5.736e-108
bm1m:bm6m 0.0962 5.275e-82 0.322 1 0.575 9.072e-233 0.4266 4.891e-300
bm1m:bm7m 0.1555 2.275e-52 0.322 1 0.6471 1.926e-145 0.5537 1.456e-185
bm1m:bm8m 0.6692 0.001376 0.9139 1.085e-07 0.8665 2.619e-09
bm1m:ch1m 1.1734 0.2295 0.9988 0.9518 1.4385 0.1097
bm1m:ch4m 1.0153 0.9508 0.9628 0.02897 0.928 0.01543
bm1m:ch5m 1 1 1.0345 0.0514 1.106 0.00159
bm1m:ch6m 1.0402 0.8017 0.9715 0.09681 0.9366 0.03475
bm1m:l1m 0.9352 0.561 0.4698 0.1626 0.5554 0.1224 1.01 0.5604 1.0306 0.1422
bm1m:l2m 0.8413 0.1336 0.398 0.165 1.1878 0.835 0.9683 0.05766 0.8932 0.001473
bm1m:l3m 0.8233 0.0824 0.4794 0.2763 0.7185 0.5405 1.0111 0.5205 0.2579 0.04222
bm1m:l4m 0.9499 0.6687 0.7391 0.7819 0.9253 1 0.9736 0.1145 0.9245 0.01664
bm1m:l5m 0.8574 0.1929 0.6481 0.7395 0.4507 0.1964 1.0204 0.2357 1.0244 0.1638
bm1m:r10m 1.211 0.2457 0.9712 0.1499 0.9683 0.1251
bm1m:r4m 0.8991 0.4228 1.0015 0.9386 1.1099 0.1706
bm1m:r5m 0.8944 0.3929 Inf 0.3333 1 1 0.9864 0.4538 0.3547 0.05507
bm1m:r8m 0.9864 0.9534 Inf 1 0.9949 0.7718 Inf 0.1
bm1m:r9m 1.1398 0.3053 0.9932 0.692 1.3989 0.04455
bm2f:bm4f 0.9026 0.4314 0.9601 0.01647 0.8734 5.188e-05
bm2f:bm5f 3.2153 7.887e-22 1.2942 1.704e-52 1.413 1.727e-62
bm2f:bm6f 0.8561 0.2119 0.9685 0.0594 0.833 0.007595
bm2f:bm7f 0.9525 0.7235 0.9724 0.09973 0.9345 0.006355
bm2f:bm8f 0.1711 1.665e-47 0.6765 4.257e-117 0.5041 2.08e-146
bm2f:ch1f 1.1635 0.2422 1.0117 0.5064 1.7752 0.006311
bm2f:ch4f 0.8454 0.2181 0.989 0.5283 0.9687 0.09721
bm2f:ch5f 1.1365 0.3428 0.9893 0.5388 1.0521 0.3322
bm2f:ch6f 0.9483 0.7117 0.9546 0.007282 0.9546 0.007282
bm2f:l1f 1.1668 0.1564 0.7257 0.6423 0.9408 1 1.0127 0.4618 1.0535 0.1215
bm2f:l2f 0.94 0.6165 1.1268 1 0.8054 0.7031 1.0158 0.36 1.0715 0.02236
bm2f:l3f 1.0986 0.4159 1.3003 0.7965 1.2236 0.7129 1.0062 0.722 1.2124 0.00942
bm2f:l4f 1.2671 0.02952 0.7691 0.7965 0.7531 0.571 1.0236 0.1703 1.1625 0.00112
bm2f:l5f 0.9938 1 1 1 1.2747 0.6864 1.0253 0.1427 1.0576 0.04181
bm2f:r10f 0.9861 1 0.9959 0.8466 0.707 0.302
bm2f:r4f 1.367 0.01239 1.0219 0.2083 1.1416 0.01835
bm2f:r5f 0.9328 0.6188 0.4831 1 1.032 0.08312 1.0676 0.01034
bm2f:r8f 1.0901 0.5094 1.0363 0.03747 1.0701 0.003491
bm2f:r9f 0.9712 0.8562 0.944 0.0006519 0.9131 0.0001584
bm2m:bm4m 0.7384 0.01634 0.9388 0.0001962 0.8877 1.078e-07
bm2m:bm5m 1.7658 2.971e-06 Inf 0.3333 1.0754 1.795e-05 1.1206 5.698e-09
bm2m:bm6m 0.7401 0.01675 0.9145 1.281e-07 0.8149 8.329e-15
bm2m:bm7m 0.6219 9.797e-05 0.9259 5.493e-06 0.8095 1.077e-09
bm2m:bm8m 0.1969 1.909e-40 0.7038 2.358e-95 0.6008 4.022e-124
bm2m:ch1m 1.0237 0.9004 Inf 1 0.9902 0.5748 0.3156 0.06044
bm2m:ch4m 0.6827 0.00305 1.0347 0.04906 1.0393 0.0306
bm2m:ch5m 0.985 0.951 0.9748 0.1434 0.965 0.05807
bm2m:ch6m 1.0974 0.4935 1.0247 0.1612 1.0681 0.02343
bm2m:l1m 1.0589 0.63 1.7594 0.423 1.5093 0.3532 1.0366 0.03417 1.0686 0.003186
bm2m:l2m 1.2025 0.1143 1.7594 0.423 1 1 1.0138 0.4228 1.0339 0.1719
bm2m:l3m 1.0911 0.4681 1.8746 0.2512 1.5797 0.2772 1.0108 0.5315 0.4519 0.2578
bm2m:l4m 0.8627 0.1921 1.1452 1 1 1 1.0135 0.4325 0.9652 0.197
bm2m:l5m 1.0885 0.4931 0.8302 1 1.64 0.4536 0.9971 0.8722 1.1258 0.08521
bm2m:r10m 0.8679 0.4485 1.0137 0.5064 0.9083 0.02395
bm2m:r4m 0.9279 0.5818 0.9518 0.003948 0.9375 0.0005191
bm2m:r5m 0.9413 0.6666 1 1 0.9724 0.1227 0.9612 0.044
bm2m:r8m 1.1174 0.3768 1.0345 0.04783 1.0423 0.01888
bm2m:r9m 0.8479 0.2099 Inf 1 0.9731 0.1075 0.9495 0.01266
bm4f:bm5f 0.9718 0.8577 0.9744 0.1264 0.8902 0.0005385
bm4f:bm6f 1.5111 0.0008455 1.0784 8.375e-06 1.185 1.264e-07
bm4f:bm7f 1.1986 0.14 1.0507 0.003489 1.1573 1.788e-05
bm4f:bm8f 1.4832 0.001526 1.0263 0.1273 1.1015 0.00117
bm4f:ch1f 0.9417 0.6678 1.0039 0.8292 13.2504 0.02301
bm4f:ch4f 0.9599 0.7981 0.982 0.2959 0.9 0.009395
bm4f:ch5f 0.9923 1 1.0194 0.2716 1.0356 0.07126
bm4f:ch6f 1.1778 0.2117 Inf 1 0.993 0.6914 0.932 0.01692
bm4f:l1f 1.1393 0.2305 1.64 0.4536 1.6465 0.2158 1.0207 0.2298 3.9101 0.01322
bm4f:l2f 1.092 0.466 0.5175 0.3868 0.7185 0.5405 1.0056 0.7474 0.1313 0.1319
bm4f:l3f 1.0749 0.5461 0.7691 0.7965 0.6774 0.4285 1.028 0.1056 1.028 0.1056
bm4f:l4f 0.9212 0.4815 1.1699 1 0.8634 0.8475 0.9787 0.2072 0.9227 0.0644
bm4f:l5f 0.9456 0.6555 0.4519 0.2578 0.3833 0.0489 0.998 0.9123 1.2809 0.2213
bm4f:r10f 0.9602 0.8692 1.0125 0.5481 0.1926 0.02564
bm4f:r4f 1.5291 0.0008947 0.9894 0.5377 0.6985 0.1409
bm4f:r5f 0.9919 1 0.1313 0.1319 0.999 0.964 1.0439 0.1874
bm4f:r8f 1.0285 0.859 Inf 0.3333 0.999 0.9592 0.6573 0.09762
bm4f:r9f 1.0456 0.7605 1.0112 0.5159 1.0822 0.05928
bm4m:bm5m 0.8983 0.421 Inf 1 1.0098 0.5709 1.0992 0.01246
bm4m:bm6m 1.0985 0.4705 1.0377 0.02925 1.0753 0.0004975
bm4m:bm7m 1.1049 0.4572 1.0275 0.1104 1.0767 0.01011
bm4m:bm8m 0.8843 0.3522 0.975 0.1366 0.9308 0.01127
bm4m:ch1m 1.161 0.2735 0.9807 0.2618 0.4673 0.03224
bm4m:ch4m 0.9922 1 1.0212 0.2269 1.029 0.1131
bm4m:ch5m 0.913 0.5199 0.9899 0.5618 0.9304 0.04173
bm4m:ch6m 0.7903 0.08004 0.9863 0.4313 0.4262 0.002798
bm4m:l1m 0.8965 0.3342 1.3003 0.7965 1 1 0.9898 0.5491 0.8652 0.1403
bm4m:l2m 1.0827 0.5268 2.2128 0.2578 1.612 0.3173 1.0011 0.9529 1.1332 0.03644
bm4m:l3m 1.033 0.8196 1.3003 0.7965 1.072 1 1.0169 0.3267 4.7227 0.1152
bm4m:l4m 1.0241 0.87 1.353 0.7819 1.7281 0.2346 1.0187 0.2763 0.6471 0.04746
bm4m:l5m 1.013 0.9546 2.2036 0.3431 1 1 1.0075 0.6658 1.6885 0.001861
bm4m:r10m 0.9607 0.8701 0.9839 0.4264 0.8251 0.004487
bm4m:r4m 1.015 0.9514 Inf 1 1.0198 0.2553 0.2606 0.09434
bm4m:r5m 1.2973 0.04804 1 1 1.0447 0.01595 1.1344 0.001714
bm4m:r8m 0.9127 0.4768 Inf 1 0.9843 0.357 0.964 0.2015
bm4m:r9m 0.6909 0.002898 1 1 0.9702 0.07399 0.8241 0.0009465
bm5f:bm6f 3280.1753 0 1 1 3.7578 0.2203 1533.4758 0 6.3898 0
bm5f:bm7f 1329.5175 0 4.9494 0.1789 855.6997 0 6.2026 0
bm5f:bm8f 0.0673 7.089e-107 0.5211 2.002e-319 0.5163 0
bm5f:ch1f 0.8473 0.1866 1.0112 0.5231 1.0448 0.09415
bm5f:ch4f 0.915 0.5032 1.0172 0.329 1.0682 0.01252
bm5f:ch5f 0.9724 0.8592 1.0185 0.2949 1.0381 0.04803
bm5f:ch6f 1.063 0.6411 1.0144 0.4124 Inf 0.002165
bm5f:l1f 1.0501 0.6563 0.5664 0.2752 0.7996 0.5489 0.951 0.003074 0.939 0.0003943
bm5f:l2f 1.05 0.6769 0.8123 0.8187 0.8927 0.8659 0.9816 0.278 0.5642 0.06302
bm5f:l3f 0.9692 0.7984 0.4199 0.04715 0.557 0.07174 0.9822 0.2935
bm5f:l4f 0.9847 0.9192 1.7655 0.2752 1.2142 0.6396 1.0212 0.2197 1.0851 0.03402
bm5f:l5f 1.0158 0.9186 0.3757 0.06218 0.5848 0.1667 0.9843 0.3557 0.2563 0.01938
bm5f:r10f 1.0261 0.936 1.0571 0.006562 1.0666 0.001874
bm5f:r4f 1.0204 0.9075 1.0546 0.001943 1.0695 0.0002948
bm5f:r5f 0.8798 0.3105 1 1 1.1137 0.7884 0.1993 0.01737
bm5f:r8f 1.2032 0.1138 1.0264 0.1291 1.1116 0.008736
bm5f:r9f 1.0282 0.8597 1.0481 0.005501 1.0841 0.001278
bm5m:bm6m 2719.8641 0 29.2001 0.0004227 7.1405 0 7.1405 0
bm5m:bm7m 2801.5344 0 Inf 0.3333 51.3444 5.231e-06 6.7047 0 6.7047 0
bm5m:bm8m 0.3017 5.033e-24 0.7411 6.336e-70 0.6112 1.028e-94
bm5m:ch1m 0.8147 0.1092 0.9621 0.02595 0.9239 0.007593
bm5m:ch4m 0.9179 0.511 1.03 0.08904 0.8727 0.0279
bm5m:ch5m 1.0298 0.8557 Inf 1 0.9973 0.883 1.1507 0.1466
bm5m:ch6m 0.9162 0.5064 0.9936 0.7164 13.2504 0.02301
bm5m:l1m 1.0618 0.5823 0.5664 0.2752 0.853 0.7441 1.0097 0.5718 1.0374 0.2066
bm5m:l2m 1.1703 0.1524 1.8246 0.3248 1.4548 0.4373 1.0017 0.9261 3.9339 0.002948
bm5m:l3m 1.2187 0.06654 0.7376 0.6509 1 1 1.0024 0.8924 1.2481 0.0457
bm5m:l4m 1.1231 0.2807 0.8283 0.8274 0.8927 0.8659 1.0167 0.3318 1.2234 0.01108
bm5m:l5m 1.108 0.3642 0.8302 1 1.2072 0.8274 0.9812 0.2672 0.9799 0.2366
bm5m:r10m 1.1023 0.5847 1.0244 0.2348 1.0795 0.07307
bm5m:r4m 1.2288 0.0951 1.0068 0.7003 1.0511 0.04076
bm5m:r5m 0.9136 0.4791 0.5743 0.7064 1.0413 0.02578 1.0413 0.02578
bm5m:r8m 1.3047 0.02273 1.0855 1.57e-06 1.1124 8.678e-08
bm5m:r9m 1.2984 0.03246 1.0483 0.005278 1.0854 0.0003269
bm6f:bm7f Inf 0 Inf 0.007937 Inf 1.691e-17 4503599627370496 0 503.3915 0
bm6f:bm8f 4.6239 2.463e-37 Inf 0.3333 1.339 2.74e-66 1.4627 3.962e-77
bm6f:ch1f 0.8782 0.307 0.9795 0.2337 0.4174 0.05999
bm6f:ch4f 0.9046 0.4364 0.9961 0.829 0.2117 0.1152
bm6f:ch5f 1.1955 0.1703 1.0121 0.4941 1.1579 0.04659
bm6f:ch6f 0.9318 0.5927 1.0027 0.8834
bm6f:l1f 0.9049 0.3421 1.1012 1 0.9484 1 0.9596 0.01521 0.9203 0.0002453
bm6f:l2f 0.7887 0.02735 0.4794 0.2763 0.5874 0.2011 0.9926 0.6656 0.9542 0.03285
bm6f:l3f 0.7983 0.03373 0.2777 0.01622 0.4114 0.02673 0.977 0.1726 0.8759 0.001304
bm6f:l4f 0.9696 0.7999 0.2804 0.0237 0.5976 0.2085 1.0117 0.4983 0.659 0.05234
bm6f:l5f 0.8131 0.06059 0.3156 0.06044 0.3943 0.0305 0.991 0.5994 0.9478 0.02091
bm6f:r10f 1.1458 0.4314 1.0256 0.218 1.1102 0.03007
bm6f:r4f 1.1669 0.2135 Inf 0.3333 1.0047 0.7907 1.0883 0.02805
bm6f:r5f 0.9263 0.5775 10.2381 0.05668 0.9943 0.7589 0.7115 0.1217
bm6f:r8f 1.1607 0.2104 Inf 1 0.987 0.4479 1.1322 0.2897
bm6f:r9f 1.1986 0.14 1.0367 0.03347 1.1089 5.032e-05
bm6m:bm7m Inf 0 Inf 0.3333 Inf 2.77e-19 416.7431 0 416.7431 0
bm6m:bm8m 3.8155 1.404e-28 1.3252 5.128e-62 1.5012 2.753e-84
bm6m:ch1m 0.8867 0.3577 0.9874 0.4684 0.9472 0.03069
bm6m:ch4m 1 1 0.9999 1
bm6m:ch5m 0.9661 0.8142 0.9913 0.6216 0.6846 0.04584
bm6m:ch6m 1.0446 0.763 0.9763 0.1691
bm6m:l1m 1.048 0.6829 1.3557 0.6509 1.3383 0.435 1 1 0.8478 0.1425
bm6m:l2m 1.2305 0.06417 1.4032 0.6329 0.9328 1 1.0493 0.004466 1.0493 0.004466
bm6m:l3m 1.0471 0.7075 1.1878 0.835 1.1045 0.8744 1.0267 0.1218 1.0565 0.008221
bm6m:l4m 1.1436 0.2137 0.4886 0.1739 0.6964 0.3842 1.012 0.4836 1.3602 0.1159
bm6m:l5m 0.8911 0.3214 1.1856 1 0.8283 0.8274 1.0285 0.09862 1.0314 0.07644
bm6m:r10m 1.283 0.1233 0.9984 0.9438 0.627 0.09309
bm6m:r4m 1.3723 0.008313 1.1568 0.009246 1.1183 2.782e-06
bm6m:r5m 0.9716 0.8572 1 1 1 1 1.0159 0.3862 1.0964 0.03655
bm6m:r8m 1.059 0.6514 Inf 0.3333 1.0055 0.7523 1.4333 0.02009
bm6m:r9m 1.2996 0.03216 1.0902 3.126e-07 1.1504 1.026e-09
bm7f:bm8f 4.8331 1.178e-39 Inf 0.3333 1.3759 8.565e-79 1.5564 5.049e-98
bm7f:ch1f 0.9352 0.6254 0.9735 0.1224 0.9682 0.07828
bm7f:ch4f 0.9573 0.763 0.9782 0.2042 0.969 0.0998
bm7f:ch5f 1.0815 0.573 1.0139 0.4309 1.1515 0.02419
bm7f:ch6f 0.919 0.5139 1.0293 0.09584 1.0329 0.06472
bm7f:l1f 0.9545 0.6841 1.4032 0.6329 1.1828 0.7373 0.9254 0.4764 0.9173 8.67e-05
bm7f:l2f 0.7999 0.04205 0.4507 0.1964 0.6626 0.3532 0.983 0.3173 0.8823 0.01528
bm7f:l3f 0.8072 0.04952 0.3757 0.06218 0.5244 0.1056 0.9534 0.004912 0.9293 0.001531
bm7f:l4f 0.9685 0.7963 0.6983 0.6228 0.9441 1 1.011 0.5255 1.0682 0.04658
bm7f:l5f 0.8301 0.08917 0.6825 0.6119 0.7531 0.571 0.986 0.4112 0.9053 0.08408
bm7f:r10f 1.2811 0.1244 1.0075 0.7216 1.3212 0.003299
bm7f:r4f 1.2508 0.06675 1.0213 0.2209 12.8258 0.0009049
bm7f:r5f 1.0796 0.5775 5.3771 0.2861 0.9964 0.8497 1.219 0.09567
bm7f:r8f 1.1065 0.3988 0.9841 0.3527 2.9815 0.1308
bm7f:r9f 1.5721 0.0002315 1.0566 0.001125 1.353 2.418e-05
bm7m:bm8m 3.0718 1.078e-20 1.3502 2.97e-70 1.6064 5.83e-79
bm7m:ch1m 0.8543 0.2205 0.9796 0.237 0.9612 0.05698
bm7m:ch4m 0.957 0.7622 0.9948 0.7692
bm7m:ch5m 1.1824 0.1842 0.9836 0.3453 1.1366 0.01138
bm7m:ch6m 0.9408 0.6654 0.9734 0.1216 0.9717 0.1004
bm7m:l1m 1.0584 0.6115 1.2311 0.8187 1.3584 0.4234 0.9856 0.3941 0.8348 0.04873
bm7m:l2m 1.1335 0.2623 1.2311 0.8187 1 1 1.0292 0.08992 1.0348 0.05404
bm7m:l3m 1.0963 0.4214 1.3182 0.6665 1.1675 0.7473 1.0312 0.0704 1.0423 0.02063
bm7m:l4m 1.2654 0.02615 0.4103 0.09832 0.7557 0.5022 1.01 0.5603 1.0417 0.09316
bm7m:l5m 1.1316 0.2777 1.1699 1 0.8419 0.835 1.0191 0.2672 1.0343 0.06924
bm7m:r10m 1.1638 0.3815 1.0116 0.5729 0.8956 0.2597
bm7m:r4m 1.2841 0.03912 1.044 0.1037 1.4185 0.003117
bm7m:r5m 0.9929 1 0.2834 0.5671 0.7725 1 1.0325 0.07839 1.0685 0.03799
bm7m:r8m 1.1396 0.2774 1.0126 0.4684 1.0554 0.05542
bm7m:r9m 1.2419 0.08138 1.0989 2.301e-08 1.0989 2.301e-08
bm8f:ch1f 0.8164 0.1041 0.9966 0.8494
bm8f:ch4f 0.8511 0.2276 0.9477 0.001929 0.9477 0.001929
bm8f:ch5f 0.8444 0.1928 1.0048 0.7884 0.2606 0.09434
bm8f:ch6f 0.9257 0.576 0.9951 0.7825 1.7704 0.1279
bm8f:l1f 0.9541 0.6825 0.644 0.4798 0.7109 0.3981 0.9841 0.3478 0.9355 0.07367
bm8f:l2f 0.905 0.3859 0.4103 0.09832 0.4475 0.04417 0.9856 0.3967 0.6949 0.03647
bm8f:l3f 0.8375 0.1085 0.2948 0.01341 0.3295 0.002939 0.9563 0.008631 0.9486 0.00274
bm8f:l4f 0.9637 0.7578 0.665 0.5999 0.4139 0.02119 1.0195 0.2566 0.398 0.165
bm8f:l5f 0.901 0.3601 0.4953 0.225 0.402 0.01919 0.9769 0.1699 0.9365 0.04635
bm8f:r10f 1.0554 0.8052 1.005 0.8149 0.6706 0.1554
bm8f:r4f 0.789 0.05138 Inf 1 0.9625 0.02604 0.9211 0.001384
bm8f:r5f 1.1245 0.3811 1 1 1.013 0.5699 1.0571 0.02028
bm8f:r8f 0.7509 0.01808 0.9632 0.02842 0.8793 0.002895
bm8f:r9f 1.1571 0.251 0.9732 0.1089 0.9664 0.07454
bm8m:ch1m 1.0822 0.5715 1.0052 0.7692 1.0276 0.1692
bm8m:ch4m 1.0704 0.6228 1.0177 0.3125 1.0339 0.08416
bm8m:ch5m 1.0315 0.8519 1.0451 0.01118 1.0816 0.0002834
bm8m:ch6m 0.9547 0.7561 1.0212 0.2293 1.0448 0.1581
bm8m:l1m 0.8101 0.05145 1.2311 0.8187 0.8982 0.8695 0.973 0.107 0.8981 0.01598
bm8m:l2m 1.1254 0.3154 1 1 1.0747 1 1.0198 0.2477 1.0452 0.0275
bm8m:l3m 1.0481 0.7042 1.2072 0.8274 1.2012 0.7259 1.005 0.7738 1.0827 0.07466
bm8m:l4m 1.2474 0.04035 1.8968 0.3097 1.3032 0.5841 1.0493 0.004453 1.2575 8.939e-05
bm8m:l5m 1.0836 0.5047 1.428 0.7635 1 1 1.0254 0.1405 1.0467 0.02057
bm8m:r10m 1.0539 0.8078 0.9801 0.3238 1.6077 0.09035
bm8m:r4m 1.2063 0.1415 1.0262 0.1322 1.0869 0.0008332
bm8m:r5m 0.9702 0.8535 Inf 1 1.5239 1 0.958 0.01804 0.9394 0.002741
bm8m:r8m 0.8079 0.07344 0.9655 0.04065 0.8832 0.000775
bm8m:r9m 0.7832 0.05542 0.9842 0.3496 0.8507 0.0303
ch1f:ch4f 18.7373 9.339e-118 Inf 0.3333 1.9284 0 1.9284 0
ch1f:ch5f 9145.5424 0 7.1105 0 7.1105 0
ch1f:ch6f 4503599627370496 0 Inf 0.0001554 12.1375 0 12.1375 0
ch1f:l1f 1.6549 4.324e-06 3.9012 0.01938 3.9477 0.0006786 1.0934 1.252e-07 1.2256 1.726e-13
ch1f:l2f 0.8214 0.09677 1.3869 0.7732 1 1 0.9919 0.6364 0.8865 0.004204
ch1f:l3f 0.957 0.7367 2.219 0.1964 2.2344 0.04417 0.9752 0.1385 0.9586 0.04927
ch1f:l4f 0.7162 0.002682 0.4519 0.2578 0.507 0.1198 0.9198 7.142e-07 0.7747 9.72e-13
ch1f:l5f 0.7068 0.002428 1.8587 0.5171 0.9121 1 0.9525 0.004005 0.8994 1.355e-05
ch1f:r10f 1.3307 0.1082 1.0163 0.433
ch1f:r4f 1.1478 0.2782 Inf 1 1.0018 0.9196 1.0586 0.1769
ch1f:r5f 1.0812 0.5738 0.322 1 1.0412 0.0247 1.1365 0.002323
ch1f:r8f 1.0453 0.7614 0.322 1 0.987 0.4478 0.1661 0.002932
ch1f:r9f 1.0474 0.7561 Inf 1 1.0283 0.1025 1.1059 0.0005678
ch1m:ch4m 38.7404 7.518e-185 Inf 1 2.3054 0 2.3054 0
ch1m:ch5m 7139.4881 0 Inf 0.002165 7.1205 0 7.1205 0
ch1m:ch6m Inf 0 Inf 0.0001554 25.8859 0 25.8859 0
ch1m:l1m 1.2654 0.03439 1.428 0.7635 1.2627 0.6923 1.0741 2.067e-05 1.1122 1.311e-07
ch1m:l2m 0.9353 0.6027 0.5044 0.2935 0.8419 0.835 0.9783 0.194 0.921 0.0005511
ch1m:l3m 0.9129 0.4581 0.7127 0.6329 0.6626 0.3532 0.9864 0.4207 0.9393 0.04694
ch1m:l4m 0.6604 0.0002703 1.7594 0.423 1.357 0.5565 0.9192 5.182e-07 0.906 1.154e-07
ch1m:l5m 0.8061 0.07201 0.3506 0.1939 0.4103 0.09832 0.9498 0.002248 0.9449 0.001252
ch1m:r10m 1 1 1.011 0.5936 1.0305 0.24
ch1m:r4m 0.8765 0.3035 0.994 0.7247 0.8436 0.01212
ch1m:r5m 1.0076 1 0.2718 0.3469 1.0042 0.8232 1.0647 0.07967
ch1m:r8m 0.9222 0.5439 0.9924 0.6633 0.9282 0.01343
ch1m:r9m 1.169 0.235 0.9721 0.0977 0.9675 0.06433
ch4f:ch5f 68.8965 4.578e-227 Inf 0.3333 2.6599 0 2.6599 0
ch4f:ch6f 26.4457 4.119e-140 1.9945 0 1.9945 0
ch4f:l1f 0.961 0.749 1.2612 0.8086 1.371 0.4762 1.0505 0.003608 1.0679 0.0002937
ch4f:l2f 0.9872 0.9548 0.8732 1 1.0747 1 0.9807 0.2511 0.9719 0.1654
ch4f:l3f 1.1735 0.1655 1.1268 1 1.1366 0.8576 0.9946 0.7554 0.8601 0.1146
ch4f:l4f 0.9125 0.4392 0.6234 0.5721 0.792 0.6923 0.9682 0.05597 0.9356 0.000972
ch4f:l5f 0.9873 0.9549 1.1452 1 1.3279 0.571 0.9591 0.01376 0.9529 0.005687
ch4f:r10f 0.744 0.1122 1.0188 0.3651 0.8266 0.07179
ch4f:r4f 0.8991 0.4228 0.9899 0.5502 0.9682 0.07918
ch4f:r5f 0.8929 0.4082 0.6562 1 0.9708 0.09965 0.9147 0.005619
ch4f:r8f 1.061 0.6701 1.055 0.001736 1.1437 2.376e-05
ch4f:r9f 0.9463 0.7063 1.0012 0.9525 1.081 0.03201
ch4m:ch5m 84.2052 5.266e-236 Inf 0.3333 2.5643 0 2.5643 0
ch4m:ch6m 53.0717 1.092e-191 2.1676 0 2.1676 0
ch4m:l1m 1.2602 0.03599 0.8732 1 1.0776 1 1.0706 4.836e-05 1.1003 9.625e-06
ch4m:l2m 1.1279 0.3255 0.2606 0.09434 1 1 0.9945 0.7503 0.9348 0.03046
ch4m:l3m 0.8804 0.2836 0.7391 0.7819 1 1 0.9863 0.4162 0.9098 0.02455
ch4m:l4m 0.7526 0.01239 0.7956 1 0.5505 0.2635 0.9381 0.0001427 0.9085 1.38e-06
ch4m:l5m 0.9274 0.5581 0.2628 0.1431 0.7003 0.7635 0.9603 0.0165 0.9324 0.0006549
ch4m:r10m 0.9591 0.8674 1.0147 0.4749 1.1161 0.05875
ch4m:r4m 0.9383 0.6586 0.9898 0.5461 0.8748 0.05287
ch4m:r5m 0.6293 0.0002496 0.0977 0.05668 0.9526 0.006752 0.888 2.529e-06
ch4m:r8m 0.7712 0.0383 Inf 0.3333 0.9794 0.2256 0.9598 0.045
ch4m:r9m 1.1459 0.3111 1.0055 0.7534 0.809 0.0744
ch5f:ch6f 405.6225 0 Inf 0.3333 3.8541 0 3.8541 0
ch5f:l1f 1.1679 0.1719 1.3003 0.7965 1.3279 0.571 1.0631 0.0003071 1.1961 2.18e-08
ch5f:l2f 0.8165 0.09183 0.8548 1 0.7765 0.6802 0.9712 0.08602 0.9571 0.01724
ch5f:l3f 0.8631 0.2027 1 1 0.613 0.261 0.9805 0.2474 0.9087 0.023
ch5f:l4f 0.8804 0.2705 0.5684 0.423 0.7845 0.6864 0.9338 5.183e-05 0.9117 7.574e-07
ch5f:l5f 0.6998 0.002557 2.9815 0.1308 1.1878 0.835 0.9566 0.008937 0.8868 0.0008061
ch5f:r10f 0.9717 0.9324 0.9919 0.6983 1.2495 0.1257
ch5f:r4f 1.0151 0.9512 1.0125 0.468 1.0778 0.1244
ch5f:r5f 0.804 0.09835 Inf 1 1 1 0.9819 0.3117
ch5f:r8f 1.2146 0.1116 1.0085 0.6261 1.0651 0.01812
ch5f:r9f 1.121 0.4062 1.0173 0.3186 1.0816 0.008607
ch5m:ch6m 2160.5421 0 Inf 0.3333 4.7924 0 4.7924 0
ch5m:l1m 1.6208 1.127e-05 1.7594 0.423 1.1582 0.8475 1.0776 9.121e-06 1.2989 2.915e-10
ch5m:l2m 1.0386 0.7789 0.7003 0.7635 1 1 0.9749 0.1322 0.9554 0.04332
ch5m:l3m 1.2084 0.09733 0.4794 0.2763 0.9192 1 0.9824 0.2936 1.5469 0.03653
ch5m:l4m 0.7823 0.03073 0.8548 1 0.8534 0.8416 0.9137 8.715e-08 0.8677 6.916e-12
ch5m:l5m 0.9412 0.6422 0.3722 0.289 0.4507 0.1964 0.9598 0.01539 0.8934 0.001586
ch5m:r10m 1.0861 0.678 0.9897 0.6146 0.541 0.1695
ch5m:r4m 0.9408 0.6654 0.9739 0.1175 0.9257 0.004139
ch5m:r5m 1.0075 1 3.1058 1 2.1582 0.6563 1.016 0.3807 7.6136 0.1319
ch5m:r8m 0.759 0.02797 0.9871 0.4521 0.8214 0.002122
ch5m:r9m 1.1376 0.3408 0.9876 0.4693 1.0956 0.2338
ch6f:l1f 1.7771 7.413e-08 1.8246 0.3248 2.132 0.04067 1.1131 2.203e-10 1.2087 5.144e-15
ch6f:l2f 0.8845 0.3062 2.9815 0.1308 1.5174 0.4916 0.952 0.003667 0.9224 0.0004395
ch6f:l3f 1.0512 0.6956 1.7594 0.423 2.5362 0.0305 0.999 0.9597 4.7227 0.1152
ch6f:l4f 0.7383 0.006396 1.1856 1 0.9253 1 0.9469 0.001246 0.8415 1.418e-07
ch6f:l5f 0.8483 0.1596 2.2036 0.3431 0.7257 0.6423 0.9607 0.01801 0.8848 0.000119
ch6f:r10f 1 1 1.01 0.6323 0.4926 0.05884
ch6f:r4f 1.0153 0.9508 0.9865 0.4236 0.8913 0.02286
ch6f:r5f 1 1 1 1 1.0357 0.05111 1.0433 0.02304
ch6f:r8f 0.9421 0.669 Inf 1 1.0251 0.149 1.034 0.07962
ch6f:r9f 1.1057 0.4555 Inf 1 1.0187 0.2801 1.0395 0.06202
ch6m:l1m 1.4292 0.0009685 1.3003 0.7965 1.3032 0.5841 1.0962 4.533e-08 1.1876 7.271e-13
ch6m:l2m 0.9312 0.5691 0.7691 0.7965 1.1717 0.8416 1.0231 0.1762 0.9507 0.07901
ch6m:l3m 0.9175 0.4709 1.7631 0.3391 1.5093 0.3532 0.9958 0.8076 0.9341 0.1749
ch6m:l4m 0.6648 0.0002436 0.4794 0.2763 0.476 0.0828 0.9126 5.459e-08 0.8215 1.071e-12
ch6m:l5m 0.9104 0.4514 1.543 0.7395 1.5527 0.4798 0.9872 0.4484 0.9479 0.01648
ch6m:r10m 0.9594 0.8679 0.9935 0.7548 1.8104 0.007611
ch6m:r4m 0.8815 0.3297 0.9791 0.211 0.9273 0.005067
ch6m:r5m 0.8748 0.3 0.5743 0.7064 0.9908 0.6103 0.6407 0.02677
ch6m:r8m 0.758 0.02991 0.9515 0.003695 0.8916 0.0003698
ch6m:r9m 0.969 0.8507 Inf 0.3333 0.9945 0.7531 0.6515 0.03373
l1f:l2f 0.2544 9.16e-103 0.319 1.034e-09 0.3304 1.049e-13 0.3792 2.683e-10 0.4118 2.923e-262
l1f:l3f 10.0333 1.404e-300 3.2989 6.098e-13 5.3341 2.784e-37 6.7005 5.709e-79 2.2975 0
l1f:l4f 6e-04 0 0.0063 3.401e-145 0.0043 1.416e-303 0.0026 0 0.0654 0
l1f:l5f 0.0593 0 0.1049 1.04e-31 0.1151 1.773e-47 0.0846 2.945e-95 0.3682 0
l1f:r10f 0.6826 0.0003876 0.7806 0.08444 0.7971 3.754e-11
l1f:r4f 0.5272 8.293e-15 0.4157 1.553e-10 0.7148 1.321e-39
l1f:r5f 1.3797 8.517e-05 1 1 1.2569 1 1.4812 0.0005396 1.901 5.991e-06
l1f:r8f 0.9144 0.2805 1 1 0.7391 0.7819 0.3935 0.01375
l1f:r9f 0.8022 0.01013 0.322 1 0.4076 0.01215 0.4177 8.805e-08
l1m:l2m 2.505 5.802e-47 1.1594 0.468 1.9408 7.133e-06 2.3046 1.664e-07 1.6622 2.638e-61
l1m:l3m 11.9518 0 4.2194 1.263e-18 7.1448 1.768e-50 8.8879 2.331e-109 2.2915 0
l1m:l4m 8e-04 0 0.0041 3.759e-157 0.0032 4.792e-302 0.0034 0 0.0557 0
l1m:l5m 0.2923 1.949e-79 0.2808 4.431e-09 0.3062 1.018e-12 0.3389 6.024e-11 0.503 3.75e-205
l1m:r10m 0.7798 0.02225 0.7854 0.08195 0.8522 4.344e-06
l1m:r4m 0.5605 2.142e-12 0.6087 2.346e-09 0.6917 1.213e-22
l1m:r5m 1.1612 0.05815 1 1 1.2072 0.8274 1.3992 0.01266 2.3862 0.0001574
l1m:r8m 0.8655 0.07457 0.2834 0.5671 0.7703 0.006384 0.705 1.726e-06
l1m:r9m 0.8309 0.02814 0.4821 0.00566 0.7891 8.504e-10
l2f:l3f 4503599627370496 0 4503599627370496 0 4503599627370496 0 4503599627370496 0 437.7498 0
l2f:l4f 153.3609 0 46.3787 2.738e-86 67.3201 1.894e-164 79.7332 0 5.4704 0
l2f:l5f Inf 0 Inf 1.273e-286 Inf 0 4503599627370496 0 319.1381 0
l2f:r10f 0.8658 0.2675 0.9032 0.1435 0.2948 0.01341
l2f:r4f 1.3291 0.002361 Inf 0.3333 1.7655 0.2752 1.2399 9.072e-15
l2f:r5f 0.873 0.1603 1 1 0.5743 0.7064 0.6761 0.2075 0.2179 0.00262
l2f:r8f 1.0203 0.8575 0.2834 0.5671 1 1 0.8078 0.0101
l2f:r9f 1.1922 0.064 1.6248 0.06464 2.9545 8.335e-06
l2m:l3m 4503599627370496 0 9569.9203 0 4503599627370496 0 4503599627370496 0 462.0082 0
l2m:l4m 18.2465 0 8.1243 9.157e-30 10.3314 1.651e-57 12.8505 5.177e-116 2.7771 0
l2m:l5m 4503599627370496 0 12282.108 4.329e-194 4503599627370496 0 10603.8878 0 71.7371 0
l2m:r10m 0.9636 0.8075 1 1 0.3976 0.00189
l2m:r4m 0.8912 0.2207 1.1561 0.1693
l2m:r5m 1.3346 0.001603 3.5289 0.5671 1.353 0.7819 2.0566 0.03704 1.1402 4.992e-08
l2m:r8m 1.2584 0.01118 2.07 1 1.4373 0.2555 1.1412 1.314e-12
l2m:r9m 1.312 0.004312 3.1058 1 1.7052 1 1.3837 6.517e-08
l3f:l4f 98.2497 0 25.1875 1.933e-65 34.3786 5.329e-128 68.0267 0 5.462 0
l3f:l5f 4503599627370496 0 5780.8307 2.637e-254 10247.544 0 4503599627370496 0 234.7348 0
l3f:r10f 0.8678 0.2579 1.095 0.3524 4.7098 0.005535
l3f:r4f 1.1942 0.05349 3.1058 1 1.7655 0.2752 1.3746 1.453e-06
l3f:r5f 0.9517 0.6171 0.3722 0.289 1.0711 0.8956 0.2692 0.002524
l3f:r8f 1.194 0.04821 2.07 1 1.1134 0.8695 0.9621 0.03442
l3f:r9f 1.1684 0.08537 Inf 0.3333 1.5597 0.1013 1.7642 0.0003061
l3m:l4m 85.8569 0 25.7587 2.59e-69 33.4419 1.217e-131 50.1487 0 5.292 0
l3m:l5m 4503599627370496 0 12421.049 2.778e-195 4503599627370496 0 9755.1156 0 94.6354 0
l3m:r10m 1.0706 0.5991 1.3112 0.4032 0.6499 0.001034
l3m:r4m 1.0306 0.7611 1 1 0.0293 0.0001451
l3m:r5m 1.3164 0.001659 3.5289 0.5671 1.7594 0.423 1.3359 0.0006665 1.221 4.462e-12
l3m:r8m 1.2599 0.008465 1 1 0.7391 0.7819 1.1574 6.869e-16
l3m:r9m 1.2215 0.03191 1 1 2.1699 0.06058 1.3701 2.283e-05
l4f:l5f 1583.8645 0 108.348 2.323e-112 182.6858 6.085e-215 307.5919 0 13.2092 0
l4f:r10f 1.6449 8.293e-06 1.6563 6.3e-06 1.3874 5.006e-17
l4f:r4f 2.276 7.391e-22 2.776 5.386e-24 1.4758 3.832e-50
l4f:r5f 0.7765 0.003364 0.4831 1 0.2929 0.07577 0.5175 0.3868 0.8925 1.792e-07
l4f:r8f 1.0553 0.5383 0.2834 0.5671 1 1 2.1016 0.01195
l4f:r9f 1.0448 0.6384 2.07 1 1 1 1.2513 0.0004465
l4m:l5m 537.269 0 64.0712 3.938e-72 109.8944 3.057e-145 217.3007 0 7.4826 0
l4m:r10m 1.462 0.000668 0.7376 0.6509 1.2602 5.16e-07
l4m:r4m 1.8736 1.62e-13 1.6255 6.598e-07 1.2812 1.645e-25
l4m:r5m 1.0263 0.7779 0.4634 0.6563 0.9081 1 0.8407 0.4656 0.393 0.006303
l4m:r8m 1.4987 1.29e-06 1 1 1 1 1.3352 1.114e-16
l4m:r9m 1.3114 0.0024 Inf 0.3333 0.322 1 1.1323 2.181e-06
l5f:r10f 0.8352 0.1496 1.0713 0.5368 1.086 0.0009866
l5f:r4f 1.6092 2.224e-07 2.1284 0.1626 1.2663 4.63e-18
l5f:r5f 0.7662 0.005064 0.3722 0.289 0.8341 0.4556 0.0111 3.269e-05
l5f:r8f 1.0701 0.4749 0.4831 1 0.9758 0.9376 0.9506 0.007403
l5f:r9f 1.2132 0.03699 1.5216 0.2561 2.9998 0.0001671
l5m:r10m 1.072 0.6444 1 1 0.6009 0.001239
l5m:r4m 1.1022 0.3356 0.2579 0.04222 1.3338 0.0002532
l5m:r5m 0.9363 0.5283 0.2834 0.5671 0.4519 0.2578 0.9613 1 0.6272 0.005536
l5m:r8m 1.3763 0.0009852 1 1 1.8874 0.002878 1.2723 1.685e-12
l5m:r9m 1.5863 4.159e-06 Inf 0.3333 1.7031 0.0008326 1.4743 7.732e-09
r10f:r4f 3.1014 2.306e-12 1.1612 2.307e-13 1.4014 3.642e-23
r10f:r5f 7.1624 5.285e-34 Inf 0.1 Inf 0.0001554 1.4282 9.029e-68 1.956 9.032e-89
r10f:r8f 1.1757 0.3435 1.0427 0.04102 2.6485 0.001091
r10f:r9f 1.0782 0.7283 0.9796 0.3178 0.4926 0.05884
r10m:r4m 2.5978 4.707e-08 1.1082 3.504e-07 1.5936 5.19e-10
r10m:r5m 6.1629 6.776e-32 Inf 1.083e-05 1.3736 3.529e-55 1.661 2.168e-74
r10m:r8m 1.6005 0.006087 1.0184 0.3707 1.1791 0.002987
r10m:r9m 1.1719 0.3955 0.9827 0.3919 0.9463 0.1738
r4f:r5f 2.4635 3.829e-14 Inf 0.3333 63.0128 0.0003459 1.1613 6.803e-17 1.4833 7.165e-31
r4f:r8f 3.7104 3.763e-30 Inf 0.02857 1.2842 2.177e-49 1.4424 7.354e-64
r4f:r9f 1.3058 0.0243 1.0392 0.02319 1.1378 0.0008058
r4m:r5m 2.4694 1.75e-13 Inf 0.3333 9.8848 0.01693 1.1774 7.128e-20 1.2718 1.205e-28
r4m:r8m 2.4459 5.045e-15 Inf 0.3333 1.1911 4.824e-25 1.3217 1.091e-33
r4m:r9m 1.1577 0.2502 1.0432 0.01237 1.0728 0.0006737
r5f:r8f 1.9053 1.039e-09 Inf 0.3333 Inf 0.0005828 2.5682 3.057e-07 1.4532 2.032e-34
r5f:r9f 1 1 0.9944 0.7605 1.0919 0.05184
r5m:r8m 1.9641 1.157e-11 Inf 0.3333 5.9692 8.623e-08 1.5209 1.021e-21
r5m:r9m 1.1506 0.2136 1.0801 0.1223 2.2422 0.002907
r8f:r9f 1.0255 0.8662 1.0248 0.1503 1.1251 0.01987
r8m:r9m 1.2972 0.02249 1.0562 0.001226 1.1325 1.499e-06
