CODE D1D2OR D1D2ORPVAL D1GWD2OR D1GWD2PVAL D1SUGD2OR D1SUGD2PVAL D1D2MIN_BTOR D1D2MIN_BTPVAL D1D2MIN_FETOR D1D2MIN_FETPVAL
100m:126m 15.6148 1.118e-64 64.5645 2.934e-15 2.7543 4.806e-229
100m:136m 2.7022 5.7e-10 2.4869 3.579e-10 1.4692 6.635e-29
100m:144m 0.4015 1.42e-08 0.6134 1.623e-16 0.7234 1.174e-20
100m:151m 0.886 0.4836 0.9959 0.8309 0.8684 0.1837
100m:152m 1.0525 0.8102 1.0428 0.02465 1.0986 0.001674
100m:157m 2.3387 5.997e-07 1.4218 1.052e-11 1.304 5.702e-25
100m:163m 9.7603 1.498e-39 37.3763 3.888e-12 2.4653 5.131e-171
100m:169m 1 1 2.6867 0.289 1.1289 1.506e-05
100m:175m 5.5879 8.481e-26 13.2504 0.02301 1.9069 4.737e-110
100m:181m 0.5378 0.0003677 0.5607 0.001078 0.6061 1.06e-11
100m:187m 0.7877 0.195 1.0162 0.411 0.6305 0.04735
100m:4370m 0.7214 0.04319 1.5586 0.1796 11.2005 0.002216
100m:4373m 0.886 0.4836 6.4083 0.4857 0.9599 0.03431
100m:49m 1.0783 0.6917 1.0146 0.4356 1.1733 0.006136
100m:52m 1 1 1.0491 0.009186 1.0734 0.00125
100m:97m 1.0815 0.6861 0.9948 0.7871 0.9437 0.07171
100m:a13m 0.9588 0.8277 0.9778 0.7492 0.859 0.008554
100m:a1m 1.422 0.0215 1.0103 0.5884 1.0391 0.1245
100m:a21m 0.532 4.43e-05 0.9509 0.00625 0.9401 0.002575
100m:a22m 0.7544 0.04685 1.0059 0.7552 1.0781 0.01144
100m:a27m 1.1018 0.876 1.1241 0.141 1.0769 0.02276
100m:a28m 1.0544 1 0.9435 0.0373 0.8611 0.01329
100m:a29m 1.158 0.3097 1.0308 0.1026 2.4162 0.02119
100m:a30m 0.8943 0.4313 0.987 0.9255 0.6243 0.06871
100m:a7m 0.8257 0.2457 3.1058 1 0.751 0.002286
100m:a8m 0.7403 0.01996 0.9031 0.8728 0.8204 0.001655
100m:a9m 1.3263 0.07765 0.9968 0.8761 1.1415 0.1334
100m:ADr1um 0.7932 0.2016 0.9936 0.8047 0.6738 0.001684
100m:bm1m 0.9875 1 1.0052 0.787 0.9689 0.2794
100m:bm2m 1.1108 0.5702 1.0087 0.648 0.8272 0.01233
100m:bm4m 0.9866 1 1.0017 0.9332 1.6571 0.09426
100m:bm5m 0.8103 0.1936 1.008 0.675 4.8897 0.01182
100m:bm7m 1.6034 0.002753 0.9831 0.3662 1.0909 0.1713
100m:bm8m 1 1 0.9984 0.9406 0.9187 0.1982
100m:ch1m 0.9217 0.6801 1.0031 0.8757 0.6967 0.004808
100m:ch4m 0.9873 1 0.9911 0.6324 1.1712 0.05144
100m:ch5m 0.9411 0.7552 0.9992 0.9706 0.8641 0.1762
100m:ch6m 0.9468 0.8039 0.9971 0.8828 0.8386 0.1953
100m:l1m 1.0659 0.5705 1.4172 0.2649 1.1631 3.61e-05
100m:l2m 1.2514 0.07116 0.9266 0.6578 29.2001 0.0004227
100m:l3m 1.279 0.03526 1.0753 0.7749 3.6644 0.000171
100m:l4m 0.8396 0.111 0.7982 0.02768 0.8529 4.995e-06
100m:l5m 1.0655 0.6593 1.1196 0.6273 Inf 0.0001554
100m:r10m 0.9233 0.7642 0.9772 0.2785 0.9662 0.1185
100m:r4m 0.8921 0.4963 1.0171 0.3589 1.05 0.03306
100m:r5m 0.8324 0.1459 0.7067 0.08529 0.3109 0.0003571
100m:r8m 0.9708 0.8882 1.0208 0.271 1.4283 0.09061
100m:r9m 0.9746 0.936 0.9761 0.1935 1.0984 0.03875
126m:136m 12351.249 0 Inf 8.57e-10 Inf 7.619e-26 10434.9409 0 8.4033 0
126m:144m 0.3065 2.957e-14 0.4634 0.6563 0.3722 0.289 0.3436 3.24e-14 0.5779 4.255e-52
126m:151m 0.9769 0.9391 0.2834 0.5671 0.4634 0.6563 1.0485 0.01112 1.0649 0.001279
126m:152m 0.9732 0.9343 1 1 1 1 0.9788 0.2527 0.9214 0.03075
126m:157m 139.4074 1.472e-170 Inf 8.57e-10 Inf 1.691e-17 1011.5165 1.66e-37 2.372 0
126m:163m 8393.1681 0 Inf 2.429e-13 Inf 2.07e-35 3398.7725 0 5.3767 0
126m:169m 23.8027 4.784e-72 Inf 4.114e-05 Inf 1.289e-08 1.7365 2.517e-187 2.2108 1.09e-237
126m:175m 3910.9614 0 Inf 1.451e-11 Inf 1.23e-27 2894.7479 0 4.2394 0
126m:181m 0.5343 0.0002455 0.2834 0.5671 0.2718 0.3469 0.8945 6.125e-09 0.8402 1.02e-11
126m:187m 0.8205 0.2553 1 1 1.345 1 0.9653 0.07005 0.9595 0.03917
126m:4370m 1 1 0.2834 0.5671 0.4831 1 0.1208 0.01211
126m:4373m 1.1824 0.3144 Inf 0.3333 3.5289 0.5671 2.6867 0.289 1.173 2.792e-05
126m:49m 1.6757 0.003062 Inf 0.1 1.11 1.605e-08 1.1752 8.591e-11
126m:52m 0.8921 0.5239 1 1 1.0213 0.2569 0.1313 0.1319
126m:97m 35.4935 3e-97 Inf 4.985e-08 Inf 2.615e-16 1.7885 1.46e-208 2.4479 8.46e-272
126m:a13m 0.5037 2.051e-06 1 1 0.4634 0.6563 0.2354 0.004926 0.6176 1.121e-10
126m:a1m 0.7835 0.109 3.1058 1 0.2718 0.3469 0.9918 0.6664 1.0857 0.1398
126m:a21m 0.3123 1.081e-14 0.8267 6.792e-25 0.7502 6.299e-31
126m:a22m 0.744 0.04174 0.0977 0.05668 0.9702 0.1029 0.2251 0.0006013
126m:a27m 1.4373 0.2555 Inf 0.3333 10.9072 0.2063 1.2612 0.8086 20.443 0.003329
126m:a28m 0.7996 0.5489 1 1 2.07 1 0.9548 0.09857 0.9341 0.0215
126m:a29m 0.9174 0.5796 1 1 0.7061 1 0.9766 0.2046 0.8662 0.00556
126m:a30m 3.2674 1.297e-17 Inf 0.02857 7.6136 0.1319 1.1951 4.732e-22 1.4626 2.613e-36
126m:a7m 1.3871 0.04732 Inf 0.3333 0.4831 1 1.543 0.7395 1.2167 0.0009194
126m:a8m 0.7144 0.007865 0.2834 0.5671 0.2117 0.1152 0.3661 0.07934 0.9232 0.0004699
126m:a9m 0.7971 0.1642 3.1058 1 3.5289 0.5671 0.9369 0.0008686 0.8808 0.0001165
126m:ADr1um 0.6737 0.02338 0.9986 0.9483 0.8072 0.04952
126m:bm1m 1.1661 0.3785 1 1 1 1 1.0016 0.9403 1.4109 0.00717
126m:bm2m 0.8115 0.2425 0.322 1 1.0039 0.8442 0.9282 0.005381
126m:bm4m 0.9217 0.6801 0.4831 1 0.9918 0.6669 0.9616 0.2385
126m:bm5m 0.8655 0.3933 3.1058 1 0.9725 0.1394 0.7556 0.09366
126m:bm6m 0.8423 0.3086 1 1 1 1 0.989 0.5619 0.7356 0.2643
126m:bm7m 0.9408 0.7544 3.1058 1 10.9072 0.2063 1.003 0.881 0.4624 0.01294
126m:bm8m 0.8705 0.427 Inf 0.3333 Inf 0.02857 0.9797 0.2778 1.4386 0.09786
126m:ch1m 0.8761 0.4639 Inf 1 Inf 0.3333 1.0039 0.839 1.0625 0.04085
126m:ch4m 1.0554 0.8052 3.1058 1 0.9704 0.1062 0.0893 0.002216
126m:ch5m 1.2374 0.2052 1 1 1.0136 0.4711 1.0668 0.01617
126m:ch6m 1.0547 0.8065 1 1 1.0279 0.139 1.098 0.01604
126m:l1m 0.7205 0.000708 0.3722 0.289 0.1283 0.0009071 0.5636 0.0195 0.5021 1.132e-07
126m:l2m 0.4393 7.327e-14 0.1313 0.1319 0.0687 0.00036 0.2843 3.536e-08 0.7577 1.028e-22
126m:l3m 0.3275 1.985e-25 0.0601 0.008922 0.0366 9.291e-07 0.1755 2.5e-12 0.4045 1.022e-31
126m:l4m 0.736 0.002426 0.4634 0.6563 0.3354 0.1308 0.6985 0.01219 0.1412 1.135e-06
126m:l5m 0.4422 1.592e-11 0.1313 0.1319 0.1208 0.01211 0.2341 4.488e-08 0.6498 1.462e-22
126m:r10m 0.7115 0.1217 0.9588 0.04689 0.9351 0.008226
126m:r5m 0.9708 0.8551 3.5289 0.5671 1.4162 1 0.9712 0.8052 0.8662 3.574e-05
126m:r8m 0.8138 0.1725 1 1 0.5864 1 0.9883 0.5337 0.8944 0.003592
126m:r9m 0.9755 0.9372 3.1058 1 3.5289 0.5671 1.0294 0.1198 1.1248 0.0003661
127f:137f 1493.9661 2.769e-306 Inf 2.204e-10 Inf 4.52e-21 167.2146 0 4.1863 0
127f:145f 0.3528 3.565e-11 0.186 0.2861 0.1012 0.01693 0.347 5.639e-20 0.6524 3.468e-56
127f:153f 1.1078 0.5752 3.5289 0.5671 3.0991 0.2568 1.434 0.5227 1.1869 0.001226
127f:154f 1.0672 0.7468 0.4831 1 1.2945 1 1.0546 0.004349 1.1117 0.001205
127f:159f 20.9602 1.7e-78 105.2927 9.821e-06 165.8483 9.333e-13 15.3888 7.27e-93 2.8861 2.44e-250
127f:165f 2451.6394 0 Inf 2.615e-16 Inf 3.401e-43 12282.108 4.329e-194 4.1981 0
127f:171f 8.6787 8.865e-38 Inf 0.0005828 39.4876 4.877e-05 4.4911 1.05e-56 2.0713 9.022e-92
127f:177f 239.4691 4.269e-229 Inf 9.505e-13 Inf 1.263e-30 4408.8394 4.068e-47 2.5811 0
127f:183f 0.6996 0.02798 1 1 0.3722 0.289 0.6478 0.008395 0.8105 1.097e-19
127f:189f 1.142 0.437 3.5289 0.5671 2.2036 0.3431 0.8798 0.8576 4.8897 0.01182
127f:4371f 0.8103 0.2237 0.2834 0.5671 0.0917 0.2063 0.0342 0.0004227
127f:4374f 1.1848 0.3115 1 1 2.1582 0.6563 0.9929 0.7058 0.1725 0.05698
127f:48f 1.9693 8.069e-06 Inf 0.3333 16.649 0.008922 1.0863 6.991e-06 1.2601 1.348e-12
127f:51f 0.7713 0.1257 0.2834 0.5671 0.9804 0.2864 0.899 0.000981
127f:96f 21.1937 5.386e-76 Inf 7.396e-07 Inf 1.582e-14 1.7173 1.535e-186 2.3217 9.957e-260
127f:99f 9.1105 1.622e-38 Inf 0.002165 Inf 3.327e-09 1.4358 6.527e-85 1.8099 1.573e-113
127f:a13f 0.5434 0.0001328 0.0755 0.02301 0.929 8.757e-05 0.8353 4.214e-08
127f:a1f 0.839 0.25 1 1 0.7061 1 0.9583 0.02351 0.8754 0.000186
127f:a21f 0.1653 4.895e-35 0.0031 3.579e-11 0.7906 2.571e-37 0.5701 1.947e-49
127f:a22f 0.9223 0.5669 0.1313 0.1319 0.3879 0.2167 0.9704 0.1039 0.895 0.0007224
127f:a27f 0.5819 0.05997 2.07 1 0.7061 1 0.7915 0.6071 0.7589 2.296e-05
127f:a28f 0.739 0.119 Inf 0.3333 0.5864 1 0.9164 2.176e-05 0.8973 9.087e-07
127f:a29f 0.8546 0.2613 1 1 1 1 0.9787 0.2481 0.9 0.007013
127f:a30f 2.5852 6.158e-13 Inf 0.02857 20.443 0.003329 4.9467 0.001364 1.369 3.118e-46
127f:a7f 1.4324 0.03056 Inf 1 2.07 1 1.1709 0.003219 1.3428 0.0002145
127f:a8f 0.596 3.647e-05 7.6136 0.1319 1 1 0.5848 0.3525 0.6869 7.002e-14
127f:a9f 0.8514 0.3675 3.1058 1 0.9221 3.39e-05 0.8068 1.427e-07
127f:ADr1uf 0.9717 0.9324 0.186 0.2861 7.6136 0.1319 1.0584 0.009966
127f:bm1f 1.071 0.7402 0.322 1 3.5289 0.5671 0.9882 0.5314 1.0585 0.129
127f:bm2f 1.091 0.6358 0.322 1 3.5289 0.5671 1.0169 0.3748 1.7917 0.001205
127f:bm4f 0.7443 0.08528 0.5864 1 1.0095 0.6205 1.0711 0.1086
127f:bm5f 0.7947 0.1497 0.186 0.2861 0.9986 0.9479 0.5092 0.002557
127f:bm6f 1.1271 0.4862 0.2834 0.5671 0.9704 0.1102 0.9313 0.01091
127f:bm7f 0.8122 0.1962 0.2834 0.5671 0.9475 0.8052 0.8766 0.008555
127f:bm8f 1 1 0.1313 0.1319 0.9958 0.8299 1.0228 0.3484
127f:ch1f 1.0266 0.9354 3.1058 1 2.07 1 1.0205 0.2733 0.4677 0.002553
127f:ch4f 1.3102 0.1183 3.5289 0.5671 1.0541 0.004322 1.0759 0.000776
127f:ch5f 1.0973 0.6248 3.1058 1 1.7052 1 1.0051 0.7893 0.8947 0.1819
127f:ch6f 1.1366 0.4712 Inf 0.3333 3.5289 0.5671 0.9973 0.8901 0.923 0.04527
127f:l1f 1.2244 0.04412 1 1 2.219 0.1964 1.4952 0.05028 1.2648 1.594e-08
127f:l2f 0.3809 1.51e-17 0.0755 0.02301 0.0335 3.253e-07 0.1333 1.811e-07 0.5982 1.338e-30
127f:l3f 0.3843 3.106e-18 0.1012 0.01693 0.0263 1.298e-08 0.1098 2.637e-14 0.6901 1.41e-31
127f:l4f 0.525 3.919e-10 1 1 0.2563 0.01938 0.3407 0.0008019 0.7133 9.651e-24
127f:l5f 0.3276 3.002e-23 0.0489 0.003329 0.049 1.327e-07 0.0939 2.001e-08 0.6626 6.687e-34
127f:r10f 0.9427 0.8427 1 1 0.4831 1 0.9543 0.02851 0.941 0.01232
127f:r4f 0.7949 0.1617 1 1 3.5289 0.5671 0.9477 0.003554 0.8904 4.087e-05
127f:r5f 1 1 3.5289 0.5671 1.7412 0.7064 0.9683 0.08941 0.9206 0.008784
127f:r8f 1.2071 0.2337 Inf 0.3333 2.07 1 1.0361 0.05732 1.1588 0.02311
127f:r9f 1.3989 0.04455 2.07 1 4.7227 0.1152 1.0177 0.3459 1.0837 0.02871
136m:144m 4503599627370496 0 Inf 0.02857 Inf 3.716e-12 2735.0775 0 24.5095 0
136m:151m 1.1638 0.3815 1.0415 0.02927 1.0439 0.02208
136m:152m 0.8936 0.557 0.9816 0.3209 1.1713 0.1594
136m:157m Inf 0 Inf 0.002165 Inf 1.582e-14 2402.0578 0 11.5565 0
136m:163m 94.846 1.51e-145 Inf 0.02857 Inf 4.985e-08 Inf 1.263e-30 2.2926 0
136m:169m 4503599627370496 0 Inf 0.002165 Inf 2.429e-13 3165.675 0 14.774 0
136m:175m 41.8693 4.141e-103 Inf 0.3333 Inf 0.0001554 111.9812 3.325e-26 2.1423 0
136m:181m 1383.6472 4.468e-274 Inf 0.02857 Inf 7.396e-07 3.5977 0 3.5977 0
136m:187m 0.6689 0.02488 0.9751 0.5521 0.0609 0.0001398
136m:4370m 1.0254 0.9368 0.322 1 1.2719 0.3232 1.1334 1.221e-07
136m:4373m 0.867 0.3961 1 1 0.9014 0.32 0.8915 4.213e-05
136m:49m 0.8033 0.2144 0.952 0.007642 0.9153 0.0002813
136m:52m 1.1173 0.5597 0.9976 0.9048 1.1796 0.2219
136m:97m 12.9388 4.347e-53 Inf 0.3333 Inf 0.0001554 1.4888 1.448e-99 2.1089 1.873e-145
136m:a13m 1.5333 0.003462 10.9072 0.2063 1.5683 0.001468 2.0321 3.839e-07
136m:a1m 1.3851 0.03944 Inf 1 Inf 0.3333 1.0315 0.09958 1.1074 0.004283
136m:a21m 0.4798 1.926e-06 0.9041 4.56e-08 0.7722 6.53e-14
136m:a22m 1.9015 9.852e-06 1 1 3.5289 0.5671 1.1061 4.446e-08 1.2919 5.569e-17
136m:a27m 3.7897 5.926e-07 1 1 3.1917 1.282e-11 1.62 4.756e-33
136m:a28m 38.1154 1.264e-39 Inf 0.3333 Inf 0.02857 1.877 1.522e-112 2.5074 7.02e-148
136m:a29m 2.1965 1.475e-08 3.5289 0.5671 1.1092 2.225e-08 1.2262 7.444e-11
136m:a30m 0.727 0.01985 0.9513 0.006819 0.9199 0.0002461
136m:a7m 0.9124 0.6271 0.9047 0.4997 0.8916 0.06578
136m:a8m 3.7297 1.053e-28 6.4083 0.4857 8.2794 0.01211 14.5609 0.00036 1.9742 1.475e-88
136m:a9m 1.7031 0.0008326 Inf 0.02857 1.0386 0.05359 1.2587 0.001375
136m:ADr1um 0.7775 0.1551 0.9737 0.1517 0.9399 0.03723
136m:bm1m 1.0793 0.6899 Inf 1 1.0276 0.1478 1.0571 0.05116
136m:bm2m 0.7289 0.06808 3.1058 1 1.0072 0.7088 0.8118 0.01166
136m:bm4m 0.8129 0.2632 1.0178 0.3504 0.398 0.165
136m:bm5m 0.9513 0.8125 1 1 1.0135 0.4779 0.7124 0.08017
136m:bm6m 1.3332 0.08947 1 1 0.9936 0.7368 1.3429 0.2466
136m:bm7m 1.0793 0.6899 0.9825 0.3504 0.9598 0.1793
136m:bm8m 0.8387 0.3026 1.0079 0.6812 1.1755 0.002294
136m:ch1m 1.0125 1 1.0151 0.4226 0.9061 0.03721
136m:ch4m 0.7398 0.08213 0.977 0.21 0.9599 0.05992
136m:ch5m 0.7713 0.1257 1.0086 0.6511 10.2381 0.05668
136m:ch6m 0.8607 0.4087 1.0189 0.3145 Inf 0.02857
136m:l1m 0.1411 7.574e-88 0.0917 0.2063 0.0893 0.002216 0.0987 1.797e-25 0.3065 6.648e-211
136m:l2m 0.4071 1.702e-14 0.322 1 0.1561 0.08611 0.0989 2.534e-05 0.6296 7.258e-22
136m:l3m 0.3674 8.734e-19 0.322 1 0.2661 0.2203 0.0989 2.534e-05 0.5268 1.478e-31
136m:l4m 2.7652 8.428e-24 10.9072 0.2063 3.2361 0.1694 2.6698 1.009e-05 1.9041 8.279e-98
136m:l5m 0.9413 0.6666 0.6562 1 0.2123 0.005535 0.0896 5.099e-07
136m:r10m 0.9799 1 Inf 0.3333 3.1058 1 1.0093 0.6663 0.6793 0.1623
136m:r4m 1.0986 0.5914 Inf 0.3333 1.0128 0.4959 1.0981 0.02329
136m:r5m 0.7298 0.01207 3.5289 0.5671 0.7268 0.3222 0.7899 6.709e-06
136m:r8m 1.259 0.1286 1.0423 0.02613 1.1361 0.0008643
136m:r9m 1.0973 0.6248 Inf 0.3333 1.0651 0.0006679 1.0772 0.0001343
137f:145f Inf 0 Inf 0.02857 Inf 8.57e-10 4544.8604 0 31.0996 0
137f:153f 0.8309 0.2901 0.0293 0.0001451
137f:154f 0.8147 0.2297 0.3436 0.0002714
137f:159f Inf 0 Inf 0.002165 Inf 1.451e-11 3387.5799 0 11.9581 0
137f:165f 43.0816 2.008e-109 Inf 0.002165 Inf 1.191e-24 2.3703 0
137f:171f 4503599627370496 0 Inf 0.002165 Inf 2.204e-10 3997.8871 0 12.8733 0
137f:177f 8.5738 2.792e-40 Inf 0.02857 8.6825 3.095e-38 2.3285 1.034e-173
137f:183f 69.4093 1.652e-139 Inf 0.02857 Inf 0.0001554 93.6791 1.592e-94 2.6608 0
137f:189f 0.6191 0.003312 0.2563 0.01938 0.237 1.949e-06
137f:4371f 1.4888 0.0182 Inf 0.3333 1.1202 0.01667 1.1695 2.388e-08
137f:4374f 0.6368 0.006354 3.1058 1 0.9487 0.0338 0.7874 2.013e-06
137f:48f 0.6278 0.002285 Inf 1 0.8891 1.56e-10 0.7045 3.991e-13
137f:51f 1.101 0.587 1.0412 0.02844 1.191 3.053e-07
137f:96f 6.257 2.772e-27 Inf 0.02857 1.4102 3.932e-77 1.7316 9.51e-102
137f:99f 0.8745 0.461 0.322 1 0.9581 0.02069 0.9523 0.01172
137f:a13f 1.4361 0.02191 3.1058 1 3.5289 0.5671 1.0658 0.0006834 1.1335 1.231e-05
137f:a1f 1.237 0.1658 1.0293 0.1241 1.0624 0.003965
137f:a21f 0.5648 0.0002164 0.925 2.188e-05 0.8235 3.079e-09
137f:a22f 2.035 1.04e-07 Inf 0.3333 3.5289 0.5671 1.1324 1.264e-11 1.3082 8.37e-20
137f:a27f 6.3317 1.507e-12 Inf 1 Inf 0.3333 4.4115 4.701e-13 2.0265 4.54e-67
137f:a28f 66.1893 2.557e-104 Inf 0.02857 2.2432 0 2.2432 0
137f:a29f 2.1715 3.831e-09 3.1058 1 1.1303 3.129e-11 1.3856 1.771e-23
137f:a30f 0.4061 9.163e-12 2.07 1 0.8419 8.223e-21 0.7471 5.882e-34
137f:a7f 0.8963 0.5624 0.9801 0.3577 0.8858 0.004998
137f:a8f 8.5968 4.387e-68 10.9072 0.2063 20.443 0.003329 22.8895 5.725e-45 2.4288 5.713e-175
137f:a9f 1.5706 0.007192 Inf 0.3333 Inf 0.3333 1.0345 0.08236 1.3876 0.00132
137f:ADr1uf 0.6949 0.03647 1 1 5.7982 0.05698
137f:bm1f 1.1522 0.4485 Inf 1 Inf 0.3333 1.0026 0.8964 1.1351 0.03037
137f:bm2f 1.0265 0.9356 0.9905 0.6155 1.1801 0.209
137f:bm4f 0.7319 0.07688 1.0507 0.008023 1.0549 0.004553
137f:bm5f 1.0362 0.8776 0.9796 0.2724 0.9238 0.02221
137f:bm6f 0.8229 0.2415 0.961 0.03316 0.923 0.004639
137f:bm7f 1.061 0.758 0.9555 0.01481 0.9486 0.009728
137f:bm8f 1.0505 0.8137 1.0212 0.2643 Inf 0.1
137f:ch1f 0.6932 0.0322 0.9705 0.1058 0.6247 0.01993
137f:ch4f 1.0136 1 1.0034 0.8614 0.851 0.08393
137f:ch5f 0.8138 0.2458 0.9582 0.02092 0.8586 9.088e-05
137f:ch6f 0.7039 0.04428 0.9496 0.005042 0.9389 0.001511
137f:l1f 0.117 2.197e-105 0.0489 0.003329 0.0879 9.293e-23 0.3552 3.242e-276
137f:l2f 1.2674 0.0479 Inf 1 0.322 1 0.5061 0.1848 1.3598 2.541e-19
137f:l3f 0.8386 0.13 0.322 1 0.5864 1 0.3159 0.006267 0.2408 1.421e-08
137f:l4f 5.4261 5.449e-62 Inf 0.1 13.2504 0.02301 6.14 5.933e-19 2.4421 2.136e-194
137f:l5f 1.5573 0.0001328 Inf 0.3333 2.07 1 1.921 7.793e-12 1.487 1.161e-55
137f:r10f 1.0848 0.7619 0.9862 0.5178 0.9229 0.06325
137f:r4f 1.2124 0.2443 Inf 0.3333 1.0341 0.06928 1.0935 0.007316
137f:r5f 0.7614 0.04664 1 1 0.9402 0.00109 0.9349 0.0004329
137f:r8f 0.9345 0.7071 Inf 0.3333 Inf 0.3333 1.0124 0.512 1.0658 0.05242
137f:r9f 1.2308 0.2267 Inf 0.3333 1.0572 0.002599 1.0572 0.002599
144m:151m 0.9204 0.644 3.1058 1 0.5864 1 1.0597 0.001777 1.1308 1.742e-06
144m:152m 0.8805 0.4726 0.4831 1 1.033 0.08054 1.1791 0.0001287
144m:157m 4503599627370496 0 Inf 1.451e-11 Inf 3.257e-34 4395.8973 0 21.0003 0
144m:163m 0.7788 0.1134 Inf 0.3333 7.6136 0.1319 1 1 0.8399 6.339e-14
144m:169m Inf 0 Inf 1.451e-11 Inf 1.315e-36 13829.8031 0 41.4841 0
144m:175m 0.7842 0.1185 Inf 0.3333 1.7052 1 0.1661 0.002932 0.8219 6.359e-09
144m:181m 4503599627370496 0 Inf 3.327e-09 Inf 1.86e-23 9102.9394 0 8.5968 0
144m:187m 0.7845 0.1501 1 1 1 1 1.0708 0.0004086 1.1432 0.0001119
144m:4370m 1.0228 0.9401 0.322 1 3.5289 0.5671 1.0277 0.8926 1.1966 5.045e-08
144m:4373m 0.5281 4e-05 0.2834 0.5671 0.2718 0.3469 0.3437 0.008442 0.6599 1.689e-32
144m:49m 0.5032 2.057e-05 0.2834 0.5671 0.8748 2.744e-13 0.7841 2.784e-19
144m:52m 1.4662 0.02057 3.1058 1 1.0567 0.002627 1.2332 6.792e-08
144m:97m 1.9317 7.205e-05 Inf 0.1 23.4961 0.02914 1.0827 2.162e-05 1.1763 1.177e-09
144m:a13m 2.7487 1.164e-13 5.3771 0.2861 20.443 0.003329 4.9167 1.473e-09 1.5346 1.506e-26
144m:a1m 1.5183 0.004852 0.2834 0.5671 0.7061 1 1.0362 0.05758 1.1903 0.001014
144m:a21m 1.1968 0.2609 2.07 1 1.0027 0.8909 1.0928 0.0596
144m:a22m 3.3562 5.135e-19 5.3771 0.2861 20.443 0.003329 1.141 5.855e-13 1.3997 4.414e-24
144m:a27m 4.7267 4.737e-11 3.1058 1 7.6136 0.1319 5.4335 0.03808 2.1127 3.587e-66
144m:a28m 98.4815 2.246e-68 Inf 0.0001554 158.3119 2.485e-07 2.478 2.95e-234 3.4881 2.166e-277
144m:a29m 2.64 1.183e-12 7.6136 0.1319 13.2504 0.02301 1.1697 1.682e-17 1.2876 1.663e-20
144m:a30m 0.1736 8.021e-39 0.2834 0.5671 0.0601 0.008922 0.775 5.181e-44 0.6367 5.756e-60
144m:a7m 0.8124 0.2108 3.1058 1 1 1 0.9128 0.0002891
144m:a8m 6.7491 2.086e-62 51.3444 5.231e-06 91.6034 2.539e-12 26.5131 7.984e-19 2.3285 8.695e-196
144m:a9m 2.0174 3.234e-06 Inf 0.02857 20.443 0.003329 1.1252 1.428e-09 1.1993 2.862e-12
144m:ADr1um 0.8138 0.2458 1 1 1.0078 0.6789
144m:bm1m 1.2576 0.1748 Inf 0.3333 1.0181 0.3385 0.7461 0.0256
144m:bm2m 0.7188 0.0511 1 1 0.9741 0.1606 0.9638 0.07757
144m:bm4m 1.1911 0.3248 6.4083 0.4857 1.0026 0.8965 1.0861 0.017
144m:bm5m 1.2096 0.2471 1 1 1.0266 0.1606 1.1707 0.02966
144m:bm6m 1.4715 0.01156 1 1 0.1313 0.1319 1.0217 0.253 1.2553 0.01022
144m:bm7m 1.3177 0.08115 1 1 0.2834 0.5671 1.0035 0.8599 Inf 0.02857
144m:bm8m 0.9278 0.6927 Inf 0.3333 3.5289 0.5671 1.0173 0.3624 0.945 0.2003
144m:ch1m 0.7045 0.03272 1 1 0.9643 0.04873 0.769 0.0003849
144m:ch4m 0.6424 0.008811 Inf 1 1 1 1.0259 0.1665 0.5885 0.008652
144m:ch5m 0.8081 0.2052 1 1 0.9803 0.2829 0.8958 0.0009362
144m:ch6m 0.6514 0.008817 0.9607 0.02969 0.9372 0.003831
144m:l1m 0.1054 2.031e-130 0.0195 5.231e-06 0.0124 1.508e-14 0.0565 1.595e-51 0.3003 2.822e-308
144m:l2m 0.668 0.0002652 0.0245 0.003373 0.1033 0.005267 0.6832 0.1016 0.5333 2.095e-07
144m:l3m 0.637 2.777e-05 0.0755 0.02301 0.0893 0.002216 0.1682 3.395e-07 0.767 6.901e-10
144m:l4m 6.208 1.998e-82 29.2001 0.0004227 21.8641 4.89e-08 7.991 5.371e-30 2.6616 8.913e-248
144m:l5m 1.4973 0.0006254 0.2834 0.5671 0.5743 0.7064 1.6778 0.1248 1.3346 1.611e-28
144m:r10m 0.9634 0.923 Inf 0.3333 Inf 0.02857 1.0191 0.373 1.0987 0.1411
144m:r4m 1.7088 0.0004519 Inf 0.3333 2.07 1 1.0576 0.002257 1.1821 2.55e-05
144m:r5m 0.7032 0.002732 1 1 0.4634 0.6563 0.672 0.02885 0.7662 9.123e-05
144m:r8m 1.4072 0.01592 1 1 3.6796 0.3469 1.0683 0.000348 1.219 1.641e-08
144m:r9m 0.9002 0.5702 Inf 1 2.07 1 1.0516 0.006318 1.0687 0.001483
145f:153f 0.9401 0.753 0.0917 0.2063 0.0114 1.568e-08
145f:154f 0.7045 0.03272 0.2834 0.5671 0.969 0.3394
145f:159f 4503599627370496 0 Inf 6.202e-14 Inf 5.3e-39 9154.0502 0 42.6578 0
145f:165f 1.4283 0.01689 Inf 0.02857 10.2381 0.05668 2.4688 0.1269 1.2888 4.485e-06
145f:171f Inf 0 Inf 6.202e-14 Inf 1.335e-39 14285.5801 0 49.2365 0
145f:177f 0.8028 0.159 Inf 0.3333 7.6136 0.1319 0.2045 0.01182 1.2202 4.45e-09
145f:183f 623.3204 0 Inf 3.327e-09 Inf 1.145e-21 132.3583 0 5.221 0
145f:189f 0.7478 0.0616 0.322 1 0.2718 0.3469
145f:4371f 1.6415 0.002159 1 1 3.5289 0.5671 1.1415 3.521e-07 1.2686 2.912e-11
145f:4374f 0.7377 0.05582 0.322 1 1 1 0.9381 0.0004768 0.8975 7.968e-06
145f:48f 0.1884 4.342e-30 0.156 0.4857 0.1313 0.1319 0.7597 2.066e-51 0.6292 2.731e-76
145f:51f 1.6715 0.001029 1 1 1 1 1.1128 4.46e-09 1.2224 1.723e-13
145f:96f 1.1242 0.5185 Inf 0.3333 23.4961 0.02914 1.0763 6.586e-05 1.1102 1.814e-06
145f:99f 0.2873 1.03e-13 0.8087 8.651e-31 0.654 3.164e-39
145f:a13f 2.5182 4.361e-10 Inf 0.3333 10.2381 0.05668 2.3325 5.737e-11 1.5692 3.202e-32
145f:a1f 1.8073 3.509e-05 3.1058 1 2.1582 0.6563 1.1351 9.206e-12 1.2179 3.686e-17
145f:a21f 1.2289 0.1725 0.4831 1 0.9987 0.9492 1.0664 0.03651
145f:a22f 3.777 8.243e-26 Inf 0.02857 Inf 4.985e-08 1.1928 3.562e-22 1.4502 4.774e-35
145f:a27f 13.9657 1.151e-25 Inf 0.02857 Inf 0.0001554 17.3876 1.278e-07 2.3919 1.196e-117
145f:a28f 77.4348 2.99e-129 Inf 0.002165 Inf 4.985e-08 2.4446 0 2.4446 0
145f:a29f 3.7595 5.16e-26 Inf 0.3333 20.443 0.003329 1.1958 1.813e-22 1.5115 2.088e-41
145f:a30f 0.1843 2.594e-40 0.0426 0.02914 0.0406 0.001203 0.1579 8.71e-30 0.4569 9.678e-119
145f:a7f 0.7435 0.07067 0.3848 0.6193 0.3879 0.2167 0.8583 1.584e-05
145f:a8f 14.4365 1.493e-117 Inf 2.204e-10 298.6753 3.174e-18 44.3615 7.143e-59 3.8754 3.951e-297
145f:a9f 2.6496 1.37e-09 40.8363 0.003373 1.0787 9.715e-05 1.1892 7.282e-11
145f:ADr1uf 0.7257 0.06619 Inf 0.3333 7.6136 0.1319 0.8751 0.05114 0.0293 0.0001451
145f:bm1f 1.0532 0.809 Inf 0.3333 1 1 1.0282 0.1361 1.0688 0.03152
145f:bm2f 1.0133 1 Inf 1 1 1 1.0079 0.677 1.2573 0.0323
145f:bm4f 0.7997 0.1803 1.0218 0.2472 1.0394 0.07348
145f:bm5f 1.0343 0.8807 1 1 1.0034 0.8604 1.0458 0.1603
145f:bm6f 0.9883 1 0.2834 0.5671 1.1554 0.3933 1.6248 0.06464
145f:bm7f 0.9539 0.8175 0.2834 0.5671 0.9709 0.2687 20.443 0.003329
145f:bm8f 0.8267 0.2471 3.1058 1 1 1 0.98 0.2788 0.966 0.07132
145f:ch1f 0.7095 0.03821 1 1 1.7052 1 0.9343 0.0002043 0.9279 5.035e-05
145f:ch4f 1.0705 0.7411 1 1 0.9824 0.3337 Inf 0.1
145f:ch5f 0.6786 0.01977 0.4831 1 0.9391 0.0006102 0.851 1.22e-06
145f:ch6f 0.7016 0.03517 0.0917 0.2063 0.9333 0.0001618 0.8928 5.236e-07
145f:l1f 0.0434 6.383e-242 0.005 2.048e-08 0.0063 1.343e-17 0.0216 7.016e-118 0.4345 0
145f:l2f 2.0981 2.41e-11 3.5289 0.5671 3.805 0.1431 1.163 0.7504 1.4375 9.47e-52
145f:l3f 0.9884 0.9569 0.5864 1 0.8145 1 0.695 0.05614 1.1121 7.062e-07
145f:l4f 13.3125 9.774e-154 121.768 2.914e-06 80.5151 1.508e-14 18.654 6.471e-60 2.0537 0
145f:l5f 3.2342 3.961e-27 23.4961 0.02914 14.5609 0.00036 5.1329 3.413e-25 1.9115 1.517e-101
145f:r10f 1.6155 0.01878 Inf 1 10.9072 0.2063 1.0537 0.01393 1.1284 0.0007059
145f:r4f 1.5046 0.007494 Inf 0.3333 23.4961 0.02914 1.0898 2.485e-06 1.206 5.029e-11
145f:r5f 0.7162 0.009767 6.4083 0.4857 2.1582 0.6563 0.9488 0.00526 0.8144 2.136e-05
145f:r8f 1.1209 0.4711 Inf 1 5.3771 0.2861 1.0387 0.0396 1.0402 0.03599
145f:r9f 1.4783 0.01543 Inf 0.3333 2.07 1 1.027 0.148 1.3159 0.02616
151m:152m 2.6311 2.197e-10 Inf 1 Inf 0.02857 1.2092 1.28e-24 1.4899 1.003e-39
151m:157m 0.0513 1.367e-82 0.5452 6.068e-219 0.4023 7.775e-278
151m:163m 0.0063 8.507e-226 0.0196 0 0.3143 0
151m:169m 98.9433 1.99e-179 Inf 0.02857 97.0629 5.745e-239 2.775 0
151m:175m 8725.5706 0 Inf 0.002165 2287.4646 0 7.1439 0
151m:181m 4503599627370496 0 Inf 1 Inf 2.835e-06 3764.5113 0 15.3199 0
151m:187m Inf 0 Inf 1 Inf 7.396e-07 6512.4149 0 34.44 0
151m:4370m 0.7375 0.04647 0.7956 1 0.7323 0.0001199
151m:4373m 1.3998 0.02713 1.231 0.07729 2.9099 0.0002714
151m:49m 0.6215 0.00302 0.9282 6.053e-05 0.7594 8.269e-08
151m:52m 0.9113 0.5936 1.0048 0.8025 1.1498 0.02303
151m:97m 0.6992 0.02268 0.9888 0.5538 0.7368 0.001171
151m:a13m 1.5018 0.004348 3.1058 1 1.2277 1 1.293 6.699e-08
151m:a1m 1.1939 0.2328 1.0324 0.09203 1.094 0.001187
151m:a21m 1.4554 0.01037 1.07 0.0002717 1.1015 6.959e-06
151m:a22m 1.3676 0.01757 Inf 1 Inf 1 1.0296 0.1176 1.0797 0.0158
151m:a27m 1.3296 0.3496 1.3737 0.09042 1.3196 4.121e-07
151m:a28m 3.2888 7.683e-06 1.23 4.56e-14 1.6615 1.947e-21
151m:a29m 1.4211 0.005982 1.088 6.131e-06 1.1829 1.05e-08
151m:a30m 0.3489 6.579e-17 0.82 1.065e-26 0.7495 9.942e-34
151m:a8m 1.592 6.269e-05 1 1 3.0991 0.2568 1.6763 2.387e-19
151m:a9m 1.6284 0.0009315 Inf 0.3333 1.0802 8.556e-05 1.1669 1.62e-06
151m:ADr1um 0.7403 0.05726 0.9513 0.3639 0.208 0.0006572
151m:bm1m 1.0735 0.7006 0.9875 0.5107 0.8129 0.0534
151m:bm2m 0.8304 0.2527 0.9749 0.1791 0.9446 0.04429
151m:bm4m 1.0773 0.6936 1.0139 0.4694 3.1223 0.008985
151m:bm5m 0.9789 0.9417 1.0004 0.9925 0.9479 0.107
151m:bm6m 0.7723 0.0844 0.9638 0.05067 0.9591 0.02851
151m:bm7m 0.715 0.02483 0.9663 0.06979 0.9536 0.02543
151m:bm8m 1.0439 0.8259 0.9809 0.3102 0.9677 0.243
151m:ch1m 1.1392 0.4174 0.9969 0.8747 0.309 0.1694
151m:ch4m 0.9037 0.5482 Inf 0.3333 0.9762 0.1973 0.9443 0.0144
151m:ch5m 1.1133 0.5365 0.9866 0.4744 1.1922 0.1042
151m:ch6m 1.0338 0.8817 0.9993 0.9778 1.0621 0.2104
151m:l1m 0.4965 5.772e-14 0.2834 0.5671 0.4286 0.0001528 0.6558 1.216e-26
151m:l2m 1.1073 0.3656 Inf 1 1 1 1.5187 0.1121 1.2782 2.022e-06
151m:l3m 1.2917 0.01319 Inf 1 6.4083 0.4857 1.1792 0.2815 1.2976 3.401e-08
151m:l4m 2.7334 1.612e-25 Inf 1 5.3771 0.2861 3.0854 8.305e-13 1.6479 2.321e-50
151m:l5m 1.3798 0.005439 Inf 1 3.1058 1 1.5612 0.01102 1.3084 2.898e-12
151m:r10m 1.2627 0.2168 1.0763 0.0005064 1.0799 0.0003914
151m:r4m 1 1 1.0065 0.7318 1.6487 0.1121
151m:r5m 1.248 0.0596 1 1 1.3032 0.5841 1.3156 6.656e-06
151m:r8m 1.0473 0.7858 1.0195 0.3051 1.0743 0.04919
151m:r9m 1.1105 0.5413 0.9866 0.4737 2.6541 0.01542
152m:157m 0.0947 1.693e-48 0.2075 6.454e-125 0.4427 1.907e-206
152m:163m 0.0134 2.726e-150 0.0203 1.906e-236 0.3641 0
152m:169m 42.1265 2.352e-115 Inf 0.3333 15.9812 9.372e-264 2.1858 0
152m:175m 2506.4513 0 Inf 0.007937 904.1692 0 4.4718 0
152m:181m 4503599627370496 0 Inf 0.002165 8.4676 0 8.4676 0
152m:187m Inf 0 Inf 0.0001554 8460.0121 0 13.6258 0
152m:4370m 0.9786 0.9414 0.9918 0.884 0.6482 0.02543
152m:4373m 0.8047 0.1613 0.911 0.07077 0.9128 0.0004058
152m:49m 0.8304 0.2527 0.934 0.0002353 0.897 6.897e-06
152m:52m 1.0118 1 0.9896 0.5783 0.8847 0.01377
152m:97m 1.0793 0.6899 0.9914 0.6517 0.8816 0.01392
152m:a13m 1.3395 0.04681 1.2019 1.013e-05 1.3054 3.261e-09
152m:a1m 1.0412 0.8312 1.0251 0.191 1.0476 0.1575
152m:a21m 1.8089 5.521e-05 Inf 0.3333 1.0166 0.3787 1.3732 6.675e-08
152m:a22m 1.4236 0.008673 0.322 1 1.0163 0.3892 1.3986 0.03012
152m:a27m 1.0428 1 1.3682 0.3685 1.2176 3.15e-05
152m:a28m 3.8362 2.325e-05 1.2821 1.573e-19 1.4672 1.051e-25
152m:a29m 1.3536 0.02324 1.0087 0.6485 1.1042 0.02388
152m:a30m 0.3431 1.454e-16 0.8579 1.443e-16 0.7671 7.563e-21
152m:a7m 0.8197 0.2063 0.9564 0.1355 0.8589 0.001732
152m:a8m 1.674 2.898e-05 1.9414 0.2384 1.3347 2.728e-15
152m:a9m 1.4252 0.01906 1.0719 0.0004011 1.0779 0.0002377
152m:ADr1um 1.0381 0.8746 0.4831 1 0.8774 0.0006933
152m:bm1m 0.8653 0.3704 0.9599 0.03006 0.9599 0.03006
152m:bm2m 1.1342 0.4491 1.0648 0.0008569 1.0785 0.000324
152m:bm4m 1.1872 0.3086 1.0055 0.7782 1.033 0.2575
152m:bm5m 1.0878 0.6116 1.0205 0.2844 1.0586 0.0401
152m:bm6m 0.9612 0.8328 1.021 0.2719 0.4491 0.117
152m:bm7m 0.7814 0.1071 0.9945 0.7782 0.739 0.119
152m:bm8m 1.0585 0.7627 0.9949 0.7926 0.8563 0.0946
152m:ch1m 0.9885 1 0.9792 0.2615 1.1532 0.02887
152m:ch4m 0.953 0.8159 0.9904 0.6098 1.0575 0.1501
152m:ch5m 1.3014 0.1041 0.9812 0.3113 1.7455 0.1113
152m:ch6m 1.2934 0.1082 0.9983 0.9334 1.8702 0.02998
152m:l1m 0.4259 8.407e-19 0.0917 0.2063 0.5851 1.314e-31
152m:l2m 1.2983 0.02229 1.1268 1 1.1304 1.688e-05
152m:l3m 1.4916 0.0002281 3.1058 1 1.3241 0.0001068 1.3343 1.239e-08
152m:l4m 2.6468 3.129e-22 Inf 0.02857 2.0792 5.177e-17 1.8021 1.852e-46
152m:l5m 1.5323 0.0004375 Inf 0.3333 3.5289 0.5671 1.3169 8.466e-13
152m:r10m 1.2554 0.2411 1.0364 0.09181 1.1313 0.002198
152m:r4m 1.192 0.25 0.9932 0.7179 1.2319 0.03861
152m:r5m 0.9368 0.6069 0.322 1 1.0641 0.4799 1.0981 0.0006752
152m:r8m 1.394 0.01745 0.9984 0.9405 1.2016 0.1024
152m:r9m 0.8976 0.5082 0.9777 0.2301 0.9317 0.004337
153f:154f 6.2769 2.771e-35 Inf 1.083e-05 Inf 9.505e-13 Inf 9.505e-13 2.1917 9.832e-71
153f:159f 0.0937 2.951e-56 0.3632 1.916e-211
153f:165f 0.0086 8.638e-209 0.0016 2.616e-63 0.3444 0
153f:171f 773.2261 1.816e-306 Inf 0.02857 Inf 1.083e-05 322.9549 0 4.3014 0
153f:177f 4503599627370496 0 Inf 1.083e-05 Inf 4.033e-15 3003.4973 0 16.706 0
153f:183f Inf 0 Inf 1.083e-05 Inf 1.691e-17 14042.7197 0 30.5042 0
153f:189f Inf 0 Inf 1.083e-05 Inf 4.297e-18 14311.254 0 55.3795 0
153f:4371f 1.1023 0.5847 1 1 1.0016 0.9407 1.2186 0.1231
153f:4374f 0.8112 0.1815 0.951 0.006822 0.8611 0.001976
153f:48f 0.735 0.03776 0.9681 0.08197 20.443 0.003329
153f:51f 0.9289 0.663 1.0253 0.1798 1.8399 0.1405
153f:96f 1.0239 0.9387 1.0064 0.738 0.5281 0.0883
153f:99f 1.0525 0.8102 0.9904 0.6094 0.9483 0.08178
153f:a13f 1.7334 0.0002113 Inf 0.1 Inf 0.002165 1.0836 2.236e-05 1.1873 2.537e-06
153f:a1f 1.1141 0.4604 1.0221 0.2482 0.0755 0.02301
153f:a21f 1.2931 0.08521 1.0211 0.2629 1.0621 0.03124
153f:a22f 1.3706 0.01436 Inf 0.02857 1.0555 0.003574 1.1348 1.087e-05
153f:a27f 3.0461 8.423e-05 8.052 0.03913 2.4798 4.032e-16
153f:a28f 6.4031 3.423e-27 Inf 0.02857 Inf 1.083e-05 1.318 2.898e-41 1.6153 2.156e-57
153f:a29f 1.2653 0.07447 1.0677 0.0004342 1.1198 2.361e-05
153f:a30f 0.6649 0.00157 0.9047 6.758e-08 0.853 9.567e-12
153f:a7f 1.0248 0.9376 1 1 0.9061 0.01987
153f:a8f 3.9151 5.881e-30 Inf 0.0005828 Inf 4.985e-08 Inf 0.0001554 1.9957 2.232e-41
153f:a9f 1.2043 0.2527 1.05 0.01274 1.1757 0.003882
153f:ADr1uf 0.7351 0.07898 1 1 1.008 0.6759 0.8438 0.01108
153f:bm1f 1 1 1 1 0.9736 0.1571 0.8652 0.009078
153f:bm2f 0.7836 0.1378 Inf 0.3333 1.0053 0.7858 10.2381 0.05668
153f:bm4f 0.9072 0.5847 1.0023 0.9105 5.7982 0.05698
153f:bm5f 1.0669 0.7132 3.1058 1 0.9222 0.03398 0.9067 0.005127
153f:bm6f 0.9546 0.8191 0.9814 0.3206 0.9384 0.04888
153f:bm7f 0.9566 0.8231 0.9714 0.1243 0.8921 0.02341
153f:bm8f 0.881 0.4478 0.9571 0.1188 0.8406 0.03032
153f:ch1f 0.8304 0.2527 1.0088 0.6429 0.9252 0.0816
153f:ch4f 1.2583 0.1497 1.0135 0.4754 0.9367 0.1761
153f:ch5f 0.9872 1 1.0267 0.1582 1.1386 0.01125
153f:ch6f 0.8423 0.3086 0.9689 0.08978 0.1561 0.08611
153f:l1f 0.1508 3.873e-85 0.0078 9.321e-20 0.4117 5.715e-115
153f:l2f 2.9383 9.247e-23 Inf 0.0005828 178.3805 7.162e-08 37.3763 3.888e-12 1.4841 8.823e-36
153f:l3f 2.1798 1.2e-13 Inf 0.0005828 178.3805 7.162e-08 9.8918 2.834e-06 1.6296 5.206e-29
153f:l4f 8.7407 1.03e-107 Inf 4.114e-05 Inf 9.505e-13 796.6966 1.569e-18 2.5611 1.049e-175
153f:l5f 3.2891 5.032e-29 Inf 0.0001554 Inf 1.451e-11 79.8643 5.118e-08 2.1295 3.799e-64
153f:r10f 1.383 0.1065 1.0582 0.00807 1.0666 0.0028
153f:r4f 1.2259 0.1874 1.0252 0.1826 1.038 0.06133
153f:r5f 0.8846 0.3706 0.322 1 0.9853 0.4388 0.7825 0.08592
153f:r8f 1.1084 0.4938 1.0464 0.01519 1.0475 0.01388
153f:r9f 0.7884 0.1225 1 1 0.9743 0.1637 0.8704 0.02983
154f:159f 0.0804 2.063e-61 0.0263 1.298e-08 0.4565 3.032e-189
154f:165f 0.0117 1.032e-175 0.009 6.27e-114 0.402 0
154f:171f 97.2467 1.23e-173 Inf 0.02857 Inf 0.002165 71.5122 1.566e-224 2.6396 0
154f:177f 13514.0244 0 Inf 0.002165 Inf 3.327e-09 9389.519 0 7.501 0
154f:183f 4503599627370496 0 Inf 0.002165 Inf 3.327e-09 3140.6846 0 12.6026 0
154f:189f 4503599627370496 0 Inf 0.002165 Inf 8.57e-10 16095.4978 0 17.099 0
154f:4371f 1.0696 0.7079 0.992 0.7122 0.8785 0.00879
154f:4374f 0.7032 0.0215 0.5175 0.3868 0.436 0.0005339
154f:48f 0.7458 0.03906 0.9673 0.07412 0.8512 0.001064
154f:51f 1.3018 0.08815 1.0232 0.2184 1.0698 0.0194
154f:96f 0.8044 0.173 Inf 1 0.9677 0.07909 0.943 0.02636
154f:99f 1.0753 0.6971 1.0073 0.7032 1.5245 0.03112
154f:a13f 1.3986 0.03012 Inf 0.3333 Inf 0.02857 1.0645 0.0009699 1.1171 7.726e-07
154f:a1f 0.9391 0.6875 0.322 1 1.0186 0.3321 1.1183 0.001515
154f:a21f 1.2765 0.08666 1.0187 0.3221 1.1036 5.661e-05
154f:a22f 1.1583 0.2629 Inf 0.3333 1.0664 0.0005241 1.1114 2.527e-05
154f:a27f 1.7019 0.06229 Inf 1 1.9322 0.3868 1.6045 8.04e-09
154f:a28f 3.0091 5.396e-11 Inf 0.1 Inf 0.002165 1.2016 3.174e-19 1.2766 1.204e-22
154f:a29f 1.4845 0.001355 0.322 1 1.0213 0.2607 1.2016 0.002001
154f:a30f 0.6146 0.0001037 0.6074 0.02204 0.8227 7.128e-13
154f:a7f 0.9338 0.7055 0.9893 0.5698 1.6155 0.01878
154f:a8f 2.0673 4.175e-10 Inf 0.3333 Inf 0.0001554 Inf 0.0005828 1.5781 2.794e-17
154f:a9f 1.1272 0.4604 1.0183 0.3585 1.1658 0.001961
154f:ADr1uf 1.0887 0.64 1 1 0.9764 0.2027 0.9658 0.07625
154f:bm1f 0.7947 0.1497 Inf 1 0.9503 0.006805 0.6128 0.0001659
154f:bm2f 1.1079 0.546 0.9766 0.2114 1.1123 0.0334
154f:bm4f 1.3014 0.1041 1.0158 0.4083 1.1091 0.01914
154f:bm5f 0.9902 1 1 1 0.9192 0.4945 1.1268 0.003151
154f:bm6f 0.7845 0.1099 1.0073 0.707 1.0598 0.05202
154f:bm7f 0.9177 0.6078 0.9996 0.9925 4.9494 0.1789
154f:bm8f 1 1 0.9744 0.1701 0.8895 0.04291
154f:ch1f 1.0356 0.8786 0.9901 0.5973 1.1924 0.1841
154f:ch4f 1 1 1.0326 0.08497 1.0598 0.03213
154f:ch5f 1.0974 0.5936 0.977 0.2137 0.9626 0.05982
154f:ch6f 1.135 0.4478 1.0041 0.8311 2.7469 0.02424
154f:l1f 0.2551 4.387e-46 0.0056 2.696e-13 0.4668 7.321e-66
154f:l3f 2.006 2.741e-11 Inf 0.02857 Inf 0.0001554 7.0769 1.325e-05 1.312 6.532e-20
154f:l4f 5.0488 1.562e-58 Inf 0.02857 Inf 7.396e-07 69.7948 2.82e-10 2.6732 2.179e-81
154f:l5f 2.8627 1.023e-22 Inf 0.02857 Inf 1.083e-05 Inf 7.396e-07 1.5068 2.874e-34
154f:r10f 0.7045 0.08386 1.0156 0.475 16.6032 0.08009
154f:r4f 1.3561 0.04242 1.0282 0.1362 1.1092 0.0001438
154f:r5f 1.1123 0.4228 3.1058 1 1.028 0.2035 Inf 0.02857
154f:r8f 1.1612 0.3052 1.0075 0.6953 1.2275 0.03367
154f:r9f 1.1408 0.4149 Inf 1 1.0334 0.07895 1.0515 0.04569
157m:163m Inf 0 Inf 0.002165 Inf 9.505e-13 4086.8489 0 20.8229 0
157m:169m Inf 0 Inf 0.0001554 Inf 1.691e-17 11928.1338 0 92.7025 0
157m:175m 458.7685 2.28e-261 Inf 0.0001554 232.2948 1.021e-224 3.4087 0
157m:181m 177.7725 3.65e-211 16.6032 0.08009 29.2001 0.0004227 3.2129 0 3.2129 0
157m:187m 0.0085 1.541e-160 0.3847 0 0.3847 0
157m:4370m 1.2182 0.2386 1 1 1.0978 0.0009517
157m:4373m 0.7273 0.04175 1 1 0.7659 0.07334 0.7914 8.264e-09
157m:49m 0.9247 0.6861 0.322 1 0.9377 0.0007929 0.9071 4.546e-05
157m:52m 1.2773 0.1608 1 1 1.0308 0.1147 1.0892 0.0007505
157m:97m 12.1953 5.384e-50 Inf 0.02857 Inf 0.0001554 1.5383 1.619e-109 1.8673 6.586e-144
157m:a13m 0.9253 0.6258 0.4831 1 1.0459 0.9156 0.0724 1.599e-05
157m:a1m 1.356 0.04647 1 1 2.07 1 0.9953 0.8166 1.1513 0.01441
157m:a21m 0.598 0.001349 0.0917 0.2063 0.9273 8.175e-05 0.8694 2.883e-06
157m:a22m 2.2933 4.887e-09 1 1 6.4069 0.08611 1.0828 3.249e-05 1.2584 9.024e-12
157m:a27m 3.4538 4.003e-07 2.07 1 2.5124 0.165 2.2512 3.467e-43
157m:a28m 52.1014 5.28e-48 Inf 0.3333 10.2381 0.05668 2.1869 4.174e-176 3.1522 2.192e-235
157m:a29m 1.5199 0.002703 Inf 0.3333 3.5289 0.5671 1.0544 0.005816 1.1026 2.081e-05
157m:a30m 0.7605 0.04616 1 1 0.322 1 0.9299 0.0001484 0.8819 2.557e-05
157m:a7m 0.9247 0.6861 1 1 0.9458 0.1093 0.8135 0.002444
157m:a8m 2.8587 3.05e-18 3.5289 0.5671 1.9976 0.4935 3.1923 0.01587 1.4871 8.807e-51
157m:a9m 1.7473 0.0002967 Inf 0.3333 10.9072 0.2063 1.0242 0.2354 1.0858 0.001336
157m:ADr1um 0.8679 0.4485 1 1 0.994 0.9493 0.1175 0.001243
157m:bm1m 0.945 0.8006 1.0039 0.8469 1.0733 0.152
157m:bm2m 0.9078 0.6177 1.0101 0.609 1.0707 0.03108
157m:bm4m 0.8679 0.4485 1.0192 0.3297 0.1993 0.01737
157m:bm5m 0.6387 0.005098 1 1 0.9761 0.2132 0.87 0.00385
157m:bm6m 0.8757 0.437 1.0013 0.9538 1.8166 0.05764
157m:bm7m 1.0499 0.8148 1.0077 0.6995 1.4517 0.04763
157m:bm8m 0.8977 0.5651 0.322 1 1.0167 0.3957 Inf 0.02857
157m:ch1m 0.8943 0.5583 3.1058 1 0.9884 0.5467 0.8602 0.02365
157m:ch4m 0.8977 0.5651 0.9954 0.8185 0.3354 0.1308
157m:ch5m 0.8696 0.4517 0.9793 0.2792 0.9699 0.13
157m:ch6m 0.873 0.4579 3.1058 1 1.0035 0.8632 0.5763 0.007434
157m:l1m 0.2045 3.538e-61 0.1313 0.1319 0.1926 0.02564 0.208 2.809e-09 0.4797 3.564e-131
157m:l2m 0.5206 1.18e-08 0.1725 0.05698 0.2218 3.684e-05 0.7406 2.914e-13
157m:l3m 0.4138 6.589e-16 0.0406 0.001203 0.1692 1.581e-08 0.5249 1.031e-18
157m:l4m 2.4534 4.599e-20 3.5289 0.5671 1.4788 0.7524 0.5651 0.1538 1.8064 2.561e-79
157m:l5m 0.8624 0.2349 0.322 1 0.1012 0.01693 0.3661 0.07934 1.1111 1.193e-05
157m:r10m 1.3343 0.1868 Inf 1 3.1058 1 1.0154 0.4811 1.1018 0.0549
157m:r4m 1.0116 1 3.1058 1 0.9949 0.7965 1.1375 0.005237
157m:r5m 0.7956 0.06389 1 1 0.7104 0.07888 0.8158 1.356e-05
157m:r8m 1.255 0.1221 1.0582 0.003311 1.0725 0.0004835
157m:r9m 0.9072 0.5847 Inf 1 1 1 1.0127 0.5149 0.7461 0.0256
159f:165f 4503599627370496 0 Inf 0.007937 Inf 4.033e-15 3982.9165 0 13.956 0
159f:171f 4503599627370496 0 Inf 7.396e-07 Inf 1.926e-26 12402.6185 0 93.1615 0
159f:177f 22.1775 1.227e-99 3.1058 1 6.4069 0.08611 23.3591 4.272e-66 2.3837 0
159f:183f 23.4796 8.901e-111 10.2381 0.05668 18.3721 5.317e-05 8.3356 1.789e-10 2.543 0
159f:189f 0.0328 5.18e-113 0.0132 0.0001072 0.0018 4.134e-15 0.483 0
159f:4371f 1.2416 0.1742 0.2834 0.5671 3.0846 0.08874 1.1399 2.806e-05
159f:4374f 0.7821 0.1164 2.07 1 1.0866 0.5867 0.9395 0.003393
159f:48f 0.3755 5.319e-12 0.322 1 0.8366 1.267e-22 0.7596 3.661e-27
159f:51f 1.2342 0.1936 0.5864 1 1.0908 1.922e-06 1.2254 5.086e-12
159f:96f 5.642 2.142e-27 Inf 0.1 Inf 0.002165 1.3391 1.923e-56 1.629 3.983e-82
159f:99f 0.563 0.00052 0.322 1 0.9352 0.0002795 0.8982 6.389e-07
159f:a13f 1.6781 0.0004278 Inf 0.3333 1.7052 1 1.8195 0.0004659 1.2717 5.458e-08
159f:a1f 1.2294 0.1501 1 1 1.064 0.000845 1.3406 5.115e-05
159f:a21f 0.7932 0.1184 0.9829 0.3482 0.9145 0.01208
159f:a22f 2.2206 1.344e-10 1 1 13.2504 0.02301 1.1168 1.363e-09 1.3006 6.787e-17
159f:a27f 6.324 1.008e-13 23.4961 0.02914 7.8319 1.108e-15 2.0354 2.561e-70
159f:a28f 49.0926 8.549e-108 10.9072 0.2063 13.2504 0.02301 2.2124 1.581e-322 2.2207 0
159f:a29f 2.1658 5.672e-10 Inf 0.3333 13.2504 0.02301 1.1301 2.669e-11 1.3827 4.46e-18
159f:a30f 0.3604 5.312e-16 0.322 1 0.1561 0.08611 0.2467 7.823e-10 0.6812 8.1e-39
159f:a7f 0.7728 0.09956 0.8656 0.1704 0.4964 0.0004721
159f:a8f 3.9596 7.16e-34 13.2504 0.02301 10.479 0.0002321 5.514 1.37e-06 1.6547 5.175e-78
159f:a9f 1.8442 9.35e-05 10.9072 0.2063 1.0544 0.006554 1.1952 4.508e-06
159f:ADr1uf 0.7321 0.06374 1 1 0.9282 0.1812 0.7481 0.0007688
159f:bm1f 1.3409 0.06598 Inf 0.3333 2.07 1 1.0374 0.04863 9.685 0.005267
159f:bm2f 0.9261 0.689 2.07 1 1.0007 0.9778 1.071 0.08066
159f:bm4f 0.9752 0.9368 1.046 0.01568 1.055 0.008599
159f:bm5f 0.874 0.4097 0.322 1 0.9549 0.0131 0.9329 0.002612
159f:bm6f 1.1217 0.4951 0.2834 0.5671 0.959 0.02447 0.904 0.001263
159f:bm7f 1.0226 0.9404 0.4831 1 0.9605 0.03029 0.8137 1.657e-05
159f:bm8f 1.0553 0.769 1 1 0.9889 0.5535 0.9545 0.3285
159f:ch1f 0.7968 0.152 0.322 1 0.9713 0.1139 0.8101 0.002079
159f:ch4f 1.2035 0.2901 3.1058 1 1.0067 0.7217 1.105 0.06151
159f:ch5f 0.7239 0.04872 1 1 0.9536 0.009618 0.87 2.917e-05
159f:ch6f 0.7747 0.1188 0.9574 0.01784 0.9153 0.0006292
159f:l1f 0.1572 1.386e-91 0.0755 0.02301 0.0763 5.412e-06 0.311 3.453e-07 0.3482 5.648e-266
159f:l2f 1.1203 0.3112 0.156 0.4857 0.2628 0.1431 0.4552 0.01503 1.314 3.586e-19
159f:l3f 0.7647 0.01115 0.186 0.2861 0.1033 0.005267 0.3258 0.0008435 0.4629 1.092e-06
159f:l4f 3.853 2.013e-47 10.2381 0.05668 6.0199 0.002932 1.2747 0.4289 2.299 3.043e-187
159f:l5f 1.4098 0.001213 1 1 1 1 0.5039 0.04201 1.3767 3.802e-30
159f:r10f 1.4388 0.06993 0.322 1 1.0419 0.05469 1.4888 0.0001015
159f:r4f 1.4448 0.01371 1 1 1.0297 0.1108 1.1352 0.0001253
159f:r5f 0.9924 1 Inf 0.3333 1 1 0.9233 0.000393 0.8597 2.842e-06
159f:r8f 0.9711 0.8888 3.5289 0.5671 1.0058 0.7617 Inf 0.02857
159f:r9f 1.7534 0.0002447 Inf 0.3333 23.4961 0.02914 1.0356 0.05777 8.2794 0.01211
163m:169m 129.333 4.385e-171 Inf 0.002165 Inf 3.327e-09 43.0501 8.842e-237 2.5012 0
163m:175m 9750.7098 0 Inf 4.985e-08 Inf 4.52e-21 3681.7781 0 8.1624 0
163m:181m 0.0011 2.532e-312 0.0019 0 0.2128 0
163m:187m 4e-04 0 0.0245 0.003373 0.0125 5.118e-08 0.1577 0 0.1577 0
163m:4370m 0.8489 0.3405 0.4831 1 0.8057 0.05171 0.7516 0.0009894
163m:4373m 1.4195 0.03272 3.1058 1 1.0489 0.01339 1.1662 7.506e-05
163m:49m 2.5249 1.412e-08 1.113 2.751e-08 1.2872 7.146e-15
163m:52m 0.961 0.8705 1.0078 0.6935 0.1313 0.1319
163m:97m 22.7784 1.125e-78 Inf 0.0001554 Inf 3.327e-09 1.6943 4.621e-161 2.4627 1.77e-206
163m:a13m 0.3739 7.896e-12 0.0426 0.02914 0.3204 1.114e-08 0.7522 1.626e-17
163m:a1m 0.8054 0.1742 Inf 0.3333 1 1 0.9778 0.2521 1.51 0.02935
163m:a21m 0.3734 5.28e-10 0.0426 0.02914 0.8647 4.378e-14 0.7436 2.011e-18
163m:a22m 0.9158 0.5759 1 1 0.2834 0.5671 0.985 0.4363 0.9309 0.01601
163m:a27m 0.8794 0.7033 1 1 1 1 0.6728 0.5026 0.7709 0.04804
163m:a28m 1.0724 0.8947 0.322 1 2.07 1 0.9906 0.7422 1.0706 0.0689
163m:a29m 0.7774 0.0758 1 1 1 1 0.9487 0.006401 0.9383 0.002063
163m:a30m 3.3315 1.771e-17 Inf 0.3333 3.5289 0.5671 1.2818 5.271e-38 1.3611 1.122e-44
163m:a7m 0.7135 0.03604 1 1 0.9987 0.9637 1.0839 0.07256
163m:a8m 0.5329 2.427e-07 0.2834 0.5671 0.1432 0.02684 0.1038 3.702e-08 0.6205 1.07e-11
163m:a9m 0.5848 0.0006887 0.322 1 3.5289 0.5671 0.9612 0.04888 0.7673 2.577e-06
163m:ADr1um 1.1227 0.5513 1.0135 0.4937 0.9511 0.232
163m:bm1m 1.0383 0.8742 1 1 0.322 1 0.9727 0.157 0.9353 0.0192
163m:bm2m 1.1811 0.3593 0.9906 0.6348 0.9501 0.06608
163m:bm4m 1.0861 0.678 1 1 0.9879 0.535 0.935 0.04033
163m:bm5m 0.8062 0.1883 0.9473 0.0054 0.902 0.00408
163m:bm6m 0.9421 0.7573 Inf 1 0.2834 0.5671 1.0011 0.9613 1.0659 0.0938
163m:bm7m 0.9072 0.5847 0.2834 0.5671 0.9832 0.3883 1.0417 0.253
163m:bm8m 1 1 Inf 0.3333 1.0362 0.06838 1.0769 0.003898
163m:ch1m 1.0279 0.9338 0.4831 1 1.0086 0.6648 0.5642 0.06302
163m:ch4m 1.0705 0.7411 1.0161 0.4131 1.0421 0.0455
163m:ch5m 1.0138 1 3.1058 1 1.022 0.2635 1.1453 0.01982
163m:ch6m 0.9482 0.8065 0.0917 0.2063 1.046 0.02021 1.046 0.02021
163m:l1m 1.4257 0.0002008 2.1582 0.6563 1.6706 0.5559 1.4142 0.03043 1.1288 4.136e-06
163m:l2m 0.4939 2.5e-10 0.0602 0.08009 0.0709 0.002814 0.3363 6.296e-07 0.7159 2.229e-21
163m:l3m 0.4177 3.896e-16 0.1313 0.1319 0.0893 0.002216 0.2203 4.003e-12 0.6318 1.107e-26
163m:l4m 0.483 3.591e-13 0.1313 0.1319 0.1033 0.005267 0.1046 4.294e-09 0.6992 1.844e-20
163m:l5m 0.4435 9.332e-12 0.0406 0.001203 0.1073 1.956e-05 0.6439 3.212e-25
163m:r10m 0.9807 1 0.322 1 0.968 0.1312 0.9566 0.07196
163m:r4m 0.9327 0.7031 Inf 1 0.322 1 0.9892 0.5772 0.9443 0.03753
163m:r5m 0.826 0.1218 3.5289 0.5671 1.5239 1 0.7391 0.7819 0.8018 1.187e-07
163m:r8m 0.7723 0.0844 Inf 1 1 1 0.9503 0.008419 0.9312 0.0007931
163m:r9m 1.0129 1 Inf 1 6.4083 0.4857 0.915 0.4292 0.0755 0.02301
165f:171f 39.1618 5.503e-120 5.3771 0.2861 39.4876 4.877e-05 35.9316 1.143e-132 2.2377 0
165f:177f 221.5342 2.698e-319 9.685 0.005267 13.4369 7.424e-07 211.2866 4.319e-236 4.3909 0
165f:183f 0.0017 0 0.0069 1.102e-11 0.0072 0 0.2486 0
165f:189f 0.0013 0 0.0065 3.215e-12 0.0027 0 0.2079 0
165f:4371f 0.8197 0.2063 0.2834 0.5671 0.738 0.1943 0.7658 0.01659
165f:4374f 0.8791 0.4199 3.1058 1 3.6796 0.3469 0.982 0.4086 1.9865 0.0003725
165f:48f 1.5478 0.002462 Inf 0.3333 3.5289 0.5671 1.1169 1.26e-09 1.1693 7.655e-14
165f:51f 0.8013 0.1692 0.322 1 0.9441 0.001609 0.8913 1.67e-05
165f:96f 13.5628 2.384e-61 Inf 0.002165 Inf 4.985e-08 1.5459 3.406e-123 2.3145 1.034e-189
165f:99f 4.775 2.319e-21 Inf 0.002165 Inf 2.835e-06 1.2406 1.108e-31 1.4487 2.009e-49
165f:a13f 0.6705 0.008169 1 1 0.4634 0.6563 0.6643 0.2623 0.9226 3.599e-05
165f:a1f 1.0775 0.6323 1 1 0.2834 0.5671 0.9215 0.004151 0.8655 9.149e-05
165f:a21f 0.5156 2.161e-06 0.4924 1.174e-14 0.727 6.741e-17
165f:a22f 0.8624 0.2755 1 1 0.975 0.5445 0.6609 0.04699
165f:a27f 0.9454 0.9056 0.2834 0.5671 1.1055 0.6885 0.7385 1.369e-06
165f:a28f 0.6806 0.02818 0.0755 0.02301 0.9158 1.848e-05 0.8305 2.345e-08
165f:a29f 1.1141 0.4192 3.1058 1 3.7578 0.2203 0.9957 0.819
165f:a30f 2.0955 4.889e-09 Inf 0.3333 40.8363 0.003373 5.443 0.0001717 1.3224 4.236e-29
165f:a7f 0.9561 0.8221 0.4831 1 0.9135 0.3661 1.1058 0.001944
165f:a8f 0.479 6.758e-10 0.2718 0.3469 0.2262 0.03365 0.1077 6.541e-06 0.7015 4.012e-16
165f:a9f 0.7609 0.09784 0.9717 0.1407 0.9396 0.01132
165f:ADr1uf 1.0259 0.9362 1.0367 0.3958 13.2504 0.02301
165f:bm1f 1.0505 0.8137 1 1 0.322 1 1.0342 0.07117 1.0466 0.02358
165f:bm2f 1.0118 1 2.07 1 1.0317 0.09396 1.0912 0.002718
165f:bm4f 0.9507 0.8114 1.0131 0.4877 1.0548 0.01585
165f:bm5f 0.7438 0.0542 0.0917 0.2063 0.9641 0.1719 0.7827 0.01758
165f:bm6f 1.0569 0.7659 0.4831 1 1.0024 0.9043 1.0991 0.06895
165f:bm7f 1.1216 0.4699 0.2834 0.5671 1.0176 0.35 1.1113 0.2323
165f:bm8f 1.5296 0.006385 0.322 1 1 1 1.0588 0.00206 1.1395 0.0002062
165f:ch1f 0.8209 0.2386 Inf 1 Inf 0.3333 1.0222 0.2322 1.073 0.07498
165f:ch4f 0.9237 0.6841 Inf 1 1 1 0.9806 0.2863 0.9488 0.1812
165f:ch5f 1.039 0.873 1 1 1.0255 0.1707 1.0459 0.1008
165f:ch6f 1.0244 0.9381 3.1058 1 1.0462 0.01379 1.0572 0.003864
165f:l1f 2.2819 3.129e-18 13.2504 0.02301 15.0357 6.319e-06 5.2677 3.486e-07 1.6198 2.354e-35
165f:l2f 0.3475 2.802e-23 0.0095 1.434e-09 0.132 5.827e-11 0.4174 1.077e-30
165f:l3f 0.4069 1.567e-18 0.0215 8.513e-08 0.1857 1.269e-13 0.7261 3.701e-24
165f:l4f 0.3174 2.823e-32 0.1313 0.1319 0.0263 1.298e-08 0.0155 5.473e-18 0.6376 1.77e-45
165f:l5f 0.344 2.089e-24 0.0075 3.757e-11 0.107 9.749e-14 0.4609 1.953e-44
165f:r10f 1.0514 0.8549 0.4831 1 1.0065 0.767 0.7353 0.1412
165f:r4f 0.8568 0.3339 1 1 0.9524 0.007485 0.9257 6.932e-05
165f:r5f 0.9182 0.5332 Inf 0.3333 7.6136 0.1319 0.9171 0.2541 0.9055 0.0003285
165f:r8f 1 1 Inf 0.3333 2.07 1 0.992 0.6663 0.4668 0.1262
165f:r9f 1.211 0.2298 0.322 1 0.5864 1 1.0265 0.1559 1.1274 0.005241
169m:175m 4503599627370496 0 Inf 0.3333 Inf 1.289e-08 3916.9994 0 11.8531 0
169m:181m Inf 0 Inf 0.0001554 Inf 1.091e-18 12054.7412 0 65.3281 0
169m:187m 690.8587 4.642e-287 Inf 1 7.6136 0.1319 4.7073 0 4.7073 0
169m:4370m 1.1688 0.3524 1 1 0.9508 0.9104 1.0699 0.001209
169m:4373m 0.6637 0.008288 0.6234 0.5721 0.8438 2.171e-12
169m:49m 0.4906 1.747e-05 0.156 0.4857 0.883 3.663e-11 0.794 3.978e-17
169m:52m 1.4532 0.0274 1.0103 0.5927 1.1496 0.01324
169m:97m 5.9557 7.004e-26 Inf 0.002165 1.2973 1.422e-42 1.7319 1.617e-67
169m:a13m 2.015 9.269e-07 6.4083 0.4857 7.6136 0.1319 6.4695 2.025e-05 1.6699 3.766e-18
169m:a1m 1.1153 0.5059 1 1 1.074 0.0001834 1.1054 1.424e-05
169m:a21m 1 1 0.322 1 1.0026 0.8955 0.1313 0.1319
169m:a22m 2.1168 4.667e-08 Inf 0.3333 7.6136 0.1319 1.1205 1.433e-09 1.2036 2.303e-13
169m:a27m 6.2033 7.993e-13 3.1058 1 3.5289 0.5671 3.7781 0.0004086 2.1434 9.477e-66
169m:a28m 145.8912 8.595e-70 Inf 0.02857 16.649 0.008922 92.2102 1.717e-93 3.861 0
169m:a29m 2.1977 9.75e-09 16.6032 0.08009 1.1317 5.32e-11 1.3849 3.781e-15
169m:a30m 0.2803 2.224e-21 0.1313 0.1319 0.7737 2.217e-42 0.7123 6.219e-49
169m:a7m 0.7659 0.102 5.3771 0.2861 0.9006 0.0007744
169m:a8m 6.037 4.367e-52 10.2381 0.05668 16.4221 0.0001398 6.0199 0.002932 2.352 1.746e-111
169m:a9m 2.4357 2.745e-09 Inf 0.02857 Inf 0.002165 1.1327 2.735e-10 1.2944 3.828e-14
169m:ADr1um 0.8129 0.2632 0.3342 0.0004034
169m:bm1m 0.7508 0.09837 0.9729 0.1512 0.8428 0.04061
169m:bm2m 1.1156 0.5624 1.0249 0.1995 1.0626 0.006493
169m:bm4m 1.0562 0.8039 Inf 0.3333 1.0116 0.5493 0.4775 0.01495
169m:bm5m 1.095 0.5978 3.1058 1 1.0138 0.4759 1.7704 0.1279
169m:bm6m 1.1133 0.5365 0.322 1 1.0087 0.6551 1.1249 0.1911
169m:bm7m 1.0726 0.7022 0.322 1 0.9878 0.5243 1.1023 0.01008
169m:bm8m 1.1162 0.5316 0.9793 0.2744 Inf 0.02857
169m:ch1m 0.9096 0.6213 Inf 1 0.9863 0.4692 0.9591 0.07505
169m:ch4m 0.8847 0.4809 1 1 0.9783 0.2477 0.9617 0.106
169m:ch5m 0.8791 0.4982 0.9752 0.1847 0.9497 0.01844
169m:ch6m 0.9864 1 1.0139 0.4688 0.9244 0.1526
169m:l1m 0.106 4.591e-118 0.0426 0.02914 0.0442 7.262e-06 0.0423 2.761e-46 0.287 1.215e-265
169m:l2m 0.7638 0.02024 0.0917 0.2063 0.4634 0.6563 0.2579 0.04222 0.449 1.298e-07
169m:l3m 0.6612 0.0001984 0.156 0.4857 0.1313 0.1319 0.0929 0.0007123 0.4632 1.561e-10
169m:l4m 6.6216 6.618e-81 10.9072 0.2063 14.5609 0.00036 10.9361 1.019e-20 2.9077 6.823e-222
169m:l5m 1.7515 3.492e-06 0.322 1 2.5987 0.6193 0.309 0.1694 1.3813 7.492e-32
169m:r10m 1.3191 0.1958 Inf 0.3333 Inf 0.3333 1.0234 0.2799 1.0582 0.08767
169m:r4m 1.4845 0.01066 6.4083 0.4857 1.0505 0.008829 1.1809 1.667e-06
169m:r5m 0.7995 0.06675 Inf 1 0.4831 1 0.909 0.1961 0.7302 0.004629
169m:r8m 1.6625 0.0004211 3.5289 0.5671 1.0387 0.04551 1.11 5.028e-05
169m:r9m 0.9507 0.8114 Inf 1 1 1 1.0288 0.1344 1.0412 0.04249
171f:177f 4503599627370496 0 Inf 0.1 Inf 7.396e-07 4308.0962 0 16.3971 0
171f:183f Inf 0 Inf 2.835e-06 Inf 4.297e-18 8600.1743 0 57.6924 0
171f:189f 3914.8613 0 Inf 0.3333 40.8363 0.003373 1796.202 0 7.4346 0
171f:4371f 1.3014 0.1041 1 1 2.07 1 1.2895 0.4659 1.0687 0.0005926
171f:4374f 0.6241 0.002437 Inf 1 0.156 0.4857 0.9409 0.0008997 0.861 8.479e-06
171f:48f 0.2849 2.033e-18 0.0426 0.02914 0.8204 2.171e-27 0.6742 4.378e-42
171f:51f 1.969 5.686e-06 7.6136 0.1319 1.1051 4.492e-08 1.2204 1.148e-12
171f:96f 3.8688 3.777e-15 Inf 0.3333 Inf 0.02857 1.2646 4.056e-37 1.3967 1.199e-47
171f:99f 0.6332 0.005321 0.8748 4.171e-13 0.8201 1.452e-17
171f:a13f 2.4071 6.812e-09 Inf 0.3333 5.3771 0.2861 2.8489 0.0003114 1.3196 4.226e-24
171f:a1f 1.8685 1.801e-05 0.322 1 1.1245 2.759e-10 1.2347 2.286e-13
171f:a21f 1.2682 0.1055 3.1058 1 0.9891 0.5533 0.9789 0.5139
171f:a22f 2.7807 1.075e-15 Inf 0.1 40.8363 0.003373 1.1721 3.25e-18 1.3394 2.899e-22
171f:a27f 9.986 7.152e-19 Inf 0.1 Inf 0.002165 10.7884 5.875e-08 2.773 9.725e-112
171f:a28f 208.1879 3.981e-179 Inf 0.02857 Inf 2.835e-06 2.7712 0 2.7712 0
171f:a29f 4.1758 7.331e-30 Inf 0.3333 Inf 0.002165 1.2125 9.921e-26 1.5676 1.81e-43
171f:a30f 0.2171 1.035e-31 0.0316 0.0101 0.1232 4.774e-24 0.5319 1.272e-83
171f:a7f 0.886 0.4836 0.9055 0.4032 0.9024 0.0001339
171f:a8f 11.5628 1.532e-95 Inf 1.083e-05 294.9551 1.287e-10 59.4565 5.448e-17 2.6683 9.855e-176
171f:a9f 1.6013 0.002159 Inf 0.02857 1.0463 0.02035 1.2753 6.181e-05
171f:ADr1uf 0.8486 0.3626 1 1 0.9626 0.03891 0.8715 0.003246
171f:bm1f 1.4324 0.03056 Inf 0.3333 Inf 0.3333 1.0151 0.4256 5.7982 0.05698
171f:bm2f 1.1201 0.5252 Inf 1 Inf 0.3333 1.0378 0.04638 1.0598 0.00464
171f:bm4f 1.1209 0.5239 1.0471 0.01337 1.0686 0.001297
171f:bm5f 0.9104 0.5632 1 1 0.8071 0.02635 0.8519 0.0007741
171f:bm6f 1.0907 0.6059 0.322 1 1.0403 0.9208 Inf 0.007937
171f:bm7f 1.1181 0.5012 0.322 1 1.1804 0.6651 0.8603 0.003402
171f:bm8f 0.8548 0.3509 1 1 0.9798 0.2743 0.9511 0.03467
171f:ch1f 0.7502 0.06306 1 1 0.9805 0.2848 0.8241 6.161e-05
171f:ch4f 1.0128 1 1.0054 0.7769 1.1838 0.02443
171f:ch5f 0.7179 0.04593 1 1 0.9516 0.00693 0.9159 6.055e-05
171f:ch6f 0.8458 0.3144 0.9555 0.01316 0.9227 0.00476
171f:l1f 0.0347 3.261e-251 0.0159 0.0003459 0.0088 4.287e-10 0.0143 2.371e-94 0.4556 0
171f:l2f 2.2154 7.547e-13 1 1 6.4069 0.08611 3.2621 0.0001771 1.5373 6.179e-72
171f:l3f 1.3456 0.005937 0.0917 0.2063 0.6562 1 1.2935 0.374 1.2351 3.958e-14
171f:l4f 18.1343 2.271e-181 51.3254 0.001093 95.9551 4.76e-09 33.6642 1.833e-78 2.0939 0
171f:l5f 3.8649 2.343e-35 2.07 1 20.443 0.003329 4.0996 7.215e-06 1.9196 1.643e-117
171f:r10f 1.2592 0.2807 Inf 1 3.1058 1 1.0608 0.005613 1.1007 0.0002122
171f:r4f 1.5471 0.00314 Inf 0.3333 1.0687 0.0002825 1.1138 1.478e-06
171f:r5f 0.8369 0.1815 Inf 0.3333 3.5289 0.5671 0.6233 0.02575 0.8735 1.995e-05
171f:r8f 0.9797 0.9429 3.5289 0.5671 1.0141 0.4507 0.9389 0.1192
171f:r9f 1.1872 0.3086 Inf 0.3333 Inf 0.1 1.0277 0.1397 1.6093 0.01285
175m:181m 4503599627370496 0 Inf 0.002165 87.9921 1.568e-08 4469.7415 0 11.3903 0
175m:187m 4503599627370496 0 Inf 7.396e-07 Inf 1.091e-18 3137.9611 0 23.3119 0
175m:4370m 0.7839 0.1278 1 1 3.5289 0.5671 0.8064 0.3813 0.7867 5.944e-06
175m:4373m 1.272 0.13 Inf 0.3333 6.4083 0.4857 1.044 0.02285 2.2738 0.002675
175m:49m 0.9283 0.6936 Inf 1 1 1 1.0028 0.8879 1.0892 0.152
175m:52m 0.8134 0.2122 0.9945 0.7779 0.8516 0.08887
175m:97m 10.6823 9.065e-46 Inf 0.002165 Inf 7.396e-07 1.4492 4.284e-84 1.7148 2.404e-111
175m:a13m 1.0193 0.9449 0.186 0.2861 1.0388 0.9223 0.6928 0.003003
175m:a1m 1.114 0.5082 23.4961 0.02914 1.0124 0.5238 1.1314 0.01053
175m:a21m 1.0227 0.9403 0.0426 0.02914 0.9632 0.04737 0.8907 0.001033
175m:a22m 0.849 0.2667 0.322 1 0.186 0.2861 1.0299 0.1188 1.1018 0.04886
175m:a27m 1.7424 0.03478 1 1 1.3146 0.00309 1.2812 1.345e-05
175m:a28m 5.9866 6.87e-11 1 1 1.2896 2.128e-20 1.5168 7.755e-34
175m:a29m 1.4686 0.005566 0.2834 0.5671 1.0314 0.1029 1.2049 0.0003534
175m:a30m 0.8102 0.1277 3.1058 1 0.9245 3.129e-05 0.9165 2.836e-05
175m:a7m 0.9093 0.5892 3.1058 1 1 1 2.1296 0.003953
175m:a8m 1.3431 0.01512 0.322 1 1 1 1.432 0.6228 1.2223 3.265e-05
175m:a9m 1.1968 0.2609 Inf 0.3333 3.1058 1 1.0601 0.003196 1.0724 0.001455
175m:ADr1um 0.7996 0.2097 0.9156 0.01935 0.9103 0.0001388
175m:bm1m 0.8189 0.2357 0.9712 0.1262 0.9151 0.0352
175m:bm2m 0.9145 0.6315 1.7052 1 1.0274 0.157 1.0512 0.02728
175m:bm4m 1.0398 0.8718 0.9964 0.8568
175m:bm5m 0.7375 0.04647 0.9628 0.04711 0.9359 0.01699
175m:bm6m 0.7123 0.0292 1 1 0.9775 0.2351 0.919 0.01074
175m:bm7m 0.8221 0.2245 0.9949 0.9714 0.0489 0.003329
175m:bm8m 0.9283 0.6936 Inf 0.3333 6.4083 0.4857 1.0105 0.5882 3.8904 0.02854
175m:ch1m 1.082 0.6851 1.0177 0.3565 0.4862 0.03704
175m:ch4m 1.0763 0.6954 1.0186 0.3325 0.2877 0.05119
175m:ch5m 0.9482 0.8065 0.322 1 0.9753 0.1874 1.0955 0.11
175m:ch6m 1.0123 1 Inf 0.3333 3.1058 1 1.0077 0.6925 1.827 0.01002
175m:l1m 0.4284 1.101e-18 0.1481 0.006004 0.3519 0.0039 0.655 7.87e-31
175m:l2m 0.8173 0.0722 0.4831 1 1 1 0.6353 0.02537 0.8768 1.061e-05
175m:l3m 0.8147 0.0547 0.0917 0.2063 0.2628 0.1431 0.4952 0.008025 0.8512 4.074e-08
175m:l4m 1.9037 9.095e-11 6.4083 0.4857 5.1912 0.02564 1.6803 0.2971 1.4629 1.481e-29
175m:l5m 0.98 0.9075 1 1 3.7578 0.2203 0.6964 0.3842 0.5244 0.000332
175m:r10m 1.2139 0.3752 1.0159 0.4646 1.0374 0.1538
175m:r4m 0.9238 0.6516 Inf 0.3333 3.1058 1 0.9988 0.955 1.1712 0.1234
175m:r5m 0.9396 0.6377 0.2834 0.5671 3.6796 0.3469 0.8887 0.005618
175m:r8m 1.2291 0.1609 1 1 0.9691 0.09833 3.2979 0.02832
175m:r9m 1.0753 0.6971 0.9885 0.5463 0.5874 0.2011
177f:183f 4503599627370496 0 Inf 1.923e-07 Inf 1.191e-24 7526.0068 0 40.8666 0
177f:189f Inf 0 Inf 4.985e-08 Inf 3.108e-28 10080.7153 0 76.5757 0
177f:4371f 0.9005 0.5413 0.156 0.4857 0.9501 0.02582 0.9346 0.004083
177f:4374f 0.7032 0.0215 1 1 0.7976 0.0001808
177f:48f 1.3092 0.06626 3.1058 1 0.9977 0.9058 1.2589 0.01642
177f:51f 0.8575 0.3352 3.1058 1 0.9922 0.6753 1.6841 0.01923
177f:96f 5.049 9.276e-24 Inf 0.3333 Inf 0.0001554 1.3133 2.119e-49 1.5977 5.636e-75
177f:99f 2.2021 8.049e-07 Inf 1 10.9072 0.2063 1.1677 4.157e-17 1.4935 1.407e-29
177f:a13f 1.3961 0.02521 Inf 0.02857 7.6136 0.1319 1.1061 6.028e-08 1.1103 3.625e-08
177f:a1f 1.0384 0.8368 0.1313 0.1319 1.0322 0.0896 1.0531 0.009615
177f:a21f 0.9162 0.5768 0.3445 0.3949 0.9669 0.06579 0.9647 0.05559
177f:a22f 1.5109 0.001183 1 1 1.0839 1.007e-05 1.1603 5.772e-08
177f:a27f 2.8624 7.602e-05 1.7052 1 2.4915 6.259e-06 1.7633 3.09e-14
177f:a28f 6.1686 2.304e-25 10.9072 0.2063 90.0152 3.269e-05 1.3565 5.879e-50 1.7799 2.533e-71
177f:a29f 1.2653 0.06931 5.3771 0.2861 1.0429 0.02253 1.1281 0.0003093
177f:a30f 0.8928 0.3893 1.7052 1 0.986 0.7702 0.386 0.00984
177f:a7f 0.7609 0.09784 0.322 1 1.0277 0.7244 0.9193 0.01798
177f:a8f 3.7259 2.935e-28 40.8363 0.003373 27.9833 1.939e-05 40.9431 4.342e-09 2.2618 3.954e-34
177f:a9f 1.3014 0.1041 1 1 1.0337 0.08948 1.3126 0.0002438
177f:ADr1uf 0.877 0.4397 0.9187 0.1138 0.8976 0.009652
177f:bm1f 1.0928 0.6326 Inf 1 1 1 0.9679 0.08009 0.9544 0.02005
177f:bm2f 1.1496 0.4016 Inf 0.1 1.0264 0.162 1.095 0.065
177f:bm4f 0.8847 0.4809 0.322 1 0.9843 0.3994 0.9699 0.1793
177f:bm5f 0.8536 0.2912 0.4831 1 0.9719 0.6546 0.2886 0.0064
177f:bm6f 0.8837 0.4297 0.2834 0.5671 1.0014 0.9483 0.2948 0.01341
177f:bm7f 0.7032 0.0215 1 1 0.9823 0.3402 1.2343 0.08579
177f:bm8f 1.0677 0.7117 Inf 1 3.5289 0.5671 0.9904 0.6105 3.4143 0.07577
177f:ch1f 1.3652 0.0441 1 1 1.0312 0.09442 1.3058 0.03312
177f:ch4f 0.7971 0.1642 0.322 1 1.0283 0.1294 1.1093 0.0002997
177f:ch5f 0.9291 0.6954 1 1 1.0477 0.01126 1.0511 0.007163
177f:ch6f 1.0505 0.8137 1 1 0.9808 0.293 0.9785 0.2473
177f:l1f 0.2187 3.662e-57 0.0558 7.02e-06 0.0087 1.861e-22 0.4746 1.184e-102
177f:l2f 1.8287 1.198e-08 40.8363 0.003373 10.479 0.0002321 3.1637 0.0007206 1.546 9.738e-23
177f:l3f 1.4213 0.0005477 7.6136 0.1319 4.8897 0.01182 2.7996 0.005504 1.2898 2.233e-13
177f:l4f 5.5625 4.451e-70 Inf 7.396e-07 15.0357 6.319e-06 57.0189 1.707e-16 2.1027 4.196e-130
177f:l5f 2.1896 8.4e-14 Inf 0.0001554 15.0357 6.319e-06 10.6843 3.596e-06 1.4257 2.161e-37
177f:r10f 1.2094 0.3798 1 1 1.041 0.06024 1.1039 0.00355
177f:r4f 1.237 0.1658 0.9888 0.5413 1.0903 0.05976
177f:r5f 1.1541 0.2833 0.322 1 1.7052 1 2.0469 0.1739 0.9181 0.0003944
177f:r8f 1.091 0.5778 1 1 1.0085 0.6525 1.383 0.1065
177f:r9f 1.3793 0.03708 2.07 1 1.0552 0.003469 1.0552 0.003469
181m:187m Inf 0 Inf 0.3333 Inf 3.327e-09 4503599627370496 0 129.1732 0
181m:4370m 1.0922 0.6337 1 1 1.1085 0.01219
181m:4373m 0.6521 0.01131 0.7559 0.3539 0.8946 1.816e-05
181m:49m 0.4069 9.006e-08 0.8472 4.003e-18 0.785 6.508e-23
181m:52m 1.4787 0.0215 1.0325 0.09517 1.2188 0.0008733
181m:97m 1.3436 0.08528 Inf 0.3333 1.0252 0.2 1.0756 0.02715
181m:a13m 2.4665 5.385e-10 10.9072 0.2063 2.538 5.066e-06 1.4324 3.429e-27
181m:a1m 1.3115 0.08378 1.0306 0.1205 1.0612 0.0759
181m:a21m 1.7031 0.0008326 Inf 0.3333 1.0461 0.01856 1.2488 2.745e-06
181m:a22m 1.5411 0.002586 3.5289 0.5671 1.1051 1.678e-07 1.3081 1.361e-13
181m:a27m 4.6411 2.84e-08 0.322 1 3.398 5.171e-10 2.4085 5.277e-52
181m:a28m 96.6983 5.91e-53 2.07 1 2.2882 1.729e-196 3.1394 4.534e-248
181m:a29m 2.4295 1.927e-10 6.4083 0.4857 1.117 7.442e-09 1.4258 3.823e-17
181m:a30m 0.1537 3.168e-41 0.708 5.229e-73 0.542 1.273e-109
181m:a7m 0.6984 0.03779 3.6796 0.3469 0.7431 0.0005692
181m:a8m 5.0485 2.628e-40 1 1 2.1582 0.6563 1.7052 1 1.8817 6.754e-100
181m:a9m 2.3496 6.246e-08 Inf 0.1 1.1572 2.587e-13 1.3577 1.146e-15
181m:ADr1um 0.8791 0.4982 0.8983 0.02056 0.8247 0.0005465
181m:bm1m 0.8425 0.3296 Inf 1 0.9919 0.6789 0.5505 0.003853
181m:bm2m 1.3456 0.09261 0.9963 0.8549 0.5771 0.06844
181m:bm4m 1.1594 0.4386 1.0089 0.6509 0.3509 0.006819
181m:bm5m 1.1777 0.3202 0.322 1 1.0142 0.4702 6.9839 0.02684
181m:bm6m 0.9096 0.6213 0.9985 0.9463 10.9072 0.2063
181m:bm7m 1.288 0.1306 1.0106 0.5898 2.8192 0.05507
181m:bm8m 0.9061 0.5824 0.9851 0.4412 1.7686 0.1857
181m:ch1m 0.9232 0.6831 0.9821 0.3498 0.9639 0.1195
181m:ch4m 0.7321 0.06374 0.9557 0.01798 0.9218 0.0008591
181m:ch5m 0.8365 0.3198 Inf 1 0.964 0.05609 0.9527 0.01704
181m:ch6m 1.0283 0.9334 Inf 1 0.9707 0.1219 0.9498 0.03035
181m:l1m 0.1417 5.113e-85 0.1208 0.01211 0.0927 6.66e-34 0.3405 1.575e-203
181m:l2m 1.0612 0.6456 1 1 1.4895 0.05139 1.1115 0.0001041
181m:l3m 1.1586 0.2027 1 1 1.3605 0.04528 1.2162 2.246e-07
181m:l4m 8.1574 2.761e-93 Inf 0.3333 20.443 0.003329 11.5252 9.24e-45 2.4979 8.157e-219
181m:l5m 2.2084 8.49e-11 3.5289 0.5671 2.4955 2.632e-10 1.5022 4.195e-40
181m:r10m 1.4438 0.07672 Inf 1 1.0573 0.009406 1.0757 0.0017
181m:r4m 1.5151 0.009917 1.0288 0.1395 3.8769 0.04222
181m:r5m 1.097 0.4737 1 1 1.2832 0.3816 1.1033 0.0002488
181m:r8m 1.3936 0.02559 1 1 1.0742 0.00019 1.0753 0.0001775
181m:r9m 1.1978 0.2964 0.322 1 1.0119 0.5409 1.6322 0.05476
183f:189f Inf 0 Inf 4.985e-08 Inf 7.348e-23 4503599627370496 0 407.5448 0
183f:4371f 1.3629 0.04896 1 1 1.4162 1 1.105 1.406e-06
183f:4374f 0.6105 0.001293 0.322 1 0.863 5.263e-05
183f:48f 0.3861 4.432e-11 3.1058 1 0.8291 8.794e-25 0.6816 9.414e-35
183f:51f 1.423 0.01747 0.322 1 1.0329 0.07742 1.18 3.656e-05
183f:96f 1.1287 0.4836 1 1 1.0245 0.1916 1.1574 0.002314
183f:99f 0.4224 1.062e-07 Inf 0.3333 0.8709 6.106e-14 0.8268 1.874e-18
183f:a13f 2.2774 3.041e-08 Inf 0.02857 31.6066 0.0101 1.1454 3.237e-13 1.2483 8.573e-18
183f:a1f 1.4348 0.007968 0.2834 0.5671 1.0803 3.238e-05 1.199 1.665e-10
183f:a21f 1.5221 0.002982 0.2834 0.5671 1.0803 2.297e-05 1.1449 2.189e-08
183f:a22f 2.4352 4.952e-12 Inf 0.002165 1.1685 1.275e-17 1.2519 2.795e-26
183f:a27f 10.4522 1.095e-18 Inf 0.007937 16.4221 0.0001398 2.3027 1.767e-73
183f:a28f 45.1923 3.211e-103 Inf 0.0001554 121.768 2.914e-06 2.0607 2.47e-270 2.3905 0
183f:a29f 2.6986 2.135e-15 3.1058 1 1.1403 8.408e-13 1.4085 4.657e-22
183f:a30f 0.2518 1.4e-27 0.5627 6.717e-59 0.6378 1.453e-67
183f:a7f 0.9761 0.938 0.6569 0.05833
183f:a8f 9.428 1.726e-79 Inf 1.083e-05 50.8175 2.769e-08 72.4309 1.572e-13 2.7739 8.399e-137
183f:a9f 1.5197 0.006057 1 1 1.0731 0.00028 1.2926 4.988e-07
183f:ADr1uf 0.8387 0.3026 1 1
183f:bm1f 0.9331 0.7039 0.9598 0.02747 0.9524 0.01553
183f:bm2f 1.18 0.3173 Inf 1 1 1 1.0069 0.7179 0.4971 0.02672
183f:bm4f 1.012 1 0.2834 0.5671 1.0078 0.6836 1.2501 0.03689
183f:bm5f 0.8578 0.3167 2.07 1 0.9803 0.2867 0.0977 0.05668
183f:bm6f 1.0439 0.8259 23.4961 0.02914 Inf 0.007937
183f:bm7f 0.8866 0.4592 3.1058 1 0.9792 0.7846 2.3994 0.003966
183f:bm8f 1.135 0.4478 1 1 0.9649 0.05515 0.9545 0.02813
183f:ch1f 1.0118 1 0.9864 0.459 0.9299 0.02917
183f:ch4f 1.2039 0.2706 Inf 1 1.0005 0.9854 1.0446 0.05931
183f:ch5f 1 1 0.0917 0.2063 0.9857 0.4368 2.351 0.02327
183f:ch6f 0.8103 0.1936 Inf 1 3.1058 1 0.9506 0.005767 0.9479 0.004286
183f:l1f 0.0441 4.337e-227 0.0065 3.215e-12 0.0062 5.893e-23 0.4416 0
183f:l2f 3.8876 1.112e-37 Inf 1.083e-05 79.8643 5.118e-08 50.4481 1.537e-10 1.6979 2.022e-91
183f:l3f 2.3008 2.155e-16 Inf 1.083e-05 57.8526 1.675e-06 16.233 4.546e-08 1.5836 1.847e-46
183f:l4f 24.5885 6.263e-219 Inf 1.923e-07 154.6997 3.215e-12 395.0626 5.101e-67 2.0644 0
183f:l5f 5.6387 2.369e-60 Inf 7.396e-07 95.9551 4.76e-09 137.2652 5.382e-16 2.3788 1.807e-139
183f:r10f 1.2178 0.3436 1.0559 0.01042 1.1318 1.996e-05
183f:r4f 1.4286 0.01524 Inf 0.3333 Inf 0.3333 1.0431 0.02117 1.3912 3.926e-07
183f:r5f 0.9058 0.4589 0.2834 0.5671 0.9713 0.1238 0.9507 0.04421
183f:r8f 1.0993 0.5356 1.0487 0.009819 1.0577 0.006318
183f:r9f 1.2551 0.152 Inf 0.02857 1.0145 0.4362 1.0952 0.03042
187m:4370m 0.8963 0.5624 3.1058 1 0.6302 0.3885 0.1208 0.01211
187m:4373m 0.9501 0.8102 0.9965 0.8618 1.3789 0.07269
187m:49m 0.6386 0.008363 1 1 0.921 2.191e-05 0.8547 1.866e-09
187m:97m 0.7156 0.04957 0.959 0.03268 0.7322 0.001344
187m:a13m 1.8488 3.434e-05 1.597 3.139e-06 1.4097 5.339e-14
187m:a1m 1.0709 0.7055 1.0298 0.1351 1.0603 0.02485
187m:a21m 2.4294 1.409e-08 3.1058 1 1.0901 8.639e-06 1.4423 1.203e-12
187m:a22m 1.0701 0.6763 Inf 1 0.2834 0.5671 1.066 0.0009801 1.0708 0.0005194
187m:a27m 2.7178 0.0001918 1.9322 0.3868 1.3453 1.3e-07
187m:a28m 5.4442 1.101e-09 1.3917 2.028e-33 1.6255 1.411e-41
187m:a29m 1.4419 0.01026 1 1 1.0476 0.01677 1.2814 3.154e-08
187m:a30m 0.3224 2.595e-16 0.7666 7.394e-43 0.6326 1.12e-60
187m:a7m 1.0258 0.9364 1.6487 0.1121 Inf 0.002165
187m:a8m 2.3188 1.211e-11 0.4831 1 6.2896 1.455e-05 1.4884 1.492e-20
187m:a9m 1.5999 0.003201 Inf 1 1.069 0.0009369 1.1562 2.048e-05
187m:ADr1um 0.9577 0.8651 0.9925 0.9654 0.9212 0.008856
187m:bm1m 0.8091 0.2392 Inf 0.3333 0.9768 0.2339 0.5728 0.02498
187m:bm2m 1.0547 0.8065 0.9783 0.266 1.6235 0.02757
187m:bm4m 0.7989 0.2256 1.0294 0.1407 1.0558 0.03651
187m:bm5m 1 1 0.9992 0.9767 Inf 0.02857
187m:bm6m 0.8742 0.4342 0.9667 0.08418 0.9464 0.02479
187m:bm7m 0.9171 0.6369 0.9517 0.01151 0.9369 0.002526
187m:bm8m 1.1108 0.5702 Inf 0.3333 0.9559 0.0213 0.9278 0.002706
187m:ch1m 0.883 0.5058 1.0064 0.7494 1.0423 0.1724
187m:ch4m 0.613 0.004495 0.9765 0.2227 0.9461 0.03098
187m:ch5m 0.9855 1 0.9923 0.6983 0.9294 0.05334
187m:ch6m 0.8267 0.2836 Inf 1 1.0138 0.4856 0.9176 0.1896
187m:l1m 0.3468 2.04e-26 1 1 0.1561 0.08611 0.2257 3.271e-09 0.5473 2.757e-48
187m:l2m 1.3621 0.00836 Inf 0.3333 5.3771 0.2861 1.1551 0.5832 1.3123 4.934e-08
187m:l3m 1.3737 0.004844 Inf 0.3333 5.3771 0.2861 1.2704 0.2493 1.2125 1.556e-11
187m:l4m 3.9963 1.696e-41 3.1058 1 6.4069 0.08611 15.4148 2.222e-09 1.8292 2.838e-81
187m:l5m 1.8239 1.337e-06 Inf 0.3333 10.9072 0.2063 1.5239 1 1.3831 1.325e-23
187m:r10m 1.4806 0.0598 1.0767 0.0005962 1.1334 8.687e-06
187m:r4m 1.3929 0.04593 1.04 0.04337 1.04 0.04337
187m:r5m 1.4513 0.002795 1 1 3.6796 0.3469 1.2095 4.567e-06
187m:r8m 1.3948 0.02797 1.0244 0.218 1.1829 0.005976
187m:r9m 0.7197 0.05688 0.9896 0.5943 0.9392 0.04767
189f:4371f 0.9113 0.5936 1 1 3.1058 1 3.5289 0.5671 0.9322 0.03698
189f:4374f 0.7182 0.02839 0.0917 0.2063 0.7569 0.02509 0.6956 5.345e-05
189f:48f 0.6974 0.01472 6.4083 0.4857 0.9272 3.386e-05 0.8269 2.231e-11
189f:51f 1.3429 0.05007 1.0377 0.04262 1.0699 0.01857
189f:96f 0.7988 0.1544 1 1 0.9694 0.09378 0.9694 0.09378
189f:99f 0.8248 0.2443 1.0054 0.7754 1.0996 0.1093
189f:a13f 1.8974 1.204e-05 Inf 0.007937 Inf 0.0001554 1.0918 2.318e-06 1.2466 4.749e-10
189f:a1f 1.158 0.3097 0.2834 0.5671 1.0372 0.05025 1.1377 0.000258
189f:a21f 1.4737 0.007391 1 1 1.0299 0.1076 1.1739 1.99e-06
189f:a22f 1.5158 0.001131 3.5289 0.5671 1.0823 1.4e-05 1.1171 6.003e-07
189f:a27f 3.6252 8.999e-07 3.1058 1 1 1 1.6343 6.588e-11 2.0745 2.57e-20
189f:a28f 7.1257 4.911e-31 Inf 1.083e-05 Inf 4.985e-08 1.4153 1.937e-64 1.7104 2.833e-83
189f:a29f 1.5737 0.0006766 0.4831 1 1.0678 0.0003533 1.2286 3.145e-09
189f:a30f 0.4885 1.765e-08 2.07 1 0.8732 1.026e-13 0.7909 1.669e-20
189f:a7f 0.9274 0.6917 1 1 1.1264 0.04123
189f:a8f 4.033 2.18e-33 Inf 4.985e-08 95.9551 4.76e-09 18.6243 4.844e-11 1.7066 4.627e-47
189f:a9f 1.2356 0.1791 0.322 1 1.0365 0.06631 1.3421 0.003783
189f:ADr1uf 0.8329 0.2933 0.322 1 1 1 1.003 0.8762 0.9612 0.1333
189f:bm1f 0.9299 0.6971 Inf 0.3333 0.4831 1 0.969 0.09162 0.906 0.003775
189f:bm2f 0.8999 0.5401 1.0131 0.487 1.0616 0.01309
189f:bm4f 0.905 0.58 0.322 1 1.0012 0.9557 1.159 0.1079
189f:bm5f 1.0641 0.7189 1 1 3.5289 0.5671 0.9997 0.9926 0.1012 0.01693
189f:bm6f 1.0907 0.6059 0.322 1 1.0114 0.5469 0.8318 0.03546
189f:bm7f 1.1459 0.407 1 1 1 1 1.005 0.7952 1.2048 0.1344
189f:bm8f 1.0834 0.6497 1 1 0.9725 0.1356 0.9517 0.02924
189f:ch1f 0.874 0.4097 0.9795 0.2614 0.9133 0.01637
189f:ch4f 1.2819 0.1342 0.322 1 0.9765 0.1952 0.6732 0.07459
189f:ch5f 0.9752 0.9368 0.9782 0.2309 0.9032 0.01037
189f:ch6f 1.0338 0.8817 Inf 1 1 1 0.9727 0.1318 6.7501 0.006004
189f:l1f 0.1161 1.531e-111 0.0013 1.569e-18 0.0101 4.064e-24 0.4165 2.622e-187
189f:l2f 3.3672 1.002e-30 139.441 8.551e-07 64.7688 8.991e-10 19.8561 4.48e-22 1.5404 1.323e-46
189f:l3f 2.3626 1.623e-17 Inf 1.923e-07 27.3031 9.291e-07 7.5722 5.728e-14 1.486 1.203e-32
189f:l4f 12.3959 2.667e-140 Inf 1.451e-11 254.7528 1.438e-16 276.2037 1.109e-24 2.3129 1.416e-225
189f:l5f 4.283 7.212e-44 Inf 8.57e-10 554.8741 4.134e-15 21.1832 2.418e-34 2.3689 2.354e-84
189f:r10f 1.0739 0.7769 1.0389 0.07337 1.0823 0.001942
189f:r4f 0.9285 0.6621 Inf 1 Inf 0.3333 1.0073 0.6955 1.0658 0.05877
189f:r5f 0.9157 0.5267 1 1 0.2834 0.5671 0.9704 0.1122 0.963 0.05334
189f:r8f 1.2416 0.1312 1.0223 0.2326 1.0276 0.1693
189f:r9f 1.1639 0.3192 3.1058 1 1 1 0.9936 0.7346 0.725 0.1633
4370m:4373m 0.0439 3.643e-137 0.1825 0 0.4947 0
4370m:49m 1.2453 0.1843 3.1058 1 1.0084 0.6511 1.1033 0.1606
4370m:52m 1.0345 0.8804 0.9902 0.5935 0.8536 0.1363
4370m:97m 0.8928 0.5252 0.9924 0.689 2.9815 0.1308
4370m:a13m 1.0543 0.6871 3.1058 1 0.5864 1 3.5289 0.5671 0.9223 0.003408
4370m:a1m 0.9714 0.8567 3.1058 1 1.0024 0.8974 0.7099 0.02333
4370m:a21m 0.7572 0.01693 0.9593 0.01268 0.9416 0.001941
4370m:a22m 0.8344 0.105 3.5289 0.5671 0.9784 0.1923 0.932 0.003197
4370m:a27m 0.9163 0.6693 1.0078 0.7854 0.9286 0.004768
4370m:a28m 0.9717 0.9324 2.07 1 0.9831 0.3651 1.0795 0.1236
4370m:a29m 1.1043 0.3873 Inf 0.3333 2.07 1 0.9751 0.1364 0.9711 0.09543
4370m:a30m 0.9026 0.3958 0.322 1 1.0347 0.04188 1.0684 0.001367
4370m:a7m 0.8921 0.4062 0.322 1 0.9711 0.08842 0.9337 0.03997
4370m:a8m 0.7507 0.006322 1 1 1 1 0.5864 1 0.6005 0.0006198
4370m:a9m 0.8732 0.3121 Inf 1 0.9798 0.2603 0.9356 0.006311
4370m:ADr1um 0.944 0.7 1 1 0.7574 0.4459 0.5269 0.01133
4370m:bm1m 1.149 0.2908 Inf 1 2.07 1 0.9972 0.8776 1.0993 0.04488
4370m:bm2m 0.9843 0.9499 1.0102 0.5608 1.0889 0.004046
4370m:bm4m 0.9607 0.8001 0.0917 0.2063 0.9943 0.7451 0.9511 0.02331
4370m:bm5m 0.8062 0.09399 1 1 0.9525 0.00451 0.8762 0.002033
4370m:bm6m 1.0145 0.9521 1 1 1.0158 0.5907 0.0893 0.002216
4370m:bm7m 0.9294 0.586 1 1 1.0147 0.5048 0.8582 0.04829
4370m:bm8m 0.9564 0.7605 1 1 0.9744 0.1322 0.9684 0.08062
4370m:ch1m 1.2606 0.07682 1.0061 0.728 1.4787 0.0215
4370m:ch4m 0.9922 1 0.994 0.7283 1.115 0.2011
4370m:ch5m 0.75 0.0346 0.992 0.6404 0.8886 0.09223
4370m:ch6m 1.0495 0.7509 1 1 3.1058 1 1.0279 0.1071 1.7753 0.005384
4370m:l1m 0.8145 0.0156 2.07 1 1 1 0.5319 0.1337 0.0954 0.0002321
4370m:l2m 1.0643 0.5396 3.5289 0.5671 3.6796 0.3469 1.3395 0.2244 3.2219 3.071e-05
4370m:l3m 1.0432 0.679 10.9072 0.2063 13.2504 0.02301 1.7432 0.0007441 6.4425 5.043e-06
4370m:l4m 1.2009 0.03803 1 1 2.1582 0.6563 2.5778 0.2167 1.0968 3.34e-07
4370m:l5m 1.0846 0.4498 Inf 0.1 7.6136 0.1319 1.065 1 1.0882 0.002407
4370m:r10m 0.8907 0.5513 0.322 1 0.156 0.4857 0.9948 0.8017 0.084 0.007028
4370m:r4m 1.0151 0.9512 6.4083 0.4857 1.0142 0.4079 0.8064 0.1754
4370m:r5m 0.8283 0.08238 0.156 0.4857 0.9854 0.5607 0.881 4.946e-05
4370m:r8m 0.875 0.2594 3.1058 1 0.4831 1 0.9778 0.1932
4370m:r9m 0.9084 0.4656 1 1 2.07 1 0.9824 0.2966 0.9708 0.1586
4371f:4374f 0.0247 1.732e-191 0.0147 8.027e-50 0.44 0
4371f:48f 0.9217 0.6171 1 1 0.9904 0.6029 1.0937 0.107
4371f:51f 0.8837 0.4297 1 1 0.9891 0.5531 0.9848 0.412
4371f:96f 0.9358 0.7444 0.9783 0.2402 1.2505 0.03925
4371f:99f 1.2053 0.2691 0.322 1 1.0272 0.1493 1.0784 0.00697
4371f:a13f 0.9781 0.9032 Inf 0.3333 Inf 0.3333 1.0064 0.7148 1.0986 0.08519
4371f:a1f 1.1899 0.1482 3.1058 1 3.1058 1 1.0128 0.4678 1.0454 0.08571
4371f:a21f 1.1192 0.3734 1 1 0.9715 0.08571 0.9608 0.02578
4371f:a22f 0.8973 0.3363 1 1 1.7052 1 0.9895 0.5349 0.9632 0.242
4371f:a27f 0.9548 0.8605 1 1 Inf 1 0.86 0.001973
4371f:a28f 0.9061 0.5824 0.986 0.45 0.8678 0.05716
4371f:a29f 0.7792 0.01912 0.2834 0.5671 0.9666 0.06019 0.9386 0.005621
4371f:a30f 1.0863 0.4795 1 1 1.1331 0.3485 0.3833 0.0489
4371f:a7f 0.8921 0.4062 0.9004 0.04733 0.7886 0.0008898
4371f:a8f 0.8836 0.2537 3.1058 1 1.2416 0.4551 0.8854 0.000554
4371f:a9f 0.9604 0.7993 Inf 1 Inf 0.3333 0.9961 0.8354 1.0785 0.05427
4371f:ADr1uf 0.9068 0.4822 0.9967 0.8627 0.8661 0.01097
4371f:bm1f 1.1062 0.4546 Inf 0.3333 0.9927 0.679 0.9051 0.01761
4371f:bm2f 1.2289 0.1232 0.4831 1 1.0117 0.5068 1.0734 0.08637
4371f:bm4f 1.2788 0.06332 0.9966 0.8496 1.1843 0.04613
4371f:bm5f 1.0224 0.9032 1 1 1.0076 0.6665 1.3605 0.04961
4371f:bm6f 0.9924 1 0.322 1 1.0058 0.7432 1.095 0.02612
4371f:bm7f 0.9423 0.6695 0.9966 0.8496 0.1926 0.02564
4371f:bm8f 1.2098 0.1473 0.9938 0.7238 1.522 0.02467
4371f:ch1f 0.8279 0.1585 Inf 1 Inf 0.3333 1.0242 0.1656 2.5254 0.00505
4371f:ch4f 1.1231 0.4024 0.9997 0.9932 1.0405 0.2753
4371f:ch5f 0.8614 0.2592 0.322 1 0.9705 0.08211 0.949 0.01594
4371f:ch6f 1.0159 0.9499 1.0006 0.9795 1.2286 0.03327
4371f:l1f 0.9506 0.5801 0.5864 1 0.5864 1 0.8828 0.01724
4371f:l2f 1.1493 0.1552 3.5289 0.5671 3.7578 0.2203 2.2128 0.2578 1.0896 0.001639
4371f:l3f 1.0796 0.433 Inf 0.007937 6.4069 0.08611 2.219 0.1964 Inf 0.0001554
4371f:l4f 1.4337 4.719e-05 2.07 1 7.6136 0.1319 3.6796 0.3469 1.222 1.042e-06
4371f:l5f 1.218 0.03943 Inf 0.007937 16.649 0.008922 Inf 0.007937 Inf 0.0001554
4371f:r10f 0.9845 1 0.9988 0.9594 0.9282 0.1197
4371f:r4f 0.8532 0.207 1 1 1.016 0.3565 0.4538 0.3431
4371f:r5f 1.0122 0.956 2.07 1 0.9068 0.2589 0.8874 0.01038
4371f:r8f 0.9791 0.9056 Inf 1 Inf 0.3333 1.022 0.2111 1.152 0.002832
4371f:r9f 1.0701 0.6235 Inf 1 3.1058 1 1.0127 0.4613 1.077 0.09105
4373m:49m 0.9431 0.7594 1.018 0.3284 0.2997 0.1128
4373m:52m 0.9315 0.7006 0.9781 0.2252 0.9077 0.05505
4373m:97m 1.0726 0.7022 6.4083 0.4857 1.001 0.9629 0.1208 0.01211
4373m:a13m 0.9937 1 0.9672 0.2977 0.9341 0.009368
4373m:a1m 1.0721 0.5953 3.1058 1 0.9859 0.4143 0.9606 0.1938
4373m:a21m 0.9083 0.446 1 1 0.9621 0.02049 0.6325 0.002805
4373m:a22m 0.9824 0.9133 1.0093 0.5829 1.0743 0.01737
4373m:a27m 1.0287 0.9329 Inf 1 0.9817 0.3416 0.8939 0.01383
4373m:a28m 0.6299 0.009624 Inf 0.3333 0.9219 1.439e-05 0.8003 7.607e-10
4373m:a29m 1.0232 0.8722 1.0135 0.4293 3.7578 0.2203
4373m:a30m 0.9068 0.4068 1 1 0.9647 0.03195 0.9354 0.001493
4373m:a7m 1.1749 0.2153 Inf 0.3333 1.0034 0.8507 1.2067 0.006791
4373m:a8m 0.8604 0.1465 0.7755 0.4659 0.8513 1.102e-06
4373m:a9m 0.8004 0.08272 3.1058 1 0.9782 0.2247 0.9577 0.03369
4373m:ADr1um 0.9305 0.6385 0.9766 0.1623 0.672 0.02885
4373m:bm1m 0.8953 0.4138 1.0102 0.56 1.1133 0.03595
4373m:bm2m 0.9688 0.8501 0.9977 0.8977 11.905 0.007028
4373m:bm4m 1.0683 0.6527 1.0178 0.3077 1.0387 0.152
4373m:bm5m 0.789 0.05138 1.022 0.2077 1.8826 0.07401
4373m:bm6m 1.0145 0.9521 0.9936 0.7125 0.9596 0.1189
4373m:bm7m 0.8855 0.3386 Inf 0.3333 0.9772 0.1812
4373m:bm8m 0.9618 0.8028 0.9963 0.837 1.0853 0.07208
4373m:ch1m 1.2801 0.06278 0.9576 0.01092 0.9576 0.01092
4373m:ch4m 0.9361 0.6527 3.1058 1 1.0188 0.2747 1.0678 0.06344
4373m:ch5m 0.8904 0.4024 3.1058 1 1.0046 0.7923 1.0489 0.2791
4373m:ch6m 1.1376 0.3408 1 1 1.037 0.03305 1.0576 0.009092
4373m:l1m 1.3595 0.0002581 3.5289 0.5671 1.866 0.05233 1.3673 1.259e-05
4373m:l2m 0.9735 0.8131 0.2834 0.5671 1 1 0.1056 0.0005435
4373m:l3m 0.9833 0.8906 3.1058 1 0.6562 1 0.5175 0.3868 0.9125 0.002139
4373m:l4m 0.7733 0.003111 0.322 1 0.5864 1 0.7956 1 0.8446 4.388e-12
4373m:l5m 0.8768 0.1994 0.0917 0.2063 0.7869 0.2713 0.8965 9.476e-05
4373m:r10m 0.829 0.3079 0.9601 0.04412 0.9601 0.04412
4373m:r4m 1.1382 0.3234 0.998 0.9125 1.0988 0.2591
4373m:r5m 0.9671 0.7919 0.322 1 0.8111 0.6266 0.9449 0.01671
4373m:r8m 0.8894 0.3319 0.9771 0.1787 0.9104 0.05269
4373m:r9m 0.799 0.08154 Inf 1 0.9636 0.02816 0.9555 0.009823
4374f:48f 1.0823 0.6224 0.9947 0.7785 0.9606 0.102
4374f:51f 1.133 0.4273 0.9863 0.4514 4.6446 0.003804
4374f:96f 0.8764 0.4384 1.012 0.5246 0.6545 0.06504
4374f:99f 1.3097 0.09195 0.9992 0.9706 1.0539 0.1423
4374f:a13f 1.1535 0.2562 0.9936 0.71 2.2985 0.04063
4374f:a1f 1.0393 0.7768 1 1 0.9891 0.5297 1.5278 0.06504
4374f:a21f 0.8667 0.243 0.322 1 1.0036 0.8351 0.7373 0.03875
4374f:a22f 0.8771 0.2293 1 1 0.9876 0.4585 1.7952 0.07174
4374f:a27f 0.8888 0.5171 0.6254 0.2298 1.0952 0.0167
4374f:a28f 0.7764 0.1306 0.968 0.07903 0.8899 0.007164
4374f:a29f 0.9402 0.5964 Inf 0.3333 0.9984 0.9328 1.0338 0.126
4374f:a30f 0.9551 0.7075 0.6562 1 0.9382 0.007925
4374f:a7f 1.3102 0.04399 Inf 1 1.0309 0.07729 1.0565 0.03209
4374f:a8f 1.0644 0.5746 1 1 1 1 0.8486 0.3626 0.2045 0.01182
4374f:a9f 1.1231 0.4024 0.9921 0.6654 0.9344 0.04443
4374f:ADr1uf 0.9519 0.7484 0.883 0.2031 13.2504 0.02301
4374f:bm1f 1.1189 0.41 0.9975 0.8908 1.0867 0.07939
4374f:bm2f 0.9241 0.5715 0.987 0.4501 0.8969 0.006726
4374f:bm4f 1.1431 0.3 1.0047 0.7902 1.1386 0.06116
4374f:bm5f 1.1656 0.2151 Inf 0.3333 1.0289 0.09935
4374f:bm6f 1.0901 0.5094 0.9708 0.08604 1.4443 0.0009931
4374f:bm7f 1.022 0.9041 0.9889 0.5197 1.3684 0.005107
4374f:bm8f 0.8089 0.09652 0.9826 0.3111 0.961 0.1149
4374f:ch1f 0.9551 0.757 Inf 0.3333 0.9761 0.1577 0.9375 0.005366
4374f:ch4f 0.9211 0.5637 1.0014 0.939 0.7871 0.01652
4374f:ch5f 0.8953 0.4138 0.9762 0.1596 0.9236 0.006558
4374f:ch6f 0.8575 0.2387 0.9602 0.01758 0.9307 0.001348
4374f:l1f 1.2271 0.01666 Inf 0.02857 2.9027 0.3949 1.434 0.0005644
4374f:l2f 0.9145 0.356 0.2834 0.5671 0.4566 0.02374 0.8831 0.0001157
4374f:l3f 0.8167 0.02746 0.186 0.2861 0.7268 0.3222 0.8611 6.274e-06
4374f:l4f 0.7636 0.001472 0.5848 0.04445 0.8321 7.338e-09
4374f:l5f 0.7644 0.004206 0.156 0.4857 0.458 0.003406 0.31 2.719e-06
4374f:r10f 0.8533 0.3955 0.9907 0.6544 0.9412 0.08791
4374f:r4f 0.9856 0.9519 1.0292 0.09136 1.0292 0.09136
4374f:r5f 1.2179 0.09067 1.018 0.3242 0.0601 0.008922
4374f:r8f 0.8744 0.271 0.9849 0.3815 0.9677 0.1829
4374f:r9f 0.9929 1 1.0316 0.06702 1.0401 0.0283
48f:51f 0.0068 2.985e-235 0.371 0 0.371 0
48f:96f 1.2751 0.1185 1.0462 0.01426 1.1729 6.794e-05
48f:99f 1.1576 0.3678 1.0235 0.2088 1.0558 0.05119
48f:a13f 0.3132 2.676e-16 0.8114 2.496e-30 0.7236 7.2e-41
48f:a1f 0.3146 1.246e-18 0.7974 6.353e-35 0.729 1.242e-43
48f:a21f 0.6352 0.0009697 0.9044 2.043e-08 0.8141 1.006e-09
48f:a22f 0.5153 2.527e-08 1 1 0.5113 2.778e-07 0.7871 3.47e-16
48f:a27f 0.4809 0.01025 0.7479 0.0262 0.7232 2.411e-09
48f:a28f 0.6179 0.006302 0.9429 0.004164 0.8818 7.309e-05
48f:a29f 0.1472 5.415e-61 0.7126 1.017e-77 0.5377 2.663e-115
48f:a30f 101.1952 3.066e-272 Inf 0.3333 Inf 1.083e-05 756.1815 2.005e-72 2.3934 0
48f:a7f 1.1614 0.3418 Inf 1 1.0093 0.728 1.179 0.003587
48f:a8f 0.2986 8.833e-26 0.4831 1 0.2002 9.188e-13 0.5043 1.882e-63
48f:a9f 0.2885 1.213e-16 0.8217 3.247e-24 0.7672 1.037e-33
48f:ADr1uf 1.284 0.09687 3.1058 1 1.0531 0.004413 1.1607 0.0002927
48f:bm1f 0.7572 0.06745 1.0049 0.7977 0.9305 0.03755
48f:bm2f 0.8578 0.3167 3.1058 1 0.9784 0.2376 0.6117 0.08487
48f:bm4f 0.7681 0.08119 3.1058 1 0.9972 0.8836 0.8516 0.005015
48f:bm5f 0.8823 0.4048 1.0174 0.3859 1.08 0.007141
48f:bm6f 0.9812 0.9451 1.0387 0.8054 0.0893 0.002216
48f:bm7f 1 1 1.047 0.1296 0.5545 0.002515
48f:bm8f 0.9239 0.6224 0.8742 0.1195 0.9437 0.002864
48f:ch1f 1.7253 0.0001684 1.0901 1.902e-06 1.1314 2.942e-07
48f:ch4f 1.1632 0.3392 Inf 0.3333 1.0577 0.001948 1.0993 0.0002868
48f:ch5f 1.569 0.002692 1.0527 0.004719 1.1861 6.168e-09
48f:ch6f 1.2213 0.1791 1.0527 0.004642 1.2027 1.37e-09
48f:l1f 4.7511 3.842e-62 Inf 0.02857 8.1149 4.774e-24 2.1571 2.079e-123
48f:l2f 0.5561 7.398e-08 0.4318 2.255e-05 0.6657 2.171e-16
48f:l3f 0.688 0.0003295 1 1 0.5737 0.0007441 0.5683 1.607e-05
48f:l4f 0.2243 3.603e-55 0.1693 2.154e-47 0.4178 1.418e-141
48f:l5f 0.4478 6.24e-14 0.2791 2.055e-08 0.574 2.324e-34
48f:r10f 0.568 0.001428 0.8944 1.472e-07 0.7557 2.082e-12
48f:r4f 0.4685 2.679e-08 0.8348 9.514e-24 0.7567 8.177e-27
48f:r5f 0.8605 0.2316 Inf 1 1 1 0.7793 0.3816 0.7967 0.003299
48f:r8f 0.7822 0.0737 0.9682 0.07678 0.7425 0.001352
48f:r9f 0.9455 0.7325 Inf 1 0.9688 0.08198 0.9685 0.07965
49m:52m 0.0065 1.923e-211 0.358 0 0.358 0
49m:97m 1.2341 0.2237 1.0792 4.577e-05 1.1011 4.49e-06
49m:a13m 0.5304 4.935e-06 0.6087 0.07166 0.8032 8.074e-16
49m:a1m 0.95 0.7743 0.95 0.00537 0.9158 0.0002229
49m:a21m 1.0308 0.8868 1.009 0.6224 1.06 0.02429
49m:a22m 0.7221 0.01286 0.9627 0.03469 0.9084 0.01984
49m:a27m 0.5771 0.06844 0.8435 1 0.701 6.419e-05
49m:a28m 0.5254 0.05902 0.9172 0.001623 0.9079 0.0009057
49m:a29m 0.5009 7.546e-08 0.892 2.932e-10 0.8269 3.916e-14
49m:a30m 16.7701 3.087e-105 Inf 0.3333 1.6599 2.323e-173 2.1047 3.589e-216
49m:a7m 1.1181 0.5012 1.0416 0.8303 20.443 0.003329
49m:a8m 0.4308 2.636e-12 0.3087 7.359e-05 0.7344 6.85e-31
49m:a9m 0.3575 3.523e-12 0.8568 1.487e-15 0.8114 8.82e-21
49m:ADr1um 1.2026 0.2721 1.0216 0.242 1.1467 0.00169
49m:bm1m 0.7836 0.1378 0.9787 0.2444 0.9586 0.05799
49m:bm2m 0.8474 0.3173 0.998 0.9197 1.408 0.05773
49m:bm4m 1.3894 0.03499 1.013 0.4861 1.1505 0.09387
49m:bm5m 0.9017 0.5171 0.993 0.7071
49m:bm6m 0.9786 0.9414 Inf 1 1.0198 0.3582 1.386 0.1296
49m:bm7m 0.8267 0.2162 Inf 1 0.3227 0.2568 1.0651 0.03494
49m:bm8m 0.9168 0.6059 0.9858 0.4414 0.9586 0.1068
49m:ch1m 1.1496 0.4016 1.0175 0.3423 1.0883 0.001441
49m:ch4m 1.539 0.004211 1.0261 0.1561 1.2663 0.001191
49m:ch5m 1.1342 0.4491 1.0343 0.0642 1.0573 0.01097
49m:ch6m 1.6111 0.002299 1.0222 0.2283 1.3214 0.0001218
49m:l1m 2.0286 3.693e-13 Inf 1 2.2844 6.548e-09 1.5047 3.443e-39
49m:l2m 0.8304 0.1004 0.6408 0.04505 0.2761 0.000502
49m:l3m 0.7825 0.02321 Inf 1 0.9316 0.4237 0.7801 3.266e-05
49m:l4m 0.4643 3.218e-14 0.4165 2.388e-12 0.6233 3.752e-42
49m:l5m 0.7054 0.003805 0.3873 0.002107 0.8414 4.034e-08
49m:r10m 0.9261 0.7687 0.9826 0.4078 6.9839 0.02684
49m:r4m 0.7594 0.06892 0.9409 0.0006901 0.9055 2.07e-06
49m:r5m 0.9107 0.4522 0.5704 0.5377 0.8767 0.01493
49m:r8m 0.6667 0.003158 0.9182 2.638e-06 0.8604 1.032e-08
49m:r9m 0.9401 0.7196 1.0117 0.5262 1.1237 0.005537
51f:96f 0.8024 0.1705 0.9278 4.803e-05 0.9159 1.447e-05
51f:99f 0.9648 0.8772 0.9946 0.7757 0.8331 0.05013
51f:a13f 1.3649 0.03678 1.0879 4.072e-06 1.1973 8.026e-08
51f:a1f 0.9728 0.8921 1.0417 0.0265 1.106 0.001427
51f:a21f 1.4813 0.006288 1 1 1.0055 0.7679 1.102 0.00038
51f:a22f 1.2036 0.1529 1.0302 0.09821 1.1176 0.003769
51f:a27f 1.6213 0.138 2.9815 0.1308 9.685 0.005267
51f:a28f 0.8566 0.4282 0.996 0.8538 0.8256 0.0898
51f:a29f 2.1023 1.754e-09 1.1227 1.749e-10 1.3244 8.109e-19
51f:a30f 0.2674 6.391e-26 0.0841 1.025e-08 0.5529 1.598e-67
51f:a7f 0.7589 0.08115 0.9938 0.737 0.8004 0.03262
51f:a8f 1.1527 0.2446 1.2581 0.05908 1.1756 0.0001007
51f:a9f 1.1376 0.4438 1.0215 0.2748 1.0925 0.004448
51f:ADr1uf 0.8713 0.4044 1 1 1.0485 0.01024
51f:bm1f 0.8685 0.3989 0.9884 0.5279 Inf 0.1
51f:bm2f 1.1425 0.4123 0.9953 0.8049 0.9691 0.2058
51f:bm4f 0.9888 1 1.0247 0.1847 2.0677 0.02946
51f:bm5f 0.8434 0.2573 1.0118 0.5279 0.6984 0.03779
51f:bm6f 1.1898 0.2688 0.9977 0.9053 1.2612 0.007316
51f:bm7f 1.1408 0.4149 0.9903 0.6021 0.9557 0.06096
51f:bm8f 1.1712 0.3285 Inf 1 1.0165 0.3749 1.0585 0.118
51f:ch1f 1 1 0.9854 0.4215 0.9317 0.0865
51f:ch4f 0.8632 0.3664 0.9835 0.3617 0.7541 0.006746
51f:ch5f 1.3774 0.04117 0.9992 0.9711 0.9351 0.02793
51f:ch6f 0.9784 0.9411 0.9958 0.8211 0.9338 0.0628
51f:l1f 0.5875 5.02e-08 0.4565 0.000144 0.7224 5.962e-21
51f:l2f 1.3058 0.02085 1.7655 0.2752 1.2543 0.0005301
51f:l3f 1.0926 0.4467 0.7956 1 2.6541 0.01542
51f:l4f 1.6709 2.458e-07 1.6015 1.574e-07 1.4505 1.475e-13
51f:l5f 1.5832 3.784e-05 1.9322 0.3868 1.9112 2e-06
51f:r10f 1.0782 0.7708 0.991 0.6789 0.9246 0.2412
51f:r4f 1.4295 0.0112 1.0522 0.004709 1.131 2.396e-05
51f:r5f 1.2453 0.1043 1.0083 0.6664 3.0747 0.01289
51f:r8f 1.0473 0.7858 1.0328 0.07681 1.2498 0.05144
51f:r9f 1.2063 0.2059 1.0229 0.2149 1.1238 0.07857
52m:97m 1.0744 0.6989 0.9674 0.07691 0.9659 0.06676
52m:a13m 1.5221 0.002982 1.1972 0.2779 1.154 1.354e-09
52m:a1m 1.4668 0.009609 1.0557 0.003169 1.158 5.251e-05
52m:a21m 0.7132 0.02204 0.9506 0.004647 0.9115 8.133e-05
52m:a22m 1.3823 0.01575 1.1084 8.577e-09 1.1707 3.776e-11
52m:a27m 1.0969 0.8789 0.7673 0.5841 1.0911 0.1521
52m:a28m 1.2201 0.6354 0.9433 0.03344 0.9261 0.01378
52m:a29m 1.7981 7.013e-06 1.137 1.314e-12 1.1981 1.299e-17
52m:a30m 0.329 1.675e-17 0.8182 6.314e-29 0.7725 2.299e-37
52m:a7m 1.1425 0.4123 2.3504 0.181 1.0895 0.0003295
52m:a8m 1.0571 0.68 1.0934 0.3971 1.1564 0.0001434
52m:a9m 1.6134 0.001185 1.1059 1.959e-07 1.1223 1.317e-08
52m:ADr1um 0.9761 0.938 1.0112 0.5445 1.0805 0.1867
52m:bm1m 1.0692 0.7086 0.9879 0.5103 1.1176 0.06772
52m:bm2m 1.191 0.285 0.9862 0.4533 1.1391 0.06071
52m:bm4m 1.1188 0.5 1.0466 0.0132 1.1098 0.00132
52m:bm5m 1.0726 0.671 0.9823 0.3324 0.9005 0.07613
52m:bm6m 0.8184 0.191 1.0271 0.1459 0.8007 0.0677
52m:bm7m 0.969 0.8848 0.9965 0.8549 0.9479 0.1054
52m:bm8m 0.9774 0.9398 0.987 0.4814 1.0844 0.06669
52m:ch1m 0.9892 1 1 1 1.1296 0.09405
52m:ch4m 0.7557 0.07236 0.9893 0.558 0.9065 0.1508
52m:ch5m 0.8933 0.4988 0.9909 0.619 0.9311 0.02481
52m:ch6m 0.8248 0.2443 1.0103 0.5752 0.9554 0.1132
52m:l1m 0.8146 0.04027 0.9251 0.5519 0.8126 2.321e-09
52m:l2m 1.1468 0.2411 1.5358 0.2926 1.4007 0.0002215
52m:l3m 1.0705 0.5577 1.1099 0.409 1.276 0.0006268
52m:l4m 1.1062 0.3397 1.1358 0.2257 1.1285 1.182e-08
52m:l5m 1.3532 0.0139 1.081 0.1088 1.3762 9.877e-05
52m:r10m 0.8809 0.5329 1.0053 0.8101 16.6032 0.08009
52m:r4m 1.5333 0.003462 1.0414 0.02376 1.1745 0.004997
52m:r5m 1.1986 0.14 0.9598 1 1.2904 0.006541
52m:r8m 2.4595 1.866e-11 1.177 2.465e-19 1.3697 5.229e-28
52m:r9m 0.9777 0.9401 1.026 0.1587 1.0355 0.06582
96f:99f 0.0655 2.912e-59 0.5748 1.865e-197 0.4323 3.111e-265
96f:a13f 1.1376 0.4438 1.0102 0.5931 1.1184 0.1556
96f:a1f 1.03 0.8882 0.9887 0.5502 2.5097 0.02417
96f:a21f 0.6344 0.00226 0.9251 2.316e-05 0.89 1.232e-07
96f:a22f 0.9828 0.9475 0.964 0.04652 0.8822 0.003271
96f:a27f 0.6653 0.1984 0.7219 0.4691 0.5045 0.0006577
96f:a28f 1.2851 0.2003 1.1017 2.433e-06 1.1138 3.645e-07
96f:a29f 0.8968 0.4372 1.0132 0.4836 0.8254 0.06295
96f:a30f 1.8893 2.462e-06 1 1 1.1587 1.209e-15 1.2462 3.007e-21
96f:a7f 1.1708 0.3723 0.9963 0.9227 0.8694 0.01362
96f:a8f 1.2182 0.1159 1 1 1.1244 0.009406
96f:a9f 0.9061 0.5824 1.007 0.726 0.6689 0.02488
96f:ADr1uf 1.114 0.5651 0.9781 0.2339 0.9098 0.005357
96f:bm1f 1.07 0.7419 1.0136 0.4729 1.6208 0.05651
96f:bm2f 0.8915 0.5225 1.0073 0.7023 0.9035 0.1184
96f:bm4f 0.873 0.4579 1.0172 0.3659 1.0274 0.1771
96f:bm5f 0.8339 0.2582 0.8196 0.6354 0.9122 0.0006509
96f:bm6f 0.7647 0.0929 0.9663 0.06771 0.925 0.01366
96f:bm7f 0.9653 0.8779 0.9583 0.02294 0.9579 0.02229
96f:bm8f 0.905 0.58 1.0179 0.3465 0.8432 0.01321
96f:ch1f 1.18 0.3173 1.0488 0.009754 1.088 0.0002558
96f:ch4f 1.2412 0.2175 1.0552 0.003563 1.0609 0.00179
96f:ch5f 1.0749 0.698 0.9825 0.3431 0.8825 0.02356
96f:ch6f 0.9525 0.8148 1.0294 0.1178 1.0655 0.003557
96f:l1f 1 1 0.9288 0.7729 0.9012 0.01285
96f:l2f 0.6728 0.000781 0.7545 0.1108 0.7317 8.381e-08
96f:l3f 0.6438 8.712e-05 0.8179 0.09921 0.8312 5.117e-10
96f:l4f 0.6198 7.513e-06 0.7213 0.003562 0.7624 9.021e-07
96f:l5f 0.6258 4.054e-05 0.7862 0.3232 0.6578 3.285e-08
96f:r10f 0.7308 0.1374 0.9836 0.4438 0.8454 0.1122
96f:r4f 0.8727 0.407 0.9745 0.163 Inf 0.1
96f:r5f 0.9334 0.6458 0.9889 0.5598 0.9561 0.1915
96f:r8f 1.1876 0.2714 0.9927 0.6977 0.9568 0.1159
96f:r9f 0.9428 0.7587 1.0185 0.324
97m:a13m 1.1127 0.5105 1.0518 0.8543 5.1912 0.02564
97m:a1m 0.6505 0.006085 Inf 1 0.974 0.1652 0.9356 0.001665
97m:a21m 0.7163 0.03716 0.9674 0.07704 0.839 0.001232
97m:a22m 1.0102 1 1.0115 0.5455 0.6377 0.03847
97m:a27m 0.9117 0.8789 0.9328 1 1.1912 0.0009445
97m:a28m 1.9032 0.05902 1.063 0.03004 1.4052 0.0002264
97m:a29m 0.8575 0.2983 0.9671 0.07464 0.9522 0.02268
97m:a30m 2.1395 1.211e-07 1.1363 7.015e-12 1.2695 3.262e-23
97m:a7m 0.9378 0.7484 0.322 1 1.0523 0.01545
97m:a8m 1.0543 0.7122 1.0838 0.524 1.3108 0.0006026
97m:a9m 1 1 Inf 1 0.9795 0.2943 0.9775 0.2551
97m:ADr1um 1.1038 0.614 1.0014 0.9479 1.0735 0.2456
97m:bm1m 0.9619 0.8722 Inf 1 1.0327 0.08988 0.4646 0.02036
97m:bm2m 0.8745 0.461 0.9808 0.3089 0.8972 0.1266
97m:bm4m 0.9163 0.6693 1.0364 0.0595 1.1329 0.002003
97m:bm5m 0.861 0.3623 0.9751 0.184 0.7862 0.05338
97m:bm6m 0.7454 0.06015 1.0011 0.9624 0.8647 0.01053
97m:bm7m 0.6889 0.01803 0.9913 0.6511 1.4766 0.04809
97m:bm8m 0.9872 1 1.0154 0.4232 8.2794 0.01211
97m:ch1m 1.3283 0.09157 1.0609 0.001577 1.1555 5.116e-05
97m:ch4m 1.3943 0.05034 1.0783 5.447e-05 1.1696 1.199e-09
97m:ch5m 1.2691 0.1665 1.0633 0.001025 1.2019 3.548e-10
97m:ch6m 1.1721 0.3707 1.0672 0.0005159 1.0806 0.0001465
97m:l1m 0.8312 0.0805 1 1 0.7908 0.396 0.8512 6.664e-08
97m:l2m 0.8346 0.1489 0.6413 6.222e-07
97m:l3m 0.8113 0.07633 0.322 1 0.1313 0.1319 0.8158 1.668e-09
97m:l4m 1 1 0.322 1 1 1
97m:l5m 0.8341 0.1887 0.8831 0.0002659
97m:r10m 1.0848 0.7619 0.9674 0.1202 0.9583 0.07213
97m:r4m 0.9886 1 1.0026 0.8964 0.6742 0.1227
97m:r5m 0.9757 0.898 0.7632 0.02004 0.8131 0.007993
97m:r8m 0.8813 0.4026 1.0239 0.2102 2.1535 0.09839
97m:r9m 1.3009 0.1232 1.0063 0.7439 1.0895 0.009718
99f:a13f 0.8833 0.4782 0.9651 0.1395 0.8777 0.001196
99f:a1f 0.7047 0.0147 0.9887 0.5503
99f:a21f 0.6698 0.009041 0.9336 0.004753 0.8417 3.04e-06
99f:a22f 1.1247 0.3994 1.0034 0.8617 3.7578 0.2203
99f:a27f 0.8411 0.6584 1.9322 0.3868 0.7194 0.04663
99f:a28f 0.7316 0.09298 0.9134 1.023e-05 0.8777 2.24e-07
99f:a29f 0.9204 0.5621 0.9941 0.754 0.9645 0.261
99f:a30f 1.1345 0.3637 1.0093 0.62 0.685 0.07244
99f:a7f 1.1661 0.3785 1.0012 0.9558 1.5724 0.01524
99f:a8f 0.613 0.0001131 0.8143 0.02637 0.6284 2.684e-05
99f:a9f 1.267 0.1553 0.9806 0.3203 0.9682 0.1905
99f:ADr1uf 0.865 0.4166 0.9707 0.1087 0.9217 0.01278
99f:bm1f 0.7776 0.1318 1.0143 0.4503 1.0397 0.1132
99f:bm2f 1.1225 0.5212 1.0189 0.3186 2.4277 0.00774
99f:bm4f 1.0376 0.8753 0.9824 0.3466 0.9349 0.1097
99f:bm5f 1.2254 0.2013 1.0278 0.1434 1.099 0.0001764
99f:bm6f 1.4713 0.01606 0.9929 0.7093 1.2042 0.06729
99f:bm7f 1.0236 0.9391 0.9936 0.7372 1.0845 0.1765
99f:bm8f 1.1458 0.4314 1.0054 0.7798 1.1368 0.1184
99f:ch1f 1.0398 0.8718 1.0124 0.5078 Inf 0.02857
99f:ch4f 1.1758 0.3659 1.0228 0.2247 1.0818 0.00504
99f:ch5f 1.1078 0.5752 1.0001 1 0.6886 0.1332
99f:ch6f 0.8833 0.4782 1.0017 0.934 2.1903 0.02374
99f:l1f 1.2595 0.02424 1.3577 0.01227 1.2304 1.516e-07
99f:l2f 0.9474 0.6841 0.8354 0.8313 0.7748 0.006075
99f:l3f 0.9629 0.7789 0.7772 0.2172 0.1993 0.01737
99f:l4f 0.6339 1.759e-05 0.7808 0.001109 0.8282 1.187e-11
99f:l5f 0.8914 0.352 0.8514 0.1403 0.85 0.001377
99f:r10f 0.8105 0.3558 0.9903 0.6549 0.8986 0.04981
99f:r4f 0.9181 0.6088 0.9843 0.3935
99f:r5f 0.9663 0.8442 1.1152 0.06382 1.1184 0.01353
99f:r8f 1.3239 0.06087 1.034 0.07166 1.2303 0.001287
99f:r9f 1.3605 0.05439 0.9887 0.543 1.956 0.003161
a13f:a1f 3.1608 5.006e-25 Inf 1 1 1 1.2432 1.559e-36 1.6164 5.418e-65
a13f:a21f 2.7005 9.204e-19 3.1058 1 1.2099 4.741e-31 1.4441 1.569e-45
a13f:a22f 1.8142 5.123e-09 3.1058 1 1.1059 9.416e-10 1.2838 3.358e-20
a13f:a27f 1.5529 0.006232 3.1058 1 1.4468 0.03913 1.1323 1.286e-07
a13f:a28f 1.9211 1.964e-05 0.322 1 1.1146 7.239e-09 1.2437 1.028e-12
a13f:a29f 5.5094 9.489e-66 5.3771 0.2861 1.5134 1.214e-132 1.8005 3.322e-166
a13f:a30f 0.3482 2.063e-25 0.2354 7.838e-17 0.654 1.554e-54
a13f:a7f 1.1163 0.3964 Inf 1 1.144 0.5962 1.1231 0.003176
a13f:a8f 8.8915 5.304e-113 Inf 0.3333 23.4961 0.02914 64.7489 5.296e-07 2.6527 5.407e-288
a13f:a9f 2.3492 8.469e-12 1 1 1.1572 9.636e-16 1.2516 9.024e-21
a13f:ADr1uf 0.5165 1.229e-07 0.322 1 0.156 0.4857 Inf 1 0.746 2.018e-22
a13f:bm1f 0.9789 0.9051 3.1058 1 1.0056 0.7516 0.9205 0.1501
a13f:bm2f 1 1 Inf 1 0.991 0.6018 0.9429 0.03338
a13f:bm4f 1.2508 0.06675 Inf 0.3333 1.0225 0.1964 1.2284 0.006138
a13f:bm5f 1.1663 0.1929 1 1 1.0213 0.2212 1.1156 0.004183
a13f:bm6f 1.3335 0.01393 1.0603 0.0006415 1.0731 0.0004192
a13f:bm7f 1.2593 0.05464 1.0431 0.01408 1.068 0.000391
a13f:bm8f 1.1028 0.4421 1 1 1.0041 0.8173 0.9399 0.1024
a13f:ch1f 0.9858 0.9523 0.322 1 0.9877 0.4741 1.0989 0.01835
a13f:ch4f 0.8757 0.3018 0.9844 0.3613 0.8649 0.004726
a13f:ch5f 0.7896 0.06403 Inf 1 3.1058 1 0.9648 0.03687 0.8831 0.001505
a13f:ch6f 0.9133 0.4784 1.0094 0.5908 0.7537 0.01365
a13f:l1f 0.1708 2.872e-114 0.2834 0.5671 0.136 0.008556 0.0198 1.537e-10 0.3327 9.438e-225
a13f:l2f 2.8961 5.473e-34 7.6136 0.1319 8.2794 0.01211 143.9391 1.102e-11 1.921 1.36e-45
a13f:l3f 1.6762 8.616e-10 7.6136 0.1319 8.2794 0.01211 17.6109 9.419e-07 28.3487 1.905e-18
a13f:l4f 5.4602 4.035e-96 1 1 1.543 0.7395 8.2794 0.01211 2.3872 1.149e-177
a13f:l5f 3.0652 3.07e-37 7.6136 0.1319 8.2794 0.01211 177.3849 2.696e-13 1.7458 2.398e-66
a13f:r10f 2.0218 2.817e-05 1.0799 0.0002069 1.2091 1.892e-07
a13f:r4f 2 4.242e-09 2.07 1 1.1234 4.859e-12 1.2261 4.138e-17
a13f:r5f 1.1217 0.3084 0.2834 0.5671 1.0397 0.03241 1.0901 0.001238
a13f:r8f 1.0509 0.6965 1 1 1.0373 0.03319 1.0639 0.001534
a13f:r9f 1.0795 0.5554 1 1 1 1 1.0501 0.003812 1.1176 0.0003701
a13m:a1m 3.8152 1.875e-31 1 1 7.6136 0.1319 1.3219 4.439e-59 1.4352 8.842e-76
a13m:a21m 2.0042 4.788e-10 1.7052 1 1.7412 0.7064 1.1871 1.859e-25 1.3336 9.227e-33
a13m:a22m 1.3675 0.002822 0.156 0.4857 0.5006 0.4935 1.0584 0.0005735 1.1977 3.003e-07
a13m:a27m 1.6923 0.0008948 1 1 1.3165 0.005117 1.3106 1.331e-12
a13m:a28m 1.6415 0.002159 0.0917 0.2063 1 1 1.7412 0.7064 1.2324 9.384e-16
a13m:a29m 6.5272 4.546e-72 0.4831 1 1.7412 0.7064 1.5597 2.572e-152 2.0862 2.931e-196
a13m:a30m 0.2918 1.596e-33 0.156 0.4857 0.1208 0.01211 0.7768 5.621e-51 0.7155 3.265e-60
a13m:a7m 0.7941 0.05464 0.0426 0.02914 0.6744 0.03721 0.7287 0.002914
a13m:a8m 11.4462 6.459e-147 6.4069 0.08611 17.6109 9.419e-07 50.0123 5.096e-15 2.2133 0
a13m:a9m 2.036 3.881e-09 1 1 3.7578 0.2203 1.1628 1.116e-16 1.4043 2.396e-27
a13m:ADr1um 0.4028 5.903e-13 0.4831 1 0.3227 0.2568 Inf 0.02857 0.7445 9.936e-29
a13m:bm1m 0.8233 0.1116 1 1 1 1 0.9685 0.06315 0.9614 0.0401
a13m:bm2m 1.0894 0.511 0.2834 0.5671 1 1 0.9927 0.6748 1.2024 0.06117
a13m:bm4m 1.0592 0.6746 1 1 0.186 0.2861 0.9962 0.8305 0.9543 0.4532
a13m:bm5m 1.1044 0.4032 1 1 2.1582 0.6563 1.0645 0.0002735 1.1071 8.879e-06
a13m:bm6m 1.2055 0.1055 0.156 0.4857 0.4634 0.6563 1.0364 0.03746 1.1529 0.001372
a13m:bm7m 1.1873 0.1426 0.2834 0.5671 0.3445 0.3949 1.0352 0.0442 1.1552 0.0003673
a13m:bm8m 0.9449 0.6768 Inf 0.3333 2.07 1 1.024 0.168 1.036 0.06916
a13m:ch1m 0.8799 0.3261 0.5864 1 0.6562 1 0.9777 0.1894 0.9078 0.0391
a13m:ch4m 0.8998 0.4245 0.2834 0.5671 0.9509 0.003209 0.9285 0.0001213
a13m:ch5m 0.8522 0.217 1 1 0.4634 0.6563 0.9765 0.1663 0.3407 0.0008019
a13m:ch6m 0.8313 0.1445 1 1 0.2834 0.5671 0.9713 0.08937 0.8793 0.0005822
a13m:l1m 0.1235 1.316e-169 0.1481 0.006004 0.0647 3.088e-10 0.0633 1.151e-24 0.3885 0
a13m:l2m 1.5531 5.733e-08 0.8807 1 1.2012 0.7259 12.6553 2.936e-11 53.1147 2.119e-53
a13m:l3m 1.2329 0.008577 0.7691 0.7965 0.8866 0.8619 6.7595 1.205e-09 9.8034 1.006e-37
a13m:l4m 4.9544 5.527e-99 0.4538 0.3431 2.0263 0.1127 10.6279 1.165e-10 2.4823 2.532e-165
a13m:l5m 2.2158 2.001e-20 1.9322 0.3868 3.2041 0.004374 21.3569 9.804e-16 16.8139 2.37e-47
a13m:r10m 1.6058 0.005912 1.089 3.259e-05 1.1078 1.77e-05
a13m:r4m 1.5214 0.0001996 1 1 0.457 0.4661 1.1019 7.828e-09 1.2425 6.238e-13
a13m:r5m 0.9294 0.4891 0.2834 0.5671 0.5006 0.4935 0.958 0.9174 1.102 0.004172
a13m:r8m 1.5542 3.828e-05 0.0917 0.2063 2.1582 0.6563 1.1274 2.367e-12 1.1735 1.888e-15
a13m:r9m 1.5619 0.00018 Inf 0.002165 19.0944 0.0004124 1.0492 0.0045 1.1951 3.543e-07
a1f:a21f 2.3487 3.864e-14 3.5289 0.5671 1.228 8.614e-34 1.4173 3.151e-46
a1f:a22f 1.3076 0.008268 1 1 1.0371 0.03211 1.1568 2.698e-05
a1f:a27f 2.2006 1.222e-06 Inf 0.3333 1.4564 0.001963 1.295 0.0001424
a1f:a28f 1.1968 0.2609 1.0152 0.4209 1.1042 0.00843
a1f:a29f 73.9027 0 Inf 1 Inf 1.923e-07 2.4878 0 2.4878 0
a1f:a30f 0.2198 5.938e-48 0.0466 3.459e-10 0.5434 9.807e-113
a1f:a7f 0.9926 1 0.9845 0.3671 0.9021 0.009943
a1f:a8f 2.5212 1.608e-21 10.2381 0.05668 2.6335 1.401e-13 1.668 1.201e-52
a1f:a9f 2.333 8.26e-12 Inf 0.3333 1.1302 1.451e-11 1.2089 4.487e-17
a1f:ADr1uf 0.9299 0.5873 Inf 0.3333 1.0093 0.5927 0.7542 0.02624
a1f:bm1f 0.986 0.9526 0.9576 0.01095 0.905 0.0008295
a1f:bm2f 1.2977 0.02807 1.0389 0.02516 1.4113 0.0003579
a1f:bm4f 0.8067 0.07248 0.9973 0.8787 0.9001 0.02951
a1f:bm5f 1.4098 0.002121 3.1058 1 1.0344 0.0472 1.1054 0.0002289
a1f:bm6f 0.9753 0.8668 1 1 1.0411 0.01798 1.0518 0.004168
a1f:bm7f 0.9751 0.8662 2.07 1 1.036 0.03772 1.0614 0.01702
a1f:bm8f 1.0981 0.4522 10.9072 0.2063 1.0183 0.2891 1.0762 0.009739
a1f:ch1f 0.8863 0.3403 1 1 0.9857 0.4107 0.9491 0.07425
a1f:ch4f 0.8921 0.3875 1 1 0.9719 0.1017 0.9439 0.004755
a1f:ch5f 0.7298 0.01207 0.9489 0.002546 0.931 0.0001507
a1f:ch6f 0.7569 0.02509 0.9598 0.01844 0.4888 0.0001086
a1f:l1f 0.4883 6.794e-19 0.0977 0.05668 0.4297 0.00933 0.6209 5.24e-46
a1f:l2f 1.6771 1.045e-08 0.2834 0.5671 1.9215 0.04711 1.2167 6.371e-15
a1f:l3f 1.2215 0.0253 1 1 1.6487 0.1121 1.1926 5.305e-09
a1f:l4f 3.1211 1.057e-42 20.443 0.003329 8.1943 1.294e-08 1.6754 7.087e-79
a1f:l5f 1.7525 5.997e-10 1.7052 1 3.0812 1.325e-06 1.2672 7.375e-24
a1f:r10f 2.4053 6.506e-08 Inf 0.3333 1.1111 2.71e-07 1.2477 3.197e-12
a1f:r4f 6.5766 2.745e-57 Inf 0.3333 1.545 3.226e-140 2.0195 5.476e-176
a1f:r5f 0.9531 0.6793 0.5864 1 0.9059 0.3195 1.586 0.04735
a1f:r8f 1.0376 0.7815 0.322 1 1.0056 0.7512 0.9287 0.02388
a1f:r9f 0.9485 0.6871 0.322 1 0.9842 0.3519 0.9806 0.2664
a1m:a21m 2.0273 4.959e-10 1.0994 2.248e-08 1.2253 5.768e-16
a1m:a22m 0.7231 0.003094 0.8951 6.491e-11 0.8714 3.351e-13
a1m:a27m 0.9185 0.6737 Inf 1 8.5126 0.001243
a1m:a28m 1.0296 0.9319 1.0057 0.7709 1.4956 0.08161
a1m:a29m 47.5046 5.723e-260 Inf 1 Inf 0.02857 2.3056 0 2.3056 0
a1m:a30m 0.4076 9.808e-17 1 1 0.6704 6.999e-28 0.5827 7.864e-30
a1m:a7m 0.9345 0.6003 0.9871 0.4549 0.8825 0.2021
a1m:a8m 2.6742 2.087e-23 Inf 0.02857 1.8203 6.377e-37 1.5952 2.568e-47
a1m:a9m 2.0141 1.488e-08 Inf 0.3333 1.1155 1.516e-09 1.2593 1.028e-13
a1m:ADr1um 1.0551 0.7101 Inf 1 1.0631 0.05747 1.2271 0.005002
a1m:bm1m 0.7071 0.003928 0.9752 0.1419 0.8412 0.001859
a1m:bm2m 1.1071 0.4331 0.9833 0.3247 0.9414 0.005421
a1m:bm4m 1.261 0.062 1.054 0.001998 1.077 0.0001149
a1m:bm5m 1.1558 0.2169 Inf 1 1.0078 0.6527 1.5614 0.00592
a1m:bm6m 1.1674 0.1914 1 1 1.0126 0.4653 1.7587 0.002663
a1m:bm7m 0.974 0.8634 Inf 0.3333 1.011 0.5243 1.1161 0.01233
a1m:bm8m 1 1 Inf 1 1.0097 0.5752 0.9765 0.266
a1m:ch1m 0.7542 0.02624 0.985 0.3868 0.7877 0.05056
a1m:ch4m 0.9635 0.8072 0.9676 0.05834 0.9516 0.01089
a1m:ch5m 1.0234 0.9012 Inf 0.3333 0.9816 0.2866 0.4852 0.06976
a1m:ch6m 0.8315 0.1537 0.9931 0.697 1.0584 0.2429
a1m:l1m 0.6803 2.092e-06 0.156 0.4857 1 1 0.7808 1.522e-11
a1m:l2m 1.2344 0.02771 6.4083 0.4857 1.8594 0.2057 2.2433 0.001211
a1m:l3m 1.1841 0.06587 Inf 0.02857 1.1376 0.4199 1.4029 0.0009123
a1m:l4m 1.4093 5.445e-05 1 1 5.1912 0.02564 1.3102 2.414e-23
a1m:l5m 1.2683 0.01691 1.1891 0.167 1.1635 9.917e-06
a1m:r10m 1.8167 0.0002942 1.1201 2.09e-08 1.209 1.334e-12
a1m:r4m 5.1029 1.876e-42 Inf 0.3333 1.4563 7.032e-106 1.9255 1.363e-153
a1m:r5m 1.6626 1.192e-06 Inf 0.02857 1.8576 0.0001635 1.7515 7.062e-07
a1m:r8m 1.4809 0.0003951 Inf 0.3333 1.0942 1.535e-07 1.3373 1.222e-15
a1m:r9m 0.9185 0.5125 0.9783 0.1987 0.4076 0.01215
a21f:a22f 1.4576 0.0001554 2.07 1 1.3971 1.768e-15 1.3339 2.157e-23
a21f:a27f 1.1616 0.3845 1.1017 0.4445 1.1446 0.005963
a21f:a28f 1.3014 0.1041 1.0007 0.9782 2.5124 0.165
a21f:a29f 5.3809 1.47e-64 6.4083 0.4857 1.4578 7.952e-114 1.7536 4.451e-147
a21f:a30f 0.4733 1.132e-12 0.0917 0.2063 0.6357 2.629e-19 0.7079 2.258e-29
a21f:a7f 1.0815 0.573 1.0229 0.1828 1.075 0.01289
a21f:a8f 1.6526 1.515e-07 3.5289 0.5671 1.7763 0.0002075 1.4941 1.174e-25
a21f:a9f 1.2902 0.04338 6.4083 0.4857 1.0436 0.0174 1.0702 0.002101
a21f:ADr1uf 1.0385 0.8057 0.9799 0.2231 Inf 0.02857
a21f:bm1f 1.1103 0.4082 1 1 1.032 0.06273 2.2898 0.0002797
a21f:bm2f 0.9259 0.554 1.0074 0.6676 1.0325 0.1717
a21f:bm4f 1.0732 0.5927 Inf 1 1.0094 0.5841 1.0946 0.07323
a21f:bm5f 0.9504 0.6928 0.9731 0.1077 0.9681 0.07319
a21f:bm6f 1.0592 0.6509 1.0094 0.5841 1.4045 0.05866
a21f:bm7f 1.0821 0.5281 0.6481 0.7395 1.4272 0.02308
a21f:bm8f 1.1551 0.2292 0.322 1 1.0071 0.6799 0.6883 0.05923
a21f:ch1f 0.8102 0.09157 1 1 0.9741 0.1204 0.6386 0.008363
a21f:ch4f 0.8587 0.2282 Inf 1 1 1 0.9785 0.1984 0.8569 0.03931
a21f:ch5f 0.8361 0.16 0.9909 0.5954 0.6178 0.004229
a21f:ch6f 0.6682 0.001084 0.9628 0.02474 0.9155 0.0001881
a21f:l1f 0.6375 1.141e-08 Inf 1 0.4634 0.6563 0.9305 1 0.7683 2.456e-26
a21f:l2f 1.1389 0.1622 1 1 1.4032 0.6329 1.8846 0.0008777
a21f:l3f 1.046 0.6341 1 1 0.5864 1 1.4981 0.307 1.6076 0.001599
a21f:l4f 1.6067 6.777e-09 5.3771 0.2861 2.4277 0.00774 1.2641 1.233e-18
a21f:l5f 1.3019 0.003173 1 1 1.1717 0.8416 1.1478 2.863e-05
a21f:r10f 1.1811 0.3593 1.0112 0.5902 1.0757 0.1527
a21f:r4f 1.8467 7.081e-08 3.1058 1 1.088 3.837e-07 1.2642 2.492e-17
a21f:r5f 1.3222 0.01125 0.322 1 1.0329 0.07215 1.1757 0.002388
a21f:r8f 0.9752 0.8664 1 1 0.9579 0.01093 0.8971 0.002111
a21f:r9f 1 1 3.1058 1 1.0169 0.3156 1.0602 0.01936
a21m:a22m 1.0764 0.5049 1.0001 1 1.0633 0.1978
a21m:a27m 1.2035 0.2901 1.0449 0.01869 1.0648 0.008419
a21m:a28m 1.2773 0.1608 0.9964 0.8527 1.0902 0.04508
a21m:a29m 2.3099 1.868e-15 1.2653 1.845e-45 1.3672 4.043e-52
a21m:a30m 0.6985 0.0004802 0.9218 9.184e-07 0.8671 3.563e-08
a21m:a7m 0.8357 0.1504 Inf 0.3333 0.9879 0.4738 0.8629 0.02979
a21m:a8m 2.6513 1.212e-23 3.1058 1 3.4791 1.605e-14 1.4319 2.74e-66
a21m:a9m 1.0149 0.9516 1.0228 0.2103 1.0506 0.05428
a21m:ADr1um 0.8736 0.313 0.9772 0.168 0.9446 0.03439
a21m:bm1m 0.9012 0.428 0.9544 0.00577 0.9544 0.00577
a21m:bm2m 1.0884 0.5132 1.0157 0.3589 1.6065 0.0293
a21m:bm4m 0.9012 0.428 1.0073 0.6739 0.8907 0.03978
a21m:bm5m 1.3607 0.008467 1.0192 0.263 1.6876 0.01637
a21m:bm6m 0.9875 0.9552 0.9929 0.68 1.8558 0.0091
a21m:bm7m 1.0258 0.8656 3.1058 1 2.4878 0.01919
a21m:bm8m 0.9107 0.4522 0.9723 0.09731 0.9427 0.009326
a21m:ch1m 0.8551 0.2103 0.9956 0.801 1.3922 0.1755
a21m:ch4m 0.8651 0.2528 Inf 1 0.964 0.02958 0.9102 0.000413
a21m:ch5m 1.1118 0.4237 0.9908 0.5896 0.7261 0.0603
a21m:ch6m 0.935 0.6248 1.0023 0.8995 0.4561 0.00142
a21m:l1m 0.7075 1.552e-05 1 1 0.2834 0.5671 0.8613 1.16e-09
a21m:l2m 0.9491 0.5906 1 1 0.7185 0.5405 0.8472 5.906e-11
a21m:l3m 0.8965 0.2241 3.1058 1 0.4634 0.6563 0.8722 1.079e-09
a21m:l4m 1.4507 9.069e-06 1 1 1 1 1.2719 2.558e-08
a21m:l5m 1.0231 0.8483 0.9386 0.1336 0.8428 3.737e-07
a21m:r10m 1.5412 0.01383 1.1145 7.023e-08 1.1526 7.415e-10
a21m:r4m 1.5077 0.0005616 1.0682 6.918e-05 1.1676 1.271e-08
a21m:r5m 1.2311 0.04399 1.4998 0.4192 1.14 0.0002077
a21m:r8m 0.8976 0.3516 0.9438 0.000613 0.9393 0.0002924
a21m:r9m 0.9869 0.9542 1.0149 0.3786 1.1643 0.008888
a22f:a27f 1.4523 0.02221 3.5289 0.5671 1.1084 0.03538 1.1363 0.0001103
a22f:a28f 2.1339 2.774e-07 1.0964 4.769e-07 1.1265 7.708e-09
a22f:a29f 5.192 2.144e-65 Inf 0.3333 13.2504 0.02301 1.4275 1.829e-102 1.7445 3.217e-136
a22f:a30f 0.4115 1.038e-18 0.0601 0.008922 0.4712 7.065e-16 0.7224 3.647e-32
a22f:a7f 0.8052 0.08138 0.2834 0.5671 0.4634 0.6563 0.736 0.002426
a22f:a8f 3.1743 1.863e-35 Inf 0.3333 5.7982 0.05698 20.443 0.003329 1.8521 1.687e-84
a22f:a9f 1.3908 0.005366 1 1 1.0343 0.0605 1.1124 0.0002946
a22f:ADr1uf 1.0412 0.7717 1 1 0.9952 0.9033 0.0426 0.02914
a22f:bm1f 0.6881 0.00122 1 1 0.948 0.001578 0.9123 2.324e-05
a22f:bm2f 1.0673 0.6075 1 1 1.0317 0.06498 1.0362 0.03844
a22f:bm4f 0.8752 0.2726 0.987 0.4432 0.8983 0.1533
a22f:bm5f 0.9701 0.8256 2.07 1 0.9681 0.3828
a22f:bm6f 1.1701 0.1694 3.5289 0.5671 1.0162 0.3453 1.1422 0.01443
a22f:bm7f 1.043 0.7421 0.4831 1 1.0109 0.5274 1.1072 0.06085
a22f:bm8f 0.7503 0.011 0.4831 1 0.9698 0.07004 0.8958 3.146e-05
a22f:ch1f 0.675 0.0007376 0.322 1 0.963 0.02527 0.8622 0.000149
a22f:ch4f 0.9789 0.9051 1 1 0.9816 0.2723 0.9346 0.002511
a22f:ch5f 0.7488 0.01486 Inf 0.3333 0.9491 0.001963 0.7963 0.0007864
a22f:ch6f 0.8455 0.1738 1 1 0.9646 0.03242 0.8883 0.0003943
a22f:l1f 0.1963 2.396e-98 1 1 0.1926 0.02564 0.1296 8.384e-16 0.4844 5.057e-175
a22f:l2f 2.515 5.582e-27 Inf 0.3333 20.443 0.003329 3.272 0.002135 1.4835 7.448e-69
a22f:l3f 1.5138 6.925e-07 Inf 0.3333 5.7982 0.05698 1.8492 0.00661 1.2548 2.267e-25
a22f:l4f 4.9908 3.156e-91 0.322 1 3.8368 0.09434 10.3111 1.633e-12 2.3423 9.849e-213
a22f:l5f 3.0194 1.924e-38 Inf 0.3333 8.2794 0.01211 4.6421 9.615e-06 1.901 5.743e-107
a22f:r10f 0.9872 1 Inf 1 1.0101 0.6261 1.0621 0.05729
a22f:r4f 1.9709 7.686e-10 0.4831 1 1.1506 2.512e-17 1.3284 3.599e-24
a22f:r5f 0.9176 0.4367 0.2834 0.5671 0.9524 0.006565 0.9233 0.001626
a22f:r8f 1.3138 0.01221 10.2381 0.05668 1.0628 0.0003017 1.0857 6.177e-06
a22f:r9f 1.3462 0.009692 1 1 1.0578 0.0007006 1.1035 3.066e-05
a22m:a27m 1.6083 0.004488 1 1 1.1014 0.001791 1.4563 2.654e-05
a22m:a28m 1.3815 0.04872 Inf 0.3333 1.0451 0.01824 1.1864 3.569e-05
a22m:a29m 2.5114 1.237e-19 Inf 0.1 1.1677 6.902e-21 1.4998 4.566e-31
a22m:a30m 0.588 1.755e-07 1 1 0.9095 8.917e-09 0.8699 5.042e-12
a22m:a7m 1.0212 0.9059 0.3428 0.001956
a22m:a8m 2.2167 3.94e-17 3.5289 0.5671 1.5135 3.393e-27 1.4632 1.604e-44
a22m:a9m 1.323 0.02106 1 1 1.0423 0.02108 1.0539 0.01122
a22m:ADr1um 1.1519 0.272 Inf 0.3333 1.4473 0.2206 1.1215 0.0002075
a22m:bm1m 1.1516 0.2462 0.9927 0.6677 0.1561 0.08611
a22m:bm2m 1.0139 0.9531 1.0103 0.55 1.0446 0.06007
a22m:bm4m 1.1614 0.2324 1 1 0.991 0.5958 1.0707 0.02602
a22m:bm5m 0.9673 0.8175 1 1 1.0027 0.8795 1.1641 0.06152
a22m:bm6m 1.0763 0.5424 1 1 1.0759 1.451e-05 1.0759 1.451e-05
a22m:bm7m 0.9936 1 3.1058 1 1.0364 0.03458 1.1469 0.0006196
a22m:bm8m 0.7858 0.04601 0.322 1 0.9604 0.0168 0.879 0.003792
a22m:ch1m 0.9865 0.9536 1.0014 0.9399 0.9219 0.02588
a22m:ch4m 0.9168 0.5079 Inf 0.3333 1.0051 0.7694 1.0453 0.08048
a22m:ch5m 1.2123 0.1205 1 1 1.0069 0.6868 0.7775 0.1551
a22m:ch6m 0.9519 0.7216 0.9777 0.182 0.9652 0.04736
a22m:l1m 0.452 2.544e-25 1 1 0.3778 0.0003005 0.6745 4.506e-67
a22m:l2m 1.5241 1.676e-06 3.5289 0.5671 6.3564 0.01839 1.3094 2.665e-25
a22m:l3m 1.325 0.001077 7.6136 0.1319 9.4704 0.0005435 1.4408 1.446e-19
a22m:l4m 3.0133 5.15e-43 13.2504 0.02301 4.083 8.626e-07 1.6832 3.023e-107
a22m:l5m 2.7492 7.673e-28 10.9072 0.2063 11.9832 2.483e-11 1.7127 3.411e-65
a22m:r10m 0.9237 0.6841 0.983 0.3991 0.9487 0.04833
a22m:r4m 1.1421 0.2484 1.0228 0.1739 1.2155 0.000178
a22m:r5m 0.4687 3.772e-14 3.5289 0.5671 0.9141 5.168e-07 0.4293 2.521e-11
a22m:r8m 2.0397 9.805e-11 2.07 1 1.1265 1.428e-12 1.2311 1.702e-18
a22m:r9m 1.2522 0.06173 1.0346 0.04041 1.073 0.008768
a27f:a28f 257.7163 6.974e-261 0.4831 1 3.7578 0.2203 110.9165 0 3.5376 0
a27f:a29f 1.579 0.000448 0.156 0.4857 1.0344 0.07174 1.0708 0.001825
a27f:a30f 0.5656 1.481e-05 1 1 0.4677 0.002553 0.7918 1.084e-15
a27f:a7f 0.8267 0.2836 3.1058 1 Inf 0.3333 0.8591 0.008944
a27f:a8f 5.4633 3.502e-41 Inf 4.114e-05 Inf 2.204e-10 Inf 4.985e-08 2.0449 1.139e-58
a27f:a9f 1.6493 0.001795 Inf 0.3333 Inf 0.3333 1.0243 0.2189 1.4337 0.003621
a27f:ADr1uf 1.0261 0.936 0.9769 0.2141 0.952 0.03485
a27f:bm1f 1.0261 0.936 Inf 0.3333 Inf 0.3333 1.0053 0.7849 1.0533 0.1683
a27f:bm2f 0.6916 0.0256 Inf 0.3333 1.0011 0.9625 0.8924 0.1362
a27f:bm4f 0.6756 0.02387 Inf 1 3.1058 1 1.0032 0.8729 0.6887 0.003772
a27f:bm5f 1.106 0.5493 0.0917 0.2063 0.9922 0.6857 0.9738 0.2795
a27f:bm6f 0.8966 0.5059 0.9226 0.4071 0.8399 0.02447
a27f:bm7f 0.9774 0.9398 1 1 0.9585 0.05492
a27f:bm8f 1.2928 0.1177 0.322 1 1.0269 0.1608 1.3237 0.0001347
a27f:ch1f 0.8523 0.3691 1.021 0.2804 1.1055 0.03359
a27f:ch4f 0.9519 0.8137 Inf 0.1 Inf 0.1 0.9783 0.2555 0.944 0.01434
a27f:ch5f 1.9317 7.205e-05 3.1058 1 0.9987 0.9542 1.4471 0.0006474
a27f:ch6f 1.2021 0.2917 Inf 1 0.9611 0.03903 0.9601 0.0379
a27f:l1f 0.3927 3.163e-21 3.5289 0.5671 1.7412 0.7064 0.3781 6.706e-06 0.6852 2.166e-51
a27f:l2f 1.4589 0.0007648 1 1 1.7412 0.7064 1.5478 0.1196 1.2932 2.134e-09
a27f:l3f 1.3349 0.007807 3.6796 0.3469 1.9976 0.4935 1.1856 1 1.1367 0.0001739
a27f:l4f 3.1102 1.19e-27 5.3771 0.2861 2.6867 0.289 1.8371 0.4057 1.5879 2.591e-53
a27f:l5f 1.8217 8.452e-08 3.6796 0.3469 1.9976 0.4935 0.7061 1 1.3992 3.945e-17
a27f:r10f 1.0403 0.9208 Inf 0.3333 0.9852 0.5033 0.1313 0.1319
a27f:r4f 1.5138 0.007925 1 1 1.0378 0.05308 1.0403 0.04324
a27f:r5f 1.1916 0.1962 0.0917 0.2063 0.9674 0.08933 1.22 0.01935
a27f:r8f 0.7952 0.1296 1 1 0.9432 0.002226 0.9086 0.0009699
a27f:r9f 0.7975 0.1776 0.9674 0.07757 0.8853 0.002506
a27m:a28m 146.7692 2.444e-210 1 1 2.1582 0.6563 128.0251 5.209e-214 3.179 0
a27m:a29m 1.0289 0.8904 0.2834 0.5671 1.0455 0.01765 1.1777 0.001018
a27m:a30m 0.5826 8.849e-05 Inf 0.3333 0.9325 0.0002022 0.8216 4.319e-09
a27m:a7m 0.8092 0.2066 3.6796 0.3469 0.7954 0.0002695
a27m:a8m 5.0359 9.816e-40 40.8363 0.003373 121.768 2.914e-06 Inf 1.083e-05 2.5963 2.736e-55
a27m:a9m 1.1304 0.4809 1 1 1.0425 0.03235 1.1832 0.007492
a27m:ADr1um 0.8799 0.4998 1 1 2.07 1 0.931 0.0318
a27m:bm1m 0.7534 0.0843 0.9641 0.05355 0.9608 0.03962
a27m:bm2m 1.0532 0.809 1.037 0.05473 1.041 0.03559
a27m:bm4m 0.9135 0.6293 1 1 1.033 0.08656 1.0892 0.02664
a27m:bm5m 0.9291 0.6954 Inf 0.3333 1.0233 0.2245 1.0637 0.1444
a27m:bm6m 1.0487 0.817 1.0492 0.01101 1.0573 0.004834
a27m:bm7m 0.8514 0.345 1.0441 0.02268 1.1492 0.008043
a27m:bm8m 1.0251 0.9372 1.0132 0.4918 1.2789 0.1883
a27m:ch1m 1.1839 0.356 Inf 0.3333 Inf 0.3333 0.9688 0.1001 0.9487 0.02525
a27m:ch4m 0.9163 0.6693 0.9902 0.6123 0.2606 0.09434
a27m:ch5m 1.2376 0.2206 1.0152 0.4379 1.4294 0.07248
a27m:ch6m 1.0578 0.8013 0.9779 0.2467 0.9295 0.02175
a27m:l1m 0.5121 1.189e-11 3.5289 0.5671 4.9494 0.1789 0.5312 0.07401 0.7558 3.366e-22
a27m:l2m 0.9082 0.4277 0.4831 1 1 1 0.6572 0.2561 0.3287 0.0004905
a27m:l3m 1.06 0.627 1 1 2.1582 0.6563 0.1993 0.01737 0.0954 0.0002321
a27m:l4m 2.2212 3.004e-15 1 1 1.7412 0.7064 1.3359 0.659 1.478 7.581e-34
a27m:l5m 1.35 0.01554 0.4831 1 1 1 0.184 0.03808 1.1124 6.296e-06
a27m:r10m 1.0216 1 1 1 0.9925 0.7366 0.8906 0.02927
a27m:r4m 0.9507 0.8114 0.9888 0.561 0.6508 0.1227
a27m:r5m 0.8194 0.1217 0.2834 0.5671 0.9719 0.858 0.6188 0.1196
a27m:r8m 0.7821 0.1164 0.322 1 0.9752 0.1912 1.0904 0.06976
a27m:r9m 1.039 0.873 1.0025 0.9033 Inf 0.3333
a28f:a29f 1.3004 0.04026 1.0624 0.0009586 1.1871 3.028e-07
a28f:a30f 0.4188 4.344e-12 0.4841 9.822e-20 0.7512 3.683e-34
a28f:a7f 0.72 0.04256 Inf 1 1.0102 0.5937 0.8978 0.1635
a28f:a8f 3.9372 3.027e-31 Inf 1 Inf 0.002165 27.3031 9.291e-07 1.6867 2.54e-47
a28f:a9f 1.0745 0.6671 1.0634 0.001268 1.0758 0.0004236
a28f:ADr1uf 0.9061 0.5824 Inf 1 1.0538 0.2669 0.2886 0.0064
a28f:bm1f 1.2147 0.2113 0.9846 0.406 0.4838 0.000451
a28f:bm2f 0.9404 0.7203 1.0056 0.7676 1.0736 0.05341
a28f:bm4f 0.9408 0.7544 1.0122 0.5181 0.5934 0.1046
a28f:bm5f 0.8405 0.2688 1.0264 0.1605 0.8295 0.02747
a28f:bm6f 0.7681 0.08119 Inf 1 1.0195 0.3011 1.0553 0.02949
a28f:bm7f 0.8997 0.5127 Inf 0.3333 1.0022 0.9118 1.5943 0.005536
a28f:bm8f 1.0998 0.5892 Inf 1 1.0158 0.4008 0.2328 0.0105
a28f:ch1f 0.7163 0.03716 1 1 0.9986 0.9478 0.6227 0.01
a28f:ch4f 1.3177 0.08115 Inf 1 1 1 0.9899 0.5937 2.0008 0.01244
a28f:ch5f 0.7683 0.09576 1.0028 0.8882 0.891 0.1032
a28f:ch6f 0.9103 0.5914 0.9847 0.4154 0.9223 0.005582
a28f:l1f 0.1385 8.158e-95 0.0245 0.003373 0.0853 9.968e-66 0.436 3.904e-179
a28f:l2f 2.0527 4.694e-11 2.07 1 0.7725 1 1.4253 1.422e-27
a28f:l3f 1.355 0.004549 1 1 0.8345 0.6512 1.2152 8.653e-10
a28f:l4f 9.484 2.047e-113 7.6136 0.1319 15.4095 5.509e-42 2.5043 1.308e-210
a28f:l5f 2.8331 2.121e-22 3.5289 0.5671 1.7594 0.423 1.7582 1.706e-53
a28f:r10f 1.1913 0.3721 1.0032 0.8903 1.0792 0.02662
a28f:r4f 1.5054 0.005308 1 1 1.0438 0.02229 1.228 1.912e-05
a28f:r5f 1 1 3.1058 1 0.9428 0.001982 0.9428 0.001982
a28f:r8f 0.8747 0.3685 0.9931 0.7158 0.8484 0.02897
a28f:r9f 0.8047 0.1613 1.0241 0.1968 0.8488 0.03894
a28m:a29m 1.4986 0.003564 Inf 1 1.0613 0.001473 1.281 2.869e-09
a28m:a30m 0.3757 1.561e-12 0.9153 2.453e-06 0.8585 6.731e-08
a28m:a7m 1.2724 0.1402 Inf 1 1.1154 0.3981 1.7119 0.003369
a28m:a8m 3.1822 1.194e-19 Inf 1 3.5289 0.5671 3.4573 0.0001239 1.5566 8.326e-38
a28m:a9m 1.3659 0.06374 Inf 0.02857 1.0075 0.7054 1.3482 0.01125
a28m:ADr1um 0.7838 0.1755 0.999 0.9628 0.6645 0.03002
a28m:bm1m 0.8009 0.2113 0.9719 0.1325 0.8274 2.448e-05
a28m:bm2m 0.7321 0.06374 0.9996 0.9925 0.3354 0.1308
a28m:bm4m 1.1031 0.6153 1.0067 0.7279 0.2606 0.09434
a28m:bm5m 0.9642 0.8761 1.0011 0.9625 2.0687 0.1352
a28m:bm6m 1.0763 0.6954 1.0004 0.9925 0.9698 0.2684
a28m:bm7m 1.28 0.1354 0.9738 0.1613 0.7308 0.0573
a28m:bm8m 0.9145 0.6315 1.0046 0.8142 0.2606 0.09434
a28m:ch1m 0.9217 0.6801 1 1 0.9698 0.1107 0.8635 0.009359
a28m:ch4m 0.7117 0.04318 0.9765 0.2177 0.803 0.009675
a28m:ch5m 0.7719 0.1493 Inf 0.3333 0.9655 0.06786 0.9258 0.003918
a28m:ch6m 1.0404 0.8709 0.981 0.32 0.8968 0.000741
a28m:l1m 0.1592 2.072e-74 0.071 2.108e-21 0.3901 4.393e-140
a28m:l2m 1.0415 0.771 1 1 0.8109 0.5618 0.4929 0.0002512
a28m:l3m 1.0834 0.5053 0.322 1 0.9163 0.6693 0.5108 4.279e-05
a28m:l4m 6.2746 3.53e-68 Inf 1 3.5289 0.5671 8.0805 1.936e-38 2.0776 3.41e-147
a28m:l5m 2.1092 3.468e-09 1 1 2.9179 1.516e-07 1.2273 5.831e-21
a28m:r10m 0.8348 0.4226 0.9939 0.7862 10.2381 0.05668
a28m:r4m 0.9265 0.6899 Inf 1 1.0315 0.1054 1.1163 0.0001908
a28m:r5m 1.0943 0.5 0.9418 0.5475 1.0452 0.04799
a28m:r8m 1.1392 0.4174 1.0215 0.269 1.2379 0.02669
a28m:r9m 0.9725 0.9334 1.001 0.9628 1.7732 0.04478
a29f:a30f 0.1579 2.547e-74 0.0477 2.758e-37 0.4367 3.46e-143
a29f:a7f 1.1288 0.3239 6.4083 0.4857 1.1302 0.2454 1.0652 0.001639
a29f:a8f 4.0999 9.614e-50 20.443 0.003329 3.9492 2.689e-61 1.8274 1.837e-95
a29f:a9f 3.253 6.134e-24 Inf 1 Inf 0.002165 1.2157 1.538e-27 1.428 1.546e-32
a29f:ADr1uf 1.0949 0.4784 1 1 1 1
a29f:bm1f 0.8949 0.3768 1 1 0.9541 0.005423 0.8759 4.434e-08
a29f:bm2f 1.1297 0.3223 1 1 0.9942 0.7361 1.0983 0.03483
a29f:bm4f 0.9052 0.438 10.9072 0.2063 1.0013 0.9463 0.6254 0.2298
a29f:bm5f 1.246 0.04966 0.2834 0.5671 1.0431 0.01262 1.0964 1.153e-05
a29f:bm6f 1.4924 0.000311 Inf 1 2.5987 0.6193 Inf 0.3333 1.1564 2.427e-09
a29f:bm7f 1.5416 7.976e-05 Inf 1 2.07 1 1.3711 0.0005352 1.4467 1.826e-09
a29f:bm8f 1.2113 0.1011 Inf 0.3333 10.9072 0.2063 1.0559 0.001287 1.0799 0.0001107
a29f:ch1f 0.8435 0.1708 0.4831 1 0.9713 0.08787 0.8475 5.178e-05
a29f:ch4f 0.9404 0.64 Inf 1 1 1 0.9605 0.01818 0.9201 0.003404
a29f:ch5f 0.7267 0.009614 0.0917 0.2063 0.9472 0.001463 0.8969 7.99e-05
a29f:ch6f 0.7728 0.03118 1 1 0.9417 0.0004213 0.8956 1.681e-05
a29f:l1f 0.162 4.43e-121 0.0221 1.61e-05 0.0592 5.486e-44 0.3515 8.483e-267
a29f:l2f 1.9505 3.306e-14 7.6136 0.1319 2.1007 0.0828 1.4955 2.489e-49
a29f:l3f 1.2281 0.01551 2.1582 0.6563 1.1126 1 1.2696 4.307e-09
a29f:l4f 6.3855 7.582e-119 11.2005 0.002216 16.2041 3.501e-43 2.8905 3.38e-297
a29f:l5f 2.6624 6.796e-30 7.6136 0.1319 5.3587 2.135e-05 1.7206 1.248e-75
a29f:r10f 3.2768 1.59e-13 Inf 0.02857 1.1869 4.21e-17 1.3619 1.54e-23
a29f:r4f 28.1095 4.881e-177 Inf 7.396e-07 1.9332 0 1.9332 0
a29f:r5f 1.0644 0.5746 1 1 2.5987 0.6193 1.3341 0.06837 1.1273 1.011e-08
a29f:r8f 2.1459 1.448e-12 3.5289 0.5671 1.1902 7.033e-25 1.3981 1.406e-38
a29f:r9f 1.0634 0.6176 0.4831 1 1.0012 0.9472 3.8769 0.04222
a29m:a30m 0.0913 1.122e-110 0.0159 0.0003459 0.6626 1.418e-132 0.5086 1.233e-181
a29m:a7m 0.8512 0.2037 1 1 0.9269 7.89e-06 0.9136 5.305e-07
a29m:a8m 3.8953 6.915e-46 13.2504 0.02301 22.6175 7.262e-06 2.1047 1.518e-103
a29m:a9m 3.7682 2.463e-29 Inf 0.0001554 1.259 1.262e-37 1.573 1.653e-56
a29m:ADr1um 1.1512 0.2595 0.322 1
a29m:bm1m 0.8873 0.3272 0.9783 0.1964 0.9385 0.007417
a29m:bm2m 1.2098 0.1153 1.0269 0.1183 1.1659 0.009353
a29m:bm4m 1.2603 0.05423 Inf 0.3333 1.0123 0.4729 1.1539 0.003248
a29m:bm5m 1.0536 0.6891 0.2834 0.5671 1.0341 0.04817 1.0803 0.006741
a29m:bm6m 1.2069 0.1044 Inf 0.3333 1.0294 0.08807 1.0545 0.01544
a29m:bm7m 1.2984 0.02064 Inf 0.1 1.0232 0.1767 1.0499 0.01556
a29m:bm8m 1.3083 0.0278 1.0458 0.008218 1.1505 0.0005785
a29m:ch1m 0.5808 8.647e-06 Inf 0.3333 0.976 0.1557 0.6361 5.146e-06
a29m:ch4m 0.6535 0.0007045 0.975 0.1392 0.7778 0.003235
a29m:ch5m 0.6009 2.462e-05 0.9324 4.132e-05 0.9215 5.676e-06
a29m:ch6m 0.8955 0.3955 1 1 0.9588 0.01391 0.9004 0.0003267
a29m:l1m 0.3162 9.558e-48 0.0342 0.0004227 0.088 3.583e-13 0.5095 5.924e-147
a29m:l2m 1.2054 0.03814 1.9048 0.6843 1.8746 0.2512 1.9867 1.699e-07
a29m:l3m 1.0805 0.3905 2.9027 0.3949 1.6176 0.03236 5.2536 8.481e-05
a29m:l4m 3.7837 4.467e-61 9.8848 0.01693 10.5397 2.406e-13 2.2299 2.088e-161
a29m:l5m 1.5778 1.83e-06 2.1582 0.6563 2.7317 0.07934 1.2664 7.187e-21
a29m:r10m 1.9742 1.885e-05 Inf 0.3333 1.1052 7.44e-07 1.4154 7.162e-15
a29m:r4m 8.9468 4.545e-78 Inf 0.002165 1.6831 2.241e-207 2.1023 6.059e-264
a29m:r5m 1.6374 7.995e-07 23.4961 0.02914 1.4496 0.009719 1.2718 1.174e-11
a29m:r8m 3.9629 7.671e-37 13.2504 0.02301 1.3836 7.672e-82 1.52 2.112e-99
a29m:r9m 0.9739 0.863 0.322 1 1.0205 0.2232 1.0294 0.1191
a30f:a7f 1.1626 0.2191 Inf 0.02857 1.1551 0.5832 1.3976 5.489e-07
a30f:a8f 0.2309 2.836e-55 0.0917 0.2063 0.0457 0.000152 0.1814 3.82e-34 0.451 3.503e-109
a30f:a9f 0.4217 2.482e-13 0.0426 0.02914 0.8487 9.205e-20 0.7498 9.697e-29
a30f:ADr1uf 1.7697 2.115e-06 2.07 1 1.2183 5.143e-16 1.333 4.393e-22
a30f:bm1f 1.209 0.1232 3.5289 0.5671 1.0358 0.0407 2.3563 0.004355
a30f:bm2f 0.9481 0.6861 0.2834 0.5671 0.9965 0.8439 0.666 0.02146
a30f:bm4f 0.9381 0.6335 0.2834 0.5671 1.0009 0.9658 1.4387 0.07815
a30f:bm5f 1.081 0.5308 1 1 1.0166 0.3419 1.0518 0.05999
a30f:bm6f 0.9008 0.3912 7.6136 0.1319 0.9586 0.01399 0.9181 0.0004303
a30f:bm7f 1 1 1 1 0.9648 0.03745 0.914 0.005711
a30f:bm8f 0.7794 0.03408 0.2834 0.5671 0.9609 0.02031 0.9201 0.0001265
a30f:ch1f 2.1702 1.652e-10 Inf 0.3333 Inf 0.0005828 1.142 6.061e-15 1.2614 2.225e-22
a30f:ch4f 2.0324 5.829e-09 Inf 0.02857 1.1425 4.662e-15 1.2999 1.019e-24
a30f:ch5f 1.9356 3.769e-08 Inf 0.3333 51.3254 0.001093 1.1391 2.143e-14 1.1643 1.859e-16
a30f:ch6f 1.9331 4.603e-08 Inf 1 Inf 0.02857 1.1689 4.733e-20 1.2216 7.285e-24
a30f:l1f 6.0941 1.166e-120 7.6136 0.1319 47.1697 4.722e-10 12.9797 1.026e-43 2.5686 1.075e-256
a30f:l2f 0.4862 1.505e-16 0.322 1 0.1208 0.01211 0.4754 2.048e-05 0.6689 1.973e-45
a30f:l3f 0.7715 0.002244 1 1 0.309 0.1694 0.659 0.05234 0.7962 4.246e-14
a30f:l4f 0.1691 1.86e-109 0.0426 0.02914 0.0075 3.757e-11 0.0358 3.208e-60 0.3972 3.274e-242
a30f:l5f 0.35 6.607e-33 0.0457 0.000152 0.0568 9.419e-07 0.5923 5.099e-80
a30f:r10f 0.5915 0.001043 0.322 1 0.2834 0.5671 0.9093 3.065e-06 0.8526 8.48e-09
a30f:r4f 0.5932 2.894e-06 1 1 0.186 0.2861 0.9367 0.0001152 0.8599 1.343e-09
a30f:r5f 1.3278 0.005234 10.9072 0.2063 3.8368 0.09434 1.1777 6.817e-05 1.155 9.354e-07
a30f:r8f 2.5388 2.08e-17 Inf 0.3333 16.649 0.008922 1.2854 1.079e-48 1.6496 1.815e-63
a30f:r9f 1.1072 0.3973 0.4831 1 0.9962 0.8266 0.7586 0.08813
a30m:a7m 1.6716 1.985e-05 5.3771 0.2861 1.5151 0.01408 1.2428 5.406e-11
a30m:a8m 0.3262 2.959e-33 0.1012 0.01693 0.1643 4.219e-13 0.6346 1.275e-78
a30m:a9m 0.2586 1.356e-31 0.7749 1.348e-45 0.6542 4.196e-59
a30m:ADr1um 1.8721 2.551e-07 3.5289 0.5671 1.1095 5.595e-10 1.2095 2.425e-13
a30m:bm1m 1 1 1 1 0.9986 0.939 1.8746 0.2512
a30m:bm2m 0.9645 0.8099 1 1 1.0086 0.6221 1.0841 0.2962
a30m:bm4m 0.9593 0.7687 10.9072 0.2063 0.9769 0.1712 0.1208 0.01211
a30m:bm5m 1.1243 0.3319 Inf 0.3333 1.0454 0.009304 1.0471 0.007308
a30m:bm6m 0.9132 0.4589 3.1058 1 1.0095 1 1.0809 0.001711
a30m:bm7m 0.896 0.3631 1 1 1.0352 0.3007 0.5203 0.002101
a30m:bm8m 0.8345 0.1323 0.1313 0.1319 0.948 0.001712 0.9461 0.001291
a30m:ch1m 1.5718 0.0001826 3.5289 0.5671 1.1185 3.446e-11 1.2009 2.722e-14
a30m:ch4m 2.3151 3.534e-12 Inf 0.002165 1.1429 2.578e-15 1.2335 2.005e-18
a30m:ch5m 1.6045 8.964e-05 Inf 0.3333 1.13 5.61e-13 1.2208 4.271e-18
a30m:ch6m 1.7627 1.978e-06 5.3771 0.2861 1.1685 3.495e-20 1.2014 1.824e-21
a30m:l1m 3.5525 2.679e-62 2.07 1 18.3721 5.317e-05 6.3226 1.96e-34 1.9053 2.543e-126
a30m:l2m 0.7373 0.0004823 0.2661 0.2203 0.4482 0.07134 0.7969 3.054e-11
a30m:l3m 0.7838 0.003999 0.2661 0.2203 0.7216 0.008843 0.857 8.114e-09
a30m:l4m 0.2895 5.074e-55 0.0139 1.655e-07 0.0667 1.868e-42 0.5503 1.114e-129
a30m:l5m 0.51 1.578e-12 0.0977 0.05668 0.4706 0.004925 0.757 1.274e-26
a30m:r10m 0.7659 0.09385 0.9355 0.0008943 0.8648 2.428e-06
a30m:r4m 0.6505 0.0001864 0.0602 0.08009 0.9276 7.997e-06 0.7949 7.292e-11
a30m:r5m 1.054 0.6065 Inf 1 1.345 1 1 1 0.9561 0.02033
a30m:r8m 0.7703 0.01538 0.186 0.2861 0.9676 0.05387 0.9404 0.002274
a30m:r9m 0.9863 0.9531 2.07 1 0.9772 0.1705 0.9299 0.01323
a7f:a8f 1.3185 0.007336 0.322 1 0.2834 0.5671 1.3947 0.0001562 1.2575 3.715e-15
a7f:a9f 1.3733 0.01843 3.1058 1 1.1076 2.357e-08 1.1655 1.237e-09
a7f:ADr1uf 1.3862 0.01531 Inf 0.3333 1.2026 1.698e-08 1.1402 1.752e-10
a7f:bm1f 0.9848 0.9506 1.034 0.05189 1.0675 0.007076
a7f:bm2f 0.9356 0.6514 0.322 1 1.0032 0.8573 0.873 0.07711
a7f:bm4f 1.1555 0.2813 1.0163 0.3506 1.1168 0.03917
a7f:bm5f 1.1354 0.3279 3.1058 1 0.9962 0.8305 1.0796 0.2536
a7f:bm6f 1.1646 0.2282 1 1 1.008 0.6499 1.0868 0.01188
a7f:bm7f 1.2631 0.06555 3.1058 1 1.3607 0.01305 1.776 0.0007075
a7f:bm8f 0.9335 0.6208 1.0163 0.3506 1.7206 0.005852
a7f:ch1f 1.0747 0.6385 1 1 1.0303 0.08094 1.1226 0.01059
a7f:ch4f 0.9762 0.899 Inf 1 1 1 1.0534 0.002308 1.0566 0.001575
a7f:ch5f 0.9501 0.7438 1 1 1.0023 0.8983 Inf 0.1
a7f:ch6f 1.1264 0.3964 Inf 1 1.028 0.1062 1.0902 0.01699
a7f:l1f 1.0785 0.3961 1 1 0.4634 0.6563 1 1 0.5733 0.02946
a7f:l2f 0.837 0.06954 1 1 0.2718 0.3469 1 1 0.2126 0.0003181
a7f:l3f 0.9105 0.3322 0.322 1 1 1 0.7185 0.5405 0.91 0.003575
a7f:l4f 0.9551 0.6302 1 1 0.6562 1 0.7061 1 0.8817 0.001846
a7f:l5f 0.8577 0.1169 1 1 0.4634 0.6563 0.5864 1 0.8593 0.001324
a7f:r10f 1.1411 0.5246 1.0655 0.002005 1.1078 6.078e-05
a7f:r4f 0.8194 0.1217 0.9974 0.886 0.5499 0.01707
a7f:r5f 1.8158 1.244e-07 1 1 1.2352 6.998e-32 1.3305 1.105e-39
a7f:r8f 1.2206 0.09458 Inf 0.3333 Inf 0.1 1.0049 0.7803 2.0354 0.00519
a7f:r9f 1.149 0.2908 Inf 1 Inf 1 1.0394 0.02349 1.0495 0.009812
a7m:a8m 1.261 0.02232 1 1 1.3194 0.01711 1.2266 4.975e-09
a7m:a9m 1.6181 0.0001665 0.322 1 1.1322 1.111e-11 1.1585 1.974e-12
a7m:ADr1um 1.287 0.06991 Inf 1 1.0827 2.836e-06 1.2239 2.046e-15
a7m:bm1m 0.8925 0.3884 0.9734 0.1164 5.0187 0.01737
a7m:bm2m 1.1793 0.2099 1.0178 0.3058 1.0646 0.04366
a7m:bm4m 0.9371 0.6554 0.9748 0.1376 0.9356 0.03543
a7m:bm5m 0.9716 0.8572 1.0167 0.3349 1.0591 0.06671
a7m:bm6m 1.0863 0.5394 1.0306 0.1264 1.0649 0.006793
a7m:bm7m 1.1513 0.2729 1.0537 0.1189 1.1558 0.002247
a7m:bm8m 0.7148 0.008698 1.0057 0.7457 0.8442 0.00261
a7m:ch1m 1.0829 0.57 1.0007 0.9729 0.9464 0.2226
a7m:ch4m 1.017 0.9482 Inf 0.3333 1.0234 0.1765 1.0772 0.01822
a7m:ch5m 0.8511 0.2276 Inf 1 0.322 1 1.0012 0.9525 0.471 0.05141
a7m:ch6m 1.4309 0.006086 1.0077 0.6583 1.1638 0.07416
a7m:l1m 1.1618 0.07944 0.156 0.4857 0.6562 1 1.3131 0.2409 1.1162 0.0008106
a7m:l2m 0.8374 0.06986 0.2834 0.5671 0.5908 0.2437 0.8905 0.0002027
a7m:l3m 0.8033 0.01926 0.322 1 0.2834 0.5671 0.4794 0.2763 0.8128 4.197e-05
a7m:l4m 0.6946 2.905e-05 Inf 0.3333 3.5289 0.5671 0.186 0.2861 0.819 1.639e-05
a7m:l5m 0.7762 0.01366 0.4831 1 0.5355 2.419e-08
a7m:r10m 1.5151 0.02005 1.124 7.378e-09 1.1769 4.213e-10
a7m:r4m 1.0754 0.5873 1.0144 0.3999 0.4319 0.08389
a7m:r5m 3.3394 1.267e-29 Inf 0.3333 2.07 1 3.8358 8.896e-09 1.7835 1.23e-73
a7m:r8m 0.9558 0.7331 3.1058 1 0.9728 0.1048 0.9031 0.06658
a7m:r9m 0.9847 0.9505 0.322 1 0.9859 0.4071 0.9339 0.0193
a8f:a9f 3.7762 4.302e-28 Inf 0.02857 24.6242 0.001203 1.3231 4.876e-53 1.4316 2.175e-57
a8f:ADr1uf 0.6362 0.0001826 0.202 0.1789 0.7055 0.0008357 0.7977 7.968e-12
a8f:bm1f 1.0346 0.8154 Inf 0.02857 13.2504 0.02301 1.0256 0.1428 Inf 0.02857
a8f:bm2f 0.9301 0.566 3.1058 1 0.1725 0.05698 1.0071 0.6871 0.396 0.00505
a8f:bm4f 1.1672 0.2021 0.322 1 0.525 0.6843 0.9801 0.2438 0.969 0.175
a8f:bm5f 0.8824 0.2749 1 1 0.3722 0.289 1.0361 0.03969 1.0361 0.03969
a8f:bm6f 1.1048 0.4025 1 1 0.5743 0.7064 0.9965 0.8437 1.0901 0.2064
a8f:bm7f 0.9463 0.6575 1 1 0.5743 0.7064 0.9925 0.6683 3.6796 0.3469
a8f:bm8f 0.8924 0.3389 3.5289 0.5671 3.7578 0.2203 0.9908 0.5952 0.4282 0.1391
a8f:ch1f 0.7814 0.04049 1 1 1 1 0.9637 0.02848 0.7865 2.443e-06
a8f:ch4f 1 1 3.1058 1 3.7578 0.2203 0.966 0.04041 0.8894 0.000101
a8f:ch5f 0.7658 0.02625 1 1 0.4634 0.6563 0.9656 0.03839 0.9519 0.00653
a8f:ch6f 0.7411 0.01212 0.2834 0.5671 0.9582 0.01144 0.8873 5.256e-06
a8f:l1f 0.0298 0 0.0075 3.757e-11 0.0106 1.451e-30 0.0062 6.071e-106 0.4175 0
a8f:l2f 1.529 3.665e-07 9.685 0.005267 8.7521 1.681e-06 7.4824 6.154e-06 8.6604 1.125e-12
a8f:l3f 0.7805 0.002465 2.9815 0.1308 3.3188 0.005306 5.5944 0.001427 0.8559 7.362e-18
a8f:l4f 32.5121 0 450.339 2.053e-13 198.7611 5.842e-38 299.6038 5.144e-72 2.2502 0
a8f:l5f 2.9551 1.115e-38 20.4398 1.982e-05 40.051 1.387e-16 22.5963 2.516e-15 1.6769 6.006e-68
a8f:r10f 1.35 0.06893 1 1 1.0678 0.001329 1.147 8.238e-06
a8f:r4f 1.961 1.485e-09 1 1 1.4162 1 1.0929 8.443e-08 1.4746 5.68e-16
a8f:r5f 1.6083 2.649e-06 2.07 1 1.543 0.7395 1.1155 1.081e-09 1.1858 4.37e-14
a8f:r8f 0.7753 0.02076 3.1058 1 1.2277 1 0.9676 0.05203 0.9421 0.008258
a8f:r9f 0.9938 1 3.5289 0.5671 2.6867 0.289 1.0283 0.1002 1.0552 0.01397
a8m:a9m 2.2727 1.145e-12 3.5289 0.5671 2.8526 0.1939 1.192 6.012e-22 1.4038 9.186e-30
a8m:ADr1um 0.6456 0.0004162 2.07 1 0.5743 0.7064 0.0755 0.02301 0.8916 2.945e-08
a8m:bm1m 0.8914 0.3366 2.07 1 4.7227 0.1152 0.9906 0.5891 0.8126 0.01187
a8m:bm2m 1.0201 0.9083 0.5864 1 1.345 1 1.0244 0.1623 1.0376 0.1147
a8m:bm4m 1.0803 0.5533 3.5289 0.5671 2.6867 0.289 1.0202 0.2471 1.0224 0.2079
a8m:bm5m 1.0866 0.4789 1 1 1 1 1.0166 0.3413 13.2504 0.02301
a8m:bm6m 0.9026 0.3795 0.2834 0.5671 0.1725 0.05698 0.9842 0.359 0.9261 0.02601
a8m:bm7m 1.0556 0.6609 0.2834 0.5671 0.2661 0.2203 0.9927 0.6744 1.8046 0.02105
a8m:bm8m 1.1463 0.2541 0.322 1 1.6271 0.7244 1.005 0.7772 1.1863 0.03682
a8m:ch1m 0.833 0.1304 0.322 1 0.1725 0.05698 0.9704 0.075 0.9324 0.01118
a8m:ch4m 0.9266 0.5561 0.2834 0.5671 1 1 1.0099 0.5625 0.8728 0.003415
a8m:ch5m 0.8137 0.08909 2.07 1 1 1 0.9419 0.000392 0.8822 1.331e-07
a8m:ch6m 0.8531 0.1856 1 1 0.3227 0.2568 0.9394 0.0002089 0.9293 8.869e-05
a8m:l1m 0.04 0 0.126 0.0002996 0.0369 1.49e-20 0.0154 1.326e-113 0.4374 0
a8m:l2m 0.3784 8.58e-32 0.7391 0.7819 0.3437 0.008442 0.4083 0.001356 0.5552 5.812e-68
a8m:l5m 0.8827 0.1575 1.7533 0.5377 1.2747 0.6864 1.7163 0.1387 0.8615 1.238e-11
a8m:r10m 1.9389 2.042e-05 1 1 2.1582 0.6563 1.1098 2.283e-07 1.1961 2.449e-11
a8m:r4m 1.646 9.307e-06 3.5289 0.5671 6.9839 0.02684 1.1133 8.5e-11 1.1944 3.03e-16
a8m:r5m 1.16 0.1231 1 1 1 1 1.8871 0.004854 1.1636 3.031e-11
a8m:r8m 1.424 0.0008503 3.5289 0.5671 0.8145 1 1.0491 0.00454 1.1301 7.12e-05
a8m:r9m 1.231 0.07729 1 1 1.543 0.7395 1.025 0.1452 Inf 0.007937
a9f:ADr1uf 1.0392 0.8352 1.0294 0.5995 0.6181 0.02133
a9f:bm1f 1.0178 0.9471 1.0063 0.7323 1.0562 0.2
a9f:bm2f 1.0547 0.7389 1.0444 0.01624 1.0786 0.005695
a9f:bm4f 1 1 0.9852 0.4127 0.5644 0.08934
a9f:bm5f 1.0493 0.7514 0.9787 0.2348 0.9159 0.006439
a9f:bm6f 0.9098 0.512 Inf 1 5.1912 0.02564
a9f:bm7f 1.0614 0.6952 1.0008 0.9713 1.0858 0.01974
a9f:bm8f 0.9664 0.8445 0.9749 0.1603 0.9538 0.01737
a9f:ch1f 0.8294 0.1819 0.9635 0.04214 0.7732 0.0001582
a9f:ch4f 0.6233 0.0004039 1 1 0.9473 0.003068 0.8513 3.701e-06
a9f:ch5f 0.9421 0.7244 0.991 0.6287 0.9437 0.01662
a9f:ch6f 0.823 0.173 0.9609 0.0294 0.8808 0.0004492
a9f:l1f 0.4902 6.513e-16 0.1753 5.857e-09 0.6331 8.908e-26
a9f:l2f 1.2838 0.01334 0.156 0.4857 1.0961 0.05389 1.3306 3.606e-09
a9f:l3f 1.264 0.01893 0.0917 0.2063 0.7835 0.4751 1.234 1.518e-06
a9f:l4f 1.9 2.273e-12 Inf 0.3333 2.5219 5.343e-10 1.4287 9.057e-24
a9f:l5f 1.5189 2.526e-05 1.474 0.001093 1.3225 4.152e-12
a9f:r10f 171.4915 5.076e-158 Inf 0.02857 2.7015 0 2.7015 0
a9f:r4f 1.4459 0.004869 1.0729 0.000112 1.1801 1.145e-10
a9f:r5f 2.9022 4.268e-20 1.262 1.042e-35 1.5116 5.352e-42
a9f:r8f 1.2698 0.05822 1.0723 0.0001314 1.175 1.862e-06
a9f:r9f 0.9834 0.9484 Inf 1 0.9875 0.4899 13.2504 0.02301
a9m:ADr1um 0.7561 0.05186 0.9625 0.03455 0.8807 0.0008274
a9m:bm4m 1.1973 0.2022 0.9938 0.7384 1.4733 0.03877
a9m:bm5m 0.9442 0.7006 Inf 0.3333 0.9769 0.1998 2.2267 0.117
a9m:bm7m 0.753 0.02804 Inf 1 0.9773 0.2062 0.5328 0.03544
a9m:bm8m 0.9919 1 0.9542 0.009564 0.9481 0.00448
a9m:ch1m 0.8418 0.2254 0.9201 5.526e-06 0.8876 4.986e-07
a9m:ch4m 0.7265 0.0237 0.9451 0.002062 0.9095 7.627e-05
a9m:ch5m 0.7228 0.01877 0.943 0.001376 0.9222 0.0001429
a9m:ch6m 0.7124 0.01483 0.9362 0.0003251 0.8658 4.434e-07
a9m:l1m 0.4399 2.224e-21 0.2834 0.5671 0.3408 7.712e-30 0.5367 4.174e-49
a9m:l2m 1.1172 0.2919 Inf 0.3333 2.219 0.1964 1.1064 0.0002454
a9m:l3m 1.1175 0.2685 Inf 0.3333 1.8826 0.07401 1.1296 2.24e-05
a9m:l4m 2.5916 4.931e-26 16.6032 0.08009 2.8156 1.019e-13 1.5434 8.275e-47
a9m:l5m 1.2111 0.07983 1.9976 0.4935 1.1216 3.552e-07
a9m:r10m 86.0747 1.128e-142 Inf 0.3333 2.4553 0 2.4553 0
a9m:r4m 1.837 2.981e-06 Inf 0.3333 1.0739 9.356e-05 1.2678 8.191e-11
a9m:r5m 2.4739 2.343e-18 3.5289 0.5671 3.9066 7.117e-09 1.5959 3.622e-57
a9m:r8m 2.2355 1.798e-11 Inf 0.3333 1.1215 3.592e-10 1.9607 5.215e-14
a9m:r9m 1.4054 0.01209 1.0219 0.2319 1.0434 0.06366
ADr1uf:bm1f 1.2676 0.06352 1.0111 0.5236 1.1667 0.03945
ADr1uf:bm2f 1.0567 0.7063 1.0045 0.7986 1.087 0.1197
ADr1uf:bm4f 1.0809 0.5745 1.0103 0.5517 1.1294 0.02214
ADr1uf:bm5f 0.745 0.018 0.966 0.04299 0.8467 3.185e-05
ADr1uf:bm6f 0.8744 0.2991 0.9732 0.1118 0.1376 0.0006557
ADr1uf:bm7f 0.8442 0.1818 0.9543 0.006022 0.1526 0.0003365
ADr1uf:bm8f 0.8129 0.1145 0.9954 0.7921 7.6136 0.1319
ADr1uf:ch1f 1.3397 0.02797 Inf 0.3333 1.0653 0.0002106 1.0745 4.995e-05
ADr1uf:ch4f 0.9451 0.7029 1.0091 0.6029 0.2045 0.01182
ADr1uf:ch5f 1.0354 0.8432 1.0205 0.2385 1.0274 0.1628
ADr1uf:ch6f 1.2234 0.136 1.025 0.1497 1.0863 0.02185
ADr1uf:l1f 1.3157 0.001155 0.0245 0.003373 0.0342 0.0004227 1.1686 1.695e-09
ADr1uf:l2f 0.9442 0.5727 Inf 4.114e-05 39.4876 4.877e-05 Inf 2.835e-06 Inf 2.204e-10
ADr1uf:l3f 1.1904 0.05865 Inf 1.083e-05 39.4876 4.877e-05 Inf 7.396e-07 Inf 9.505e-13
ADr1uf:l4f 0.7518 0.001254 3.5289 0.5671 6.4069 0.08611 13.2504 0.02301 0.7992 5.357e-08
ADr1uf:l5f 0.9828 0.889 Inf 4.114e-05 121.768 2.914e-06 Inf 2.835e-06 Inf 5.658e-11
ADr1uf:r10f 1.7424 0.002887 1.0071 0.737 1.2934 0.004744
ADr1uf:r4f 0.9927 1 1.0236 0.1707 1.0374 0.04959
ADr1uf:r5f 1.0602 0.6483 Inf 1 1.0192 0.2937 1.1477 0.05599
ADr1uf:r8f 0.9453 0.6779 1.0524 0.002631 1.104 7.444e-06
ADr1uf:r9f 0.8879 0.3604 Inf 0.3333 Inf 0.02857 1.0032 0.8551 0.9131 0.001911
ADr1um:bm1m 0.9527 0.7504 0.9928 0.6779 1.0337 0.2438
ADr1um:bm2m 1.0683 0.6527 Inf 1 Inf 0.3333 0.996 0.819 1.1536 0.05871
ADr1um:bm4m 0.8588 0.2545 Inf 0.3333 0.9926 0.6655 0.8682 0.0001832
ADr1um:bm5m 1.2499 0.07699 Inf 0.3333 1.0072 0.6779 1.2025 0.001312
ADr1um:bm6m 0.9125 0.4968 1.0133 0.4405 1.1007 0.01735
ADr1um:bm7m 0.8219 0.1246 1.0145 0.4013 1.1108 0.005609
ADr1um:bm8m 0.8885 0.3792 0.9863 0.4206 0.9421 0.1346
ADr1um:ch1m 0.9376 0.6567 1.0136 0.4338 0.7619 0.005792
ADr1um:ch4m 0.9832 0.9481 1.0051 0.7725 0.9453 0.06833
ADr1um:ch5m 1.0248 0.8982 1.0224 0.1977 1.0224 0.1977
ADr1um:ch6m 0.9098 0.512 0.9767 0.168 0.9439 0.01234
ADr1um:l1m 1.4142 7.894e-05 0.0977 0.05668 1.4023 9.143e-08
ADr1um:l2m 1.1 0.3406 23.4961 0.02914 13.2504 0.02301 Inf 0.0001554 39.4876 4.877e-05
ADr1um:l3m 1.1751 0.08819 Inf 0.002165 16.649 0.008922 Inf 0.0001554 79.8643 5.118e-08
ADr1um:l4m 0.8884 0.1978 3.5289 0.5671 2.1582 0.6563 3.5289 0.5671 0.894 1.429e-07
ADr1um:l5m 1.1302 0.2454 Inf 0.002165 20.443 0.003329 Inf 4.114e-05 64.7489 5.296e-07
ADr1um:r10m 0.8586 0.4317 0.9523 0.01545 0.9448 0.006567
ADr1um:r4m 1.0481 0.7542 1.0031 0.8595 2.8116 0.03044
ADr1um:r5m 1.0626 0.6198 Inf 0.3333 3.1058 1 1.7177 0.003793
ADr1um:r8m 1.1279 0.3255 0.9785 0.2021 0.9183 0.007438
ADr1um:r9m 0.9289 0.5846 Inf 0.3333 Inf 0.3333 1.0266 0.1154 1.0473 0.03532
bm1f:bm2f 0.4114 1.078e-12 0.8207 2.119e-31 0.6956 3.568e-40
bm1f:bm4f 1.626 9.225e-05 1 1 1.0998 2.004e-08 1.1791 1.836e-12
bm1f:bm5f 0.5237 2.258e-08 0.8415 2.354e-24 0.6952 3.844e-31
bm1f:bm6f 0.0786 1.518e-99 0.5735 3.056e-234 0.459 1.208e-300
bm1f:bm7f 0.1113 2.087e-73 0.6251 2.916e-168 0.4922 2.272e-224
bm1f:bm8f 0.3114 1.102e-21 0.7881 8.232e-45 0.7337 8.801e-52
bm1f:ch1f 1.1568 0.2794 Inf 1 1.038 0.03164 1.0452 0.01288
bm1f:ch4f 1.1024 0.4831 1.055 0.001955 1.055 0.001955
bm1f:ch5f 1.1464 0.3268 1.0233 0.1859 0.0755 0.02301
bm1f:ch6f 1.0083 1 Inf 0.3333 1.0336 0.05659 1.0383 0.0357
bm1f:l1f 1.0036 1 0.9831 0.8054 0.7311 0.003636
bm1f:l2f 0.9737 0.8139 0.8224 0.2101 0.8843 0.0001144
bm1f:l3f 0.9241 0.4121 0.8068 0.3507 0.8461 0.0001716
bm1f:l4f 1 1 3.1058 1 1.0729 0.6168 1.2357 0.008723
bm1f:l5f 0.9164 0.3746 0.9629 0.8738 0.8802 8.793e-05
bm1f:r10f 1 1 0.9489 0.01043 0.9475 0.009122
bm1f:r4f 0.7985 0.07065 0.9737 0.1212 0.7897 0.03656
bm1f:r5f 1.0472 0.7306 0.9829 0.3431 0.9663 0.2836
bm1f:r8f 1.0211 0.9061 Inf 1 0.9961 0.8244 1.3436 0.1646
bm1f:r9f 1.1501 0.2746 0.9714 0.08782 0.9052 0.002681
bm1m:bm2m 0.1882 3.646e-42 0.7223 2.581e-82 0.6134 3.029e-102
bm1m:bm4m 1.2768 0.05542 1.0669 0.0001299 1.0669 0.0001299
bm1m:bm5m 0.2403 3.076e-32 0.728 1.828e-78 0.5822 8.322e-109
bm1m:bm6m 0.0837 2.876e-88 0.5737 6.971e-235 0.4613 2.366e-302
bm1m:bm7m 0.1363 1.128e-60 0.6385 2.372e-154 0.4632 4.156e-208
bm1m:bm8m 0.5974 2.898e-05 0.907 7.956e-09 0.8311 5.606e-13
bm1m:ch1m 1.0336 0.8471 1.027 0.1245 1.0597 0.01741
bm1m:ch4m 1.1055 0.4768 0.9874 0.4689 0.9499 0.1368
bm1m:ch5m 1 1 0.9849 0.3827 1.0624 0.2094
bm1m:ch6m 0.9092 0.4884 1.0078 0.6598 1.8399 0.1405
bm1m:l1m 1 1 0.322 1 0.9398 0.7189 1.0824 0.006376
bm1m:l2m 1.0188 0.885 0.825 0.00554 0.8956 4.784e-05
bm1m:l3m 0.8218 0.03769 0.91 0.2772 0.8687 0.0001304
bm1m:l4m 0.8117 0.01869 0.9577 0.1521 0.8107 3.961e-05
bm1m:l5m 0.8306 0.07556 0.8323 0.0358 0.8447 1.811e-06
bm1m:r10m 1 1 0.9969 0.8876 0.6742 0.1227
bm1m:r4m 0.9632 0.8065 0.9821 0.2933 0.8941 0.00365
bm1m:r5m 1 1 0.9943 0.7585 2.0299 0.05884
bm1m:r8m 0.9816 0.9115 0.9839 0.3444 1.5293 0.1891
bm2f:bm4f 0.7875 0.05822 Inf 0.3333 0.9509 0.002981 0.8673 0.0003079
bm2f:bm5f 2.9763 3.608e-20 Inf 0.3333 1.2635 2.439e-43 1.4479 9.31e-56
bm2f:bm6f 0.8827 0.3023 0.9607 0.01825 0.9543 0.01296
bm2f:bm7f 0.9933 1 0.9971 0.8723 0.0917 0.2063
bm2f:bm8f 0.1641 4.351e-49 0.6993 9.961e-99 0.5632 4.109e-135
bm2f:ch1f 1.2248 0.1263 1.0276 0.1166 1.0282 0.1108
bm2f:ch4f 1.0491 0.7518 0.9947 0.7628 1.2149 0.02444
bm2f:ch5f 0.9223 0.5669 1.0069 0.6974 0.5761 0.05766
bm2f:ch6f 1.0246 0.8986 0.9885 0.5067 0.3661 0.07934
bm2f:l1f 0.993 0.9666 1 1 0.9305 1 1.0721 0.03271
bm2f:l2f 0.9912 0.9625 1.3203 0.4459 1.6705 0.004174
bm2f:l3f 0.9402 0.5256 0.7929 0.8086 0.0489 0.003329
bm2f:l4f 1.0274 0.7922 0.9879 0.8891 2.0944 0.01495
bm2f:l5f 0.9691 0.7765 0.6618 0.2251 1.1247 0.003627
bm2f:r10f 0.9681 0.9282 0.9963 0.8623 1.0303 0.2604
bm2f:r4f 1.1456 0.2816 1.0369 0.03476 1.1702 0.0009907
bm2f:r5f 0.937 0.6075 0.322 1 1.0754 0.2731 0.7594 0.01619
bm2f:r8f 1.1426 0.2726 1.0321 0.06474 1.0453 0.0362
bm2f:r9f 0.7408 0.01554 0.9564 0.008589 0.944 0.001976
bm2m:bm4m 0.6447 0.0005152 0.9171 3.42e-07 0.8447 1.253e-11
bm2m:bm5m 2.1258 5.1e-10 Inf 1 1.1122 3.666e-10 1.363 5.827e-15
bm2m:bm6m 0.624 0.0001038 0.9142 1.257e-07 0.8444 4.684e-10
bm2m:bm7m 0.6433 0.0002461 0.8924 1.972e-11 0.8924 1.972e-11
bm2m:bm8m 0.1923 1.418e-39 0.7076 2.921e-92 0.5135 4.958e-127
bm2m:ch1m 0.9511 0.7464 1.0063 0.7236 0.386 0.00984
bm2m:ch4m 0.8799 0.3428 1.0066 0.7106 0.9296 0.1152
bm2m:ch5m 0.9764 0.8997 1.0039 0.829 Inf 0.02857
bm2m:ch6m 0.9776 0.9021 1.0247 0.1595 1.073 0.07498
bm2m:l1m 1.1038 0.2661 1.1003 0.0903 1.0843 0.0001674
bm2m:l2m 1.0816 0.4422 0.3445 0.3949 1.5965 0.01363
bm2m:l3m 1.1339 0.1924 Inf 1 1.0338 0.5364 1.3842 0.0205
bm2m:l4m 0.9731 0.7912 1 1 0.7424 0.005388
bm2m:l5m 1.0156 0.9191 0.9883 0.9568 2.1743 0.006612
bm2m:r10m 0.7819 0.1883 0.9769 0.2503 0.949 0.0896
bm2m:r4m 0.8522 0.2054 0.9791 0.2211 0.8904 0.02916
bm2m:r5m 0.7491 0.007807 0.5673 0.01249 0.9155 0.0004183
bm2m:r8m 1.0136 0.9537 0.985 0.3796 0.9496 0.06171
bm2m:r9m 0.9395 0.6618 0.9703 0.07608 0.9157 0.01272
bm4f:bm5f 0.8716 0.2654 0.9678 0.05417 0.962 0.02508
bm4f:bm6f 1.2808 0.04015 Inf 1 1.0692 7.738e-05 1.1648 2.591e-10
bm4f:bm7f 1.3272 0.01732 1.0519 0.002794 1.128 7.404e-07
bm4f:bm8f 1.4132 0.004797 1.0343 0.04719 1.4259 1.129e-08
bm4f:ch1f 0.9106 0.4918 0.9809 0.2664 0.8298 0.0276
bm4f:ch4f 0.9505 0.7448 0.9877 0.4795 0.9596 0.04247
bm4f:ch5f 0.9112 0.4935 1.0004 0.9862 1.261 0.1862
bm4f:ch6f 1.1676 0.2368 0.9901 0.5694 8.052 0.03913
bm4f:l1f 1.2142 0.02758 1.0342 0.6393 2.8296 0.001295
bm4f:l2f 1.1095 0.2956 1 1 1.1556 0.007166
bm4f:l3f 1.1472 0.151 3.5289 0.5671 1.2005 0.003937
bm4f:l4f 0.9347 0.4758 0.7003 0.7635 0.6088 0.001253
bm4f:l5f 1.0181 0.887 3.5289 0.5671 0.0755 0.02301
bm4f:r10f 1.0928 0.667 1.0308 0.1392 1.0308 0.1392
bm4f:r4f 0.9171 0.5087 0.9629 0.02791 0.8817 0.01212
bm4f:r5f 0.9368 0.6069 1 1 1.1304 0.2154
bm4f:r8f 1.0897 0.4902 1.0053 0.7653 0.6102 0.04644
bm4f:r9f 0.7965 0.06912 Inf 1 1.0115 0.5048 1.1133 0.0138
bm4m:bm5m 0.972 0.8582 1.0117 0.4984 2.3154 0.08389
bm4m:bm6m 1.213 0.1128 1.0354 0.04055 1.247 9.338e-06
bm4m:bm7m 1.1547 0.2545 1.0767 1.309e-05 1.1062 7.157e-07
bm4m:bm8m 1.0982 0.4918 0.9625 0.02437 0.9397 0.01305
bm4m:ch1m 0.9914 1 1.0345 0.05034 1.0345 0.05034
bm4m:ch4m 1.0689 0.6514 1.003 0.8699 Inf 0.002165
bm4m:ch5m 0.9071 0.4831 0.9963 0.8356 0.8077 0.03016
bm4m:ch6m 0.8116 0.1131 0.9987 0.945 0.8903 0.0154
bm4m:l1m 0.9443 0.5254 1 1 0.8548 1 0.8372 0.02569
bm4m:l2m 0.9541 0.6624 1.0119 0.7176 1.7007 0.001732
bm4m:l3m 1.075 0.4756 2.6867 0.289 1.7761 0.00052
bm4m:l4m 1.2655 0.01024 0.322 1 1.64 0.4536 1.7844 0.002348
bm4m:l5m 0.9899 0.9597 1.073 0.04059 1.295 0.0001083
bm4m:r10m 0.8827 0.5361 0.9953 0.8243 0.9613 0.2647
bm4m:r4m 1.046 0.7596 0.9812 0.2701 0.9427 0.02555
bm4m:r5m 1.3658 0.005242 1 1 1.562 1.208e-05
bm4m:r8m 1.1693 0.1793 1.0137 0.4284 0.3454 0.03826
bm4m:r9m 0.6661 0.001291 0.9615 0.02038 0.9517 0.004877
bm5f:bm6f 2764.8858 0 1 1 24.6242 0.001203 1156.3944 0 6.4407 0
bm5f:bm7f 1490.8087 0 1 1 16.649 0.008922 6.1865 0 6.1865 0
bm5f:bm8f 0.0683 9.775e-111 0.5229 3.416e-318 0.5156 0
bm5f:ch1f 1.1719 0.2313 1 1 1.0296 0.09159 1.2133 0.006035
bm5f:ch4f 1.1189 0.41 Inf 0.3333 1.0298 0.08963 1.0903 0.003606
bm5f:ch5f 0.9697 0.8524 0.9932 0.6979 1.0538 0.2937
bm5f:ch6f 1.0298 0.8557 Inf 1 1.0252 0.1521 1.7606 0.001428
bm5f:l1f 1.0134 0.9025 3.1058 1 3.8596 0.06286 1.7761 0.00052
bm5f:l2f 0.9673 0.7496 0.2834 0.5671 0.4215 0.238 0.7109 0.002898
bm5f:l3f 1.0512 0.5989 0.2834 0.5671 0.322 1 0.1682 0.01262
bm5f:l4f 1.0148 0.8978 0.0917 0.2063 1 1 0.8668 0.002395
bm5f:l5f 0.9368 0.498 0.0917 0.2063 0.309 0.1694 0.4827 0.0128
bm5f:r10f 1.0605 0.797 1.032 0.1259 1.1337 0.026
bm5f:r4f 1.2693 0.04396 Inf 0.3333 1.064 0.0002969 1.2069 1.263e-07
bm5f:r5f 0.9646 0.7841 0.9699 0.09378 1.3254 0.07156
bm5f:r8f 1.3058 0.02085 1.0397 0.02298 1.2553 2.817e-06
bm5f:r9f 1.1748 0.1929 1.0494 0.004347 1.1481 1.572e-06
bm5m:bm6m 4163.4588 0 20.443 0.003329 7.4059 0 7.4059 0
bm5m:bm7m 2164.7186 0 20.443 0.003329 6.8312 0 6.8312 0
bm5m:bm8m 0.3321 2.312e-20 0.7527 4.394e-63 0.6414 2.643e-80
bm5m:ch1m 0.7874 0.06713 1 1 0.997 0.8699 0.8348 0.03356
bm5m:ch4m 0.9109 0.4926 1.0007 0.9725 0.0917 0.2063
bm5m:ch5m 0.8511 0.2276 1.0034 0.8492 0.8999 0.02763
bm5m:ch6m 0.8454 0.2181 0.9846 0.3743 0.1033 0.005267
bm5m:l1m 1.0277 0.7725 0.4831 1 0.7391 0.7819 0.918 8.567e-06
bm5m:l2m 1.0983 0.3322 1 1 7.6136 0.1319 1.8547 0.00102
bm5m:l3m 1.118 0.2282 1 1 2.5987 0.6193 1.7982 0.0007253
bm5m:l4m 1.0074 0.9658 3.1058 1 0.6626 0.3532 1.063 0.0009443
bm5m:l5m 0.9717 0.8068 3.1058 1 1.2539 0.1776 0.5053 0.01932
bm5m:r10m 1.4843 0.02338 1.0249 0.2268 1.1059 0.003644
bm5m:r4m 1.199 0.1317 1 1 1.0399 0.02226 1.1066 0.0006777
bm5m:r5m 1.0486 0.6809 0.9976 1 1.049 0.01226
bm5m:r8m 1.2143 0.09895 1.0733 3.374e-05 1.1098 6.584e-06
bm5m:r9m 1.4733 0.001357 1.0717 4.256e-05 1.1364 5.527e-06
bm6f:bm7f Inf 0 Inf 0.002165 Inf 1.027e-15 4503599627370496 0 482.6848 0
bm6f:bm8f 4.8714 1.732e-38 1.3439 3.54e-68 1.6758 6.349e-94
bm6f:ch1f 0.8468 0.2081 0.9633 0.03098 0.9093 0.01688
bm6f:ch4f 1.1359 0.3437 0.322 1 0.9994 0.9793
bm6f:ch5f 0.967 0.8458 0.9905 0.5859 0.2228 0.05021
bm6f:ch6f 1.0474 0.7561 0.9842 0.3607 1.7259 0.09698
bm6f:l1f 0.8903 0.1724 3.1058 1 0.2718 0.3469 1.503 0.1984 0.8923 0.0001344
bm6f:l2f 0.7774 0.00792 1 1 0.3833 0.0489 0.7024 0.001665
bm6f:l3f 0.8328 0.04478 0.322 1 0.5359 0.05233 0.6298 0.0008698
bm6f:l4f 1 1 1 1 1 1 0.8722 0.8528 0.4743 0.009562
bm6f:l5f 0.8129 0.02575 1 1 0.4103 0.09832 0.7856 0.001278
bm6f:r10f 0.9725 0.9334 1.0394 0.06026 1.0431 0.04321
bm6f:r4f 1.2222 0.09348 Inf 0.3333 1.0189 0.2772 1.1202 0.02233
bm6f:r5f 0.7581 0.01586 3.1058 1 Inf 0.1 Inf 1.083e-05
bm6f:r8f 1.2084 0.1033 0.322 1 1.0139 0.4229 1.1783 0.03204
bm6f:r9f 1.2398 0.07731 1.0522 0.002651 1.2165 5.341e-08
bm6m:bm7m Inf 0 Inf 2.615e-16 4503599627370496 0 386.3647 0
bm6m:bm8m 3.7959 2.459e-28 Inf 1 1.3499 2.947e-70 1.5174 3.504e-87
bm6m:ch1m 0.8061 0.1004 1.0112 0.5232 0.8811 0.09511
bm6m:ch4m 0.8369 0.1815 1.0012 0.9518
bm6m:ch5m 0.8533 0.2313 1.0493 0.005495 1.0493 0.005495
bm6m:ch6m 1.1339 0.3647 0.9991 0.9656 0.9513 0.1276
bm6m:l1m 1.0285 0.7694 1 1 0.5864 1 1.3237 0.03699
bm6m:l2m 1.2439 0.02502 Inf 0.02857 1 1 1.2462 2.036e-05
bm6m:l3m 1.2462 0.01674 Inf 0.3333 0.8145 1 1.2183 0.0002618
bm6m:l4m 0.9855 0.8978 1 1 0.8145 1 0.4541 0.0003884
bm6m:l5m 1.1609 0.1411 Inf 0.3333 3.5289 0.5671 1.3983 0.001665
bm6m:r10m 0.9695 0.9299 1.0208 0.3134 1.1818 0.06751
bm6m:r4m 1.2903 0.03463 1 1 1.0088 0.6144 1.048 0.07402
bm6m:r5m 0.9614 0.7503 1 1 1 1 1.1807 0.007529
bm6m:r8m 1.0626 0.6198 Inf 0.3333 1.0334 0.05509 1.0647 0.004298
bm6m:r9m 1.4303 0.003068 1 1 1.0658 0.0001691 1.1469 1.086e-08
bm7f:bm8f 3.4319 1.176e-24 Inf 0.3333 1.3907 1.205e-84 1.7326 1.194e-108
bm7f:ch1f 1.0233 0.9014 3.1058 1 1.0015 0.9382 1.5676 0.02966
bm7f:ch4f 0.8851 0.3541 0.9926 0.6728 0.5984 0.06696
bm7f:ch5f 1.1581 0.293 Inf 1 1.0367 0.03751 1.0399 0.02705
bm7f:ch6f 0.9702 0.8535 1.0469 0.008103 1.0469 0.008103
bm7f:l1f 0.8892 0.1702 1 1 0.6562 1 0.3506 0.1939 0.8218 0.003668
bm7f:l2f 0.8042 0.02216 3.1058 1 0.7725 1 0.5388 0.0001404
bm7f:l3f 0.885 0.1906 0.7185 0.5405 0.8438 0.0004307
bm7f:l4f 1.0793 0.4065 1 1 0.3848 0.6193 1 1 1.143 0.004982
bm7f:l5f 0.8934 0.2443 1 1 0.4634 0.6563 0.5923 0.004393
bm7f:r10f 1.3055 0.1315 1.0408 0.05127 1.2099 0.02088
bm7f:r4f 1.4019 0.004838 Inf 0.3333 Inf 0.3333 1.0364 0.03717 1.1926 0.0001144
bm7f:r5f 1.1284 0.3101 3.1058 1 10.2381 0.05668 Inf 0.002165
bm7f:r8f 1.1847 0.1451 0.9865 0.4284 1.0798 0.204
bm7f:r9f 1.4052 0.004693 1.0685 8.943e-05 1.1332 5.207e-07
bm7m:bm8m 3.2399 2.438e-22 1 1 1.3306 6.641e-64 1.6669 7.037e-91
bm7m:ch1m 0.7974 0.07479 1.0103 0.558 0.5934 0.1046
bm7m:ch4m 1.0655 0.6593 0.9716 0.09634 0.9533 0.01182
bm7m:ch5m 1.116 0.4156 1.0321 0.0684 0.4288 0.0117
bm7m:ch6m 0.9444 0.7012 1.032 0.06885 1.0426 0.02462
bm7m:l1m 0.8546 0.06918 0.2834 0.5671 1.2458 0.4516 0.7899 0.004338
bm7m:l2m 1.1927 0.06717 Inf 0.3333 1.2279 0.5658 1.2465 1.426e-05
bm7m:l3m 1.2028 0.04625 Inf 0.3333 1.5239 1 1.2465 0.0001736
bm7m:l4m 1.0582 0.5429 1 1 0.4538 0.3431 1.2267 0.006315
bm7m:l5m 1.168 0.1267 3.1058 1 1.4172 0.4539 1.6374 0.0006686
bm7m:r10m 0.9717 0.9324 1.012 0.5597 0.3722 0.289
bm7m:r4m 1.2579 0.06342 1 1 1.0272 0.1184 1.0737 0.007668
bm7m:r5m 0.9784 0.8754 1 1 1 1 1.0487 0.0134
bm7m:r8m 0.9155 0.4653 3.1058 1 1.0306 0.07793 1.0306 0.07793
bm7m:r9m 1.4986 0.0008552 1.0744 2.165e-05 1.1737 1.106e-10
bm8f:ch1f 0.8116 0.1131 0.9503 0.00324 0.8002 0.00154
bm8f:ch4f 0.7558 0.03421 0.9732 0.1179 0.9293 0.01677
bm8f:ch5f 0.8404 0.1867 0.9678 0.05945 0.9622 0.03219
bm8f:ch6f 0.8369 0.1815 1.0117 0.5064 0.5761 0.05766
bm8f:l1f 0.9618 0.6741 Inf 1 0.7063 0.0002319
bm8f:l2f 0.9566 0.6717 1.8065 0.1777 0.9585 0.02597
bm8f:l3f 0.9594 0.6822 0.9058 0.6495 0.9473 0.01047
bm8f:l4f 0.931 0.4349 1.3391 0.3077 4.6446 0.003804
bm8f:l5f 0.9371 0.5146 0.9972 1 2.1903 0.02374
bm8f:r10f 1.1991 0.3384 0.9852 0.4699 0.2606 0.09434
bm8f:r4f 0.8102 0.08579 0.9754 0.1483 0.7232 0.004044
bm8f:r5f 0.9507 0.6938 3.1058 1 0.9918 0.6572 1.6692 0.1493
bm8f:r8f 0.7678 0.02317 0.9573 0.01076 0.942 0.0009614
bm8f:r9f 0.7751 0.04338 0.9423 0.0004516 0.9357 0.0002032
bm8m:ch1m 1.0342 0.8458 Inf 1 1.0238 0.1759 1.2001 0.004607
bm8m:ch4m 0.9078 0.4849 1.0317 0.07156 1.0478 0.01445
bm8m:ch5m 1.0666 0.6567 Inf 1 1.0054 0.7625 1.2835 0.01084
bm8m:ch6m 0.9917 1 1.0135 0.4426 1.0698 0.06238
bm8m:l1m 0.8695 0.1029 0.9376 0.239 0.928 0.0003508
bm8m:l2m 0.9099 0.3428 0.8548 0.6158 1.1388 0.003056
bm8m:l3m 1 1 1.1272 0.08054 1.0791 0.003215
bm8m:l4m 1.1656 0.0878 1 1 1.0138 0.9012 1.2028 6.122e-05
bm8m:l5m 1.1172 0.2919 1.0324 0.7547 1.1182 0.005162
bm8m:r10m 1.0665 0.7876 1.0041 0.8481 0.6736 0.09543
bm8m:r4m 1.2305 0.1003 1.0595 0.0007531 1.1212 0.0001299
bm8m:r5m 0.7919 0.03285 0.9434 0.04496 0.79 7.541e-05
bm8m:r8m 0.8804 0.2836 0.9351 8.702e-05 0.8719 1.085e-06
bm8m:r9m 0.8194 0.1217 0.9718 0.09253 0.8744 0.0001511
ch1f:ch4f 16.0785 1.616e-109 1.9442 0 1.9442 0
ch1f:ch5f 8024.3578 0 Inf 0.1 6.8886 0 6.8886 0
ch1f:ch6f 4503599627370496 0 Inf 0.02857 12.2882 0 12.2882 0
ch1f:l1f 1.4709 4.136e-06 1.5526 0.007053 1.3529 2.461e-12
ch1f:l2f 0.6935 0.0001078 0.8871 0.4604 0.7466 4.192e-06
ch1f:l3f 0.835 0.05156 1.0926 0.8077 0.6819 0.0003803
ch1f:l4f 0.8752 0.132 0.6591 0.005483 0.8196 4.982e-09
ch1f:l5f 0.7011 0.0001364 0.5753 0.04865 0.7428 1.002e-07
ch1f:r10f 1.1307 0.5393 0.9842 0.4431 0.5117 0.014
ch1f:r4f 0.9725 0.8595 Inf 1 0.9982 0.9197 0.885 0.09364
ch1f:r5f 0.9939 1 1.0376 0.04017 1.0607 0.005028
ch1f:r8f 1.0706 0.5991 0.9996 0.9864 1.0697 0.07678
ch1f:r9f 1 1 1.0255 0.1409 1.4258 0.002394
ch1m:ch4m 55.8012 5.888e-204 Inf 0.3333 2.3568 0 2.3568 0
ch1m:ch5m 9560.0183 0 Inf 0.02857 7.084 0 7.084 0
ch1m:ch6m 4503599627370496 0 Inf 0.0005828 24.6597 0 24.6597 0
ch1m:l1m 1.4984 2.196e-06 1.1284 0.712 1.1335 3.101e-08
ch1m:l2m 1 1 0.3445 0.3949 0.7384 0.003571
ch1m:l3m 1.1202 0.2331 0.4634 0.6563 0.7833 0.003458
ch1m:l4m 0.7689 0.003005 10.9072 0.2063 0.8191 2.148e-05
ch1m:l5m 0.9242 0.4566 0.6718 0.08342 0.5864 0.001948
ch1m:r10m 0.9717 0.9324 1.0193 0.3486 1.1119 0.02126
ch1m:r4m 0.9599 0.7702 0.9705 0.07543 0.9663 0.04537
ch1m:r5m 0.9893 0.9586 1.0505 0.08954 1.078 0.006965
ch1m:r8m 0.9935 1 0.9721 0.09967 0.8809 0.008575
ch1m:r9m 1.0759 0.586 0.9934 0.7018 1.119 0.255
ch4f:ch5f 77.7717 2.496e-232 2.6052 0 2.6052 0
ch4f:ch6f 26.0132 2.187e-143 Inf 0.1 2.0596 0 2.0596 0
ch4f:l1f 1.1188 0.1941 Inf 1 0.7219 0.4691 1.5401 7.66e-08
ch4f:l2f 0.8952 0.2587 0.5664 0.2752 0.3731 0.005022
ch4f:l3f 0.8584 0.1019 0.8283 0.8274 1.1242 0.009787
ch4f:l4f 0.8527 0.07408 1 1 0.6871 4.603e-06
ch4f:l5f 0.9069 0.3222 0.9563 1 0.4278 0.01469
ch4f:r10f 0.8373 0.3438 0.9992 0.9755 4.4884 0.05021
ch4f:r4f 0.9856 0.9519 0.9806 0.249 0.9464 0.03685
ch4f:r5f 0.8563 0.1719 0.9465 0.002236 0.777 0.001594
ch4f:r8f 1.1133 0.3849 1.0316 0.07021 3.9175 0.009049
ch4f:r9f 1.0303 0.8546 1.0026 0.885 1.1067 0.005207
ch4m:ch5m 93.1839 7.198e-243 Inf 0.3333 2.6014 0 2.6014 0
ch4m:ch6m 29.2766 9.421e-153 2.1466 0 2.1466 0
ch4m:l1m 1.2532 0.008689 Inf 0.3333 1.2204 0.1217 1.2575 5.512e-05
ch4m:l2m 0.9863 0.9236 0.8212 0.3436 0.4646 0.02036
ch4m:l3m 0.9582 0.6777 1 1 0.5848 0.01296
ch4m:l4m 0.7226 0.0002637 0.665 0.01061 0.8288 4.825e-09
ch4m:l5m 0.9602 0.7244 0.9876 1 0.3575 0.003157
ch4m:r10m 1.0275 0.9343 0.9672 0.1004 0.9015 0.03919
ch4m:r4m 1.1506 0.2604 0.9659 0.03973 0.9417 0.004182
ch4m:r5m 0.6308 1.406e-05 0.6008 0.07938 0.6909 1.568e-05
ch4m:r8m 0.9611 0.7736 0.9977 0.8982
ch4m:r9m 1.0605 0.6713 0.9814 0.2727 1.2438 0.0093
ch5f:ch6f 319.305 0 Inf 0.1 3.7488 0 3.7488 0
ch5f:l1f 1.3319 0.0009683 1.0907 0.1576 1.2117 2.916e-07
ch5f:l2f 0.9559 0.669 Inf 1 1 1 0.9085 0.008342
ch5f:l3f 0.9915 0.9633 Inf 1 1.3032 0.5841 1.697 0.0739
ch5f:l4f 0.7961 0.0115 0.8208 0.0167 0.8763 2.578e-06
ch5f:l5f 0.7483 0.00272 0.8123 0.8187 0.7077 0.0007321
ch5f:r10f 1.0928 0.667 0.9531 0.01928 0.9218 0.003093
ch5f:r4f 0.9168 0.5079 0.9773 0.177 0.9641 0.07781
ch5f:r5f 0.7964 0.05247 1 1 0.9543 0.05447
ch5f:r8f 1.106 0.417 0.9939 0.7256 1.3323 0.1708
ch5f:r9f 1.1515 0.2871 Inf 1 0.9936 0.7136 1.1685 0.02136
ch5m:ch6m 1053.7115 0 Inf 0.3333 4.8139 0 4.8139 0
ch5m:l1m 1.3072 0.001901 Inf 1 1 1 1.3426 1.656e-15
ch5m:l2m 0.9628 0.7333 1.158 0.4698 0.5087 0.01645
ch5m:l3m 0.9661 0.7452 1.1844 0.4074 1.8077 0.0293
ch5m:l4m 0.7244 0.0002784 0.4862 0.03704 0.8561 1.099e-11
ch5m:l5m 0.8796 0.2343 0.8762 0.3349 0.5334 0.003029
ch5m:r10m 1.2079 0.3061 1.0086 0.6794 1.6741 0.04197
ch5m:r4m 0.8354 0.1414 0.971 0.08331 0.9294 0.02513
ch5m:r5m 0.9782 0.8747 1.0391 0.2101 0.4592 0.005297
ch5m:r8m 0.7952 0.0517 0.9869 0.4459 0.7909 0.007983
ch5m:r9m 1.0315 0.8519 0.9913 0.6141 7.6136 0.1319
ch6f:l1f 1.5744 7.239e-08 1.2835 0.05698 1.344 3.193e-14
ch6f:l2f 0.8685 0.1457 0.918 0.6389 0.9356 0.0001294
ch6f:l3f 0.9039 0.2805 0.9468 0.8485 0.7799 0.008331
ch6f:l4f 0.8134 0.02045 0.7435 1 0.8312 6.697e-11
ch6f:l5f 1.0086 0.9631 0.969 0.8848 0.8649 3.571e-06
ch6f:r10f 1.0654 0.7893 0.9808 0.3473 0.9302 0.06106
ch6f:r4f 0.9862 0.9529 1.0144 0.4002 0.9414 0.1548
ch6f:r5f 1.2128 0.1 Inf 1 1.1217 0.5225 1.1713 0.0008792
ch6f:r8f 1.0559 0.6831 1.0171 0.326 0.3013 0.005306
ch6f:r9f 1.1172 0.3947 1.0314 0.07094 1.1746 0.001168
ch6m:l1m 1.5445 4.181e-07 Inf 1 2.2036 0.3431 1.2976 2.826e-16
ch6m:l2m 1.0184 0.886 1.1452 1 0.8677 0.005641
ch6m:l3m 1.0218 0.8528 2.4658 0.4338 0.8629 0.004408
ch6m:l4m 0.7099 0.0001494 1 1 0.7668 2.551e-17
ch6m:l5m 1.0634 0.5775 0.5704 0.5377 0.8354 0.002225
ch6m:r10m 1.1191 0.557 0.9887 0.5797 1.0696 0.09664
ch6m:r4m 0.9445 0.6757 0.9911 0.6018 0.8348 0.1251
ch6m:r5m 0.8039 0.04442 0.8888 0.2339 Inf 0.02857
ch6m:r8m 0.8004 0.06307 0.976 0.1585 0.5799 0.000196
ch6m:r9m 0.9708 0.8551 0.979 0.2166 0.9559 0.03289
l1f:l2f 0.2677 3.687e-88 0.2453 1.671e-15 0.275 1.084e-20 0.3097 2.239e-20 0.4047 1.254e-275
l1f:l3f 11.3676 1.119e-304 7.8628 4.098e-34 8.0928 1.285e-54 8.1493 1.08e-86 2.3487 0
l1f:l4f 7e-04 0 0.0156 4.366e-126 0.0059 1.018e-300 0.0033 0 0.0637 0
l1f:l5f 0.0592 0 0.1153 2.539e-37 0.0961 4.469e-67 0.0816 4.433e-166 0.3513 0
l1f:r10f 0.7828 0.0799 2.6867 0.289 1 1 0.9279 0.0002523 0.8539 1.87e-07
l1f:r4f 0.4122 1.401e-18 0.4739 0.211 0.3793 0.007033 0.842 6.691e-25 0.6862 5.06e-30
l1f:r5f 1.4234 0.00013 1.3918 0.5405 1.5293 0.1891 1.5589 0.0006066 1.128 5.569e-07
l1f:r8f 0.9188 0.4096 0.9037 1 1.1134 0.8695 0.9846 0.3628 Inf 0.02857
l1f:r9f 0.7493 0.00568 0.2545 0.004275 0.4099 0.009693 0.9412 0.0002745 0.8987 3.405e-07
l1m:l2m 2.2252 3.836e-33 3.0648 8.479e-10 3.2739 9.708e-17 2.9807 3.741e-11 1.977 8.554e-69
l1m:l3m 12.1209 0 10.4817 6.123e-46 12.3314 2.979e-80 11.8502 2.445e-157 2.3187 0
l1m:l4m 8e-04 0 0.018 1.828e-123 0.0075 2.386e-291 0.0033 0 0.0569 0
l1m:l5m 0.3134 1.901e-60 0.3663 9.975e-09 0.3551 1.703e-13 0.3459 6.668e-09 0.4489 9.193e-197
l1m:r10m 0.8003 0.1257 3.8368 0.09434 1.3557 0.6509 0.9303 0.0003215 0.8715 1.079e-06
l1m:r4m 0.6191 3.06e-06 2.0191 0.225 0.9425 1 0.8678 1.03e-17 0.8268 7.443e-20
l1m:r5m 1.1196 0.2002 1 1 1.0971 0.8034 1.0442 0.5953 1.1828 0.002071
l1m:r8m 0.7915 0.01668 2.3154 0.08389 1.0468 1 0.9706 0.0776 0.7826 0.0003135
l1m:r9m 0.7373 0.004128 0.4103 0.09832 0.3144 0.001766 0.9247 2.43e-06 0.8782 1.032e-07
l2f:l3f 4503599627370496 0 6519.2404 4.993e-272 9555.5039 0 4503599627370496 0 466.7205 0
l2f:l4f 166.9587 0 24.7818 5.146e-62 38.4263 2.27e-116 94.6302 0 5.3877 0
l2f:l5f Inf 0 Inf 4.634e-301 Inf 0 4503599627370496 0 329.9978 0
l2f:r10f 1.1694 0.3117 0.2117 0.1152 0.5175 0.3868 1.001 0.9675 1.1225 0.203
l2f:r4f 1.2111 0.07983 0.3032 0.02832 0.4478 0.05604 1.0854 9.326e-07 1.1377 3.417e-11
l2f:r5f 0.8425 0.0925 0.3955 0.06938 0.5455 0.1169 0.9846 0.6789 0.8507 0.008373
l2f:r8f 0.9693 0.7989 1 1 0.9305 1 0.9664 0.04377 0.9525 0.01346
l2f:r9f 1.2293 0.05722 4.5903 0.00262 3.0352 0.002939 1.0118 0.4853 1.052 0.03266
l2m:l3m 4503599627370496 0 4503599627370496 2.93e-293 4503599627370496 0 4503599627370496 0 470.3703 0
l2m:l4m 18.5636 0 7.4897 4.562e-27 8.9694 8.957e-49 11.6575 1.405e-97 2.8232 0
l2m:l5m 4503599627370496 0 Inf 4.81e-295 4503599627370496 0 4503599627370496 0 73.9088 0
l2m:r10m 1.2519 0.1544 1 1 1.1452 1 1.0301 0.1429 1.158 0.006228
l2m:r5m 1.2628 0.0147 0.4482 0.07134 0.8345 0.6512 1.3268 0.3154 1.3329 2.378e-08
l2m:r8m 1.4343 0.0004212 0.9081 1 1.2634 0.6071 1.0766 1.158e-05 1.2917 2.049e-07
l2m:r9m 1.2112 0.0898 5.7823 0.002046 2.6957 0.01932 1.0554 0.001143 1.1208 3.657e-06
l3f:l4f 103.0886 0 26.6117 1.272e-76 36.4042 4.491e-134 66.0833 0 5.4028 0
l3f:l5f 4503599627370496 0 16175.0206 0 13023.555 0 4503599627370496 0 244.2203 0
l3f:r10f 1.1623 0.3405 0.3722 0.289 0.8732 1 0.9986 0.9513 1.0736 0.05952
l3f:r4f 1.1175 0.3166 0.3454 0.03826 0.6254 0.2298 1.0607 0.0004191 1.102 8.511e-06
l3f:r5f 0.9591 0.7002 0.4174 0.05999 0.5809 0.1158 1.0121 0.507 0.2563 0.01938
l3f:r8f 1.0786 0.482 1.1066 1 0.8866 0.8619 0.9701 0.07276 0.9522 0.01115
l3f:r9f 1.0908 0.4343 1.434 0.5227 1.5216 0.2561 1.0138 0.4155 2.0687 0.1352
l3m:l4m 86.204 0 26.2028 2.917e-78 32.7409 9.372e-136 53.5956 0 5.3118 0
l3m:l5m 4503599627370496 0 9413.7443 0 12733.3712 0 14359.1766 0 100.9078 0
l3m:r10m 1.3402 0.05553 1.2569 1 1.5527 0.4798 1.035 0.08816 1.1546 0.001066
l3m:r4m 1.0934 0.4279 0.1945 0.002844 0.2401 0.0005372 1.0229 0.1728 0.8375 0.04821
l3m:r5m 1.5157 7.172e-06 1 1 1.0846 0.8865 1.9131 0.006315 1.3243 5.067e-14
l3m:r8m 1.4236 0.0005845 0.8419 0.835 0.9484 1 1.082 2.912e-06 1.1749 7.54e-11
l3m:r9m 1.2776 0.02681 3.1923 0.01587 2.351 0.02327 1.0444 0.008908 1.0866 0.0005421
l4f:l5f 1440.5494 0 138.5313 6.224e-142 294.1235 5.654e-291 466.8873 0 13.7718 0
l4f:r10f 1.5755 0.001571 0.4538 0.3431 0.8934 1 1.0862 4.975e-05 1.1933 3.22e-08
l4f:r4f 2.5604 1.062e-19 1.353 0.7819 3.5678 0.001485 1.2099 2.964e-30 1.3147 1.163e-38
l4f:r5f 0.7055 0.0002727 1.0879 1 0.8842 0.7741 0.954 0.00871 0.859 2.588e-05
l4f:r8f 1.0601 0.5874 2.6615 0.06218 1.8826 0.07401 0.9924 0.6558 0.6844 0.147
l4f:r9f 1.0644 0.5746 2.0191 0.225 1.5576 0.2433 1.024 0.1559 1.2832 0.02549
l4m:l5m 609.3112 0 148.4871 5.258e-134 208.2575 6.485e-234 267.7375 0 8.0903 0
l4m:r10m 1.4587 0.01128 5.7982 0.05698 1.353 0.7819 1.0908 1.581e-05 1.2724 6.755e-08
l4m:r4m 2.048 1.688e-11 3.1687 0.06044 4.3713 0.0002022 1.1732 4.417e-22 1.2094 1.877e-24
l4m:r5m 0.9692 0.7571 1.3279 0.571 1.1158 0.7865 1.3604 0.07898 1.1526 0.00561
l4m:r8m 1.4704 0.0001062 1.1878 0.835 1.3584 0.4234 1.1095 6.641e-10 1.2172 1.981e-13
l4m:r9m 1.4244 0.001239 1.5039 0.5999 1.9725 0.1198 1.0414 0.01464 1.1303 0.00134
l5f:r10f 1.1029 0.5548 0.2661 0.2203 0.5175 0.3868 1.0261 0.2098 1.0995 0.001446
l5f:r4f 1.6223 6.676e-06 0.4282 0.1391 0.5654 0.1857 1.1177 3.007e-11 1.2216 6.468e-17
l5f:r5f 0.8741 0.1856 0.4142 0.07663 0.5848 0.1667 0.7116 0.0718 0.078 0.0009049
l5f:r8f 0.959 0.7202 1.64 0.4536 1.5093 0.3532 0.987 0.4431
l5f:r9f 1.2637 0.03044 3.2979 0.02832 2.3693 0.03717 1.027 0.1109 1.1906 0.003995
l5m:r10m 0.9082 0.587 2.9027 0.3949 2.2036 0.3431 1.0289 0.1598 1.1189 0.01069
l5m:r4m 1 1 0.1481 0.006004 0.2354 0.004926 1.0298 0.07908 1.0844 0.002771
l5m:r5m 0.9908 0.9617 0.4051 0.1269 0.4852 0.06976 0.7395 0.2997 0.7418 0.04074
l5m:r8m 1.5959 7.481e-06 0.8732 1 1 1 1.125 3.008e-12 1.1565 2.797e-13
l5m:r9m 1.5064 0.0002951 15.0357 6.319e-06 5.443 0.0001717 1.0809 2.807e-06 1.1323 1.715e-07
r10f:r4f 2.5707 1.184e-09 1.1891 1.768e-17 1.3414 1.385e-25
r10f:r5f 4.209 1.067e-25 Inf 0.3333 1.3607 3.466e-51 1.6333 6.829e-72
r10f:r8f 1.1209 0.4711 1.0412 0.04835 Inf 0.007937
r10f:r9f 0.9227 0.6821 1 1 0.8902 0.01876
r10m:r4m 1.9711 4.682e-05 1.0964 4.88e-06 1.2995 4.947e-11
r10m:r5m 5.2638 1.995e-38 1.3699 1.734e-54 1.7427 9.775e-81
r10m:r8m 1.7001 0.0004174 1.0409 0.04752 1.4542 0.001811
r10m:r9m 1.2141 0.26 0.982 0.3713 0.9586 0.1462
r4f:r5f 2.4207 3.985e-16 1.1697 2.435e-18 1.433 1.205e-32
r4f:r8f 3.4545 1.396e-27 1.2897 8.186e-51 1.3836 4.08e-63
r4f:r9f 1.0577 0.6784 1.0529 0.002348 1.0537 0.002179
r4m:r5m 2.2385 3.115e-14 Inf 0.3333 2.1798 1.2e-13 1.6855 2.062e-27
r4m:r8m 2.3325 1.147e-13 1.1495 1.784e-16 1.4571 8.439e-30
r4m:r9m 1.022 0.9041 1.0371 0.03155 1.1514 0.007922
r5f:r8f 2.3079 2.003e-13 20.443 0.003329 1.1697 2.489e-18 1.3802 5.032e-32
r5f:r9f 0.8051 0.08685 0.4831 1 0.9928 0.6937 0.8096 0.08524
r5m:r8m 1.9043 5.479e-09 Inf 0.007937 7.6062 0.00277 1.1308 7.994e-12 1.3515 3.643e-19
r5m:r9m 1.2927 0.04259 Inf 1 1 1 0.9989 0.9571 1.3276 0.1313
r8f:r9f 1.1288 0.3239 1.0248 0.1503 1.0506 0.01301
r8m:r9m 1.176 0.1812 1.0798 5.94e-06 1.0888 1.38e-06
