Trait	Intercept	Intercept_SE	GC	GC_SE	PValue
100m	100m	0.981	0.0069	1.0	6.1013e-09	0.0
100m	126m	0.8379	0.0098	0.498	0.1005	7.2469e-07
100m	136m	0.8638	0.0076	0.0656	0.0776	0.398
100m	144m	0.7966	0.008	-0.2811	0.0802	0.0005
100m	151m	0.972	0.0068	-0.2154	0.1214	0.0758
100m	152m	0.9651	0.0077	0.1823	0.145	0.2086
100m	157m	0.8726	0.0088	0.0253	0.0944	0.7883
100m	163m	0.8675	0.0095	0.4371	0.1063	3.9013e-05
100m	169m	0.8603	0.0079	-0.1158	0.0876	0.1863
100m	175m	0.8729	0.0081	0.3177	0.0956	0.0009
100m	181m	0.8903	0.0075	-0.2985	0.1045	0.0043
100m	187m	0.9031	0.0077	-0.1171	0.1028	0.2547
100m	4212m	1.0034	0.0104	0.1153	0.148	0.4362
100m	4370m	1.0248	0.0101	-0.0688	0.1889	0.7156
100m	4373m	0.9984	0.0076	0.0746	0.1241	0.5476
100m	49m	0.9427	0.007	0.0828	0.1088	0.4467
100m	52m	0.9739	0.0066	-0.061	0.1356	0.6526
100m	97m	0.9755	0.0077	0.1145	0.1579	0.4685
100m	99f	0.9838	0.0067	0.824	0.2031	4.9781e-05
100m	a13m	1.0007	0.0111	-0.0176	0.0897	0.8444
100m	a1m	0.9966	0.0082	0.0753	0.0979	0.4414
100m	a21m	1.0207	0.0074	-0.4261	0.1434	0.003
100m	a22m	1.0181	0.0075	-0.0119	0.0791	0.88
100m	a27m	1.0263	0.0314	-0.1042	0.1434	0.4675
100m	a28m	0.9864	0.0228	-0.1327	0.172	0.4404
100m	a29m	1.0186	0.0094	-0.0955	0.0928	0.3038
100m	a30m	0.9538	0.009	-0.0669	0.0798	0.4023
100m	a7m	0.962	0.0086	0.1039	0.1168	0.3738
100m	a8m	1.0425	0.0157	-0.2446	0.0831	0.0032
100m	a9m	1.0089	0.0088	0.124	0.1145	0.279
100m	ADr1um	0.9747	0.0149	0.1577	0.2269	0.487
100m	bm1m	1.0087	0.0068	-0.0426	0.1754	0.808
100m	bm2m	0.9956	0.0079	-0.2194	0.1962	0.2636
100m	bm4m	0.9948	0.0072	-0.1168	0.1882	0.5349
100m	bm5m	1.008	0.0075	-0.2291	0.1207	0.0578
100m	bm6m	0.9974	0.0086	-0.0915	0.1238	0.4596
100m	bm7m	1.0046	0.0082	-0.153	0.1289	0.2353
100m	bm8m	1.0123	0.0068	0.0092	0.1905	0.9613
100m	ch1m	0.9992	0.0073	0.0081	0.1871	0.9653
100m	ch4m	0.9976	0.0066	-0.1423	0.1904	0.4551
100m	ch5m	1.0009	0.0068	0.0663	0.2033	0.7443
100m	ch6m	0.9889	0.0065	-0.0478	0.1737	0.7832
100m	l1m	1.0901	0.0374	0.076	0.0539	0.1582
100m	l2m	1.0562	0.0303	-0.0207	0.0712	0.7716
100m	l3m	1.0982	0.0339	0.0059	0.0615	0.923
100m	l4m	1.0588	0.0327	-0.0466	0.0635	0.4628
100m	l5m	1.0693	0.0254	-0.0295	0.067	0.6601
100m	r10m	0.9959	0.0087	-0.0101	0.1862	0.9568
100m	r4m	1.0136	0.0072	-0.1988	0.1499	0.1846
100m	r5m	1.0072	0.0115	-0.0597	0.0642	0.3517
100m	r8m	1.009	0.008	0.0408	0.0996	0.6822
100m	r9m	0.9956	0.0067	-0.1746	0.1609	0.278
126m	126m	0.8355	0.0094	1.0	2.2340e-06	0.0
126m	127f	0.8266	0.0109	0.9504	0.0253	9.0022e-309
126m	136m	0.864	0.0074	0.584	0.0289	1.1098e-90
126m	144m	0.7957	0.0078	-0.073	0.0306	0.017
126m	151m	0.9725	0.007	-0.0994	0.0583	0.0881
126m	152m	0.9652	0.0073	-0.0475	0.0651	0.465
126m	157m	0.8737	0.0087	0.4591	0.0375	1.5513e-34
126m	163m	0.8672	0.0095	0.8468	0.0251	3.1767e-249
126m	169m	0.8607	0.0078	0.2499	0.0365	7.2700e-12
126m	175m	0.8741	0.0081	0.652	0.0274	1.0035e-124
126m	181m	0.8903	0.0076	-0.1691	0.0433	9.3537e-05
126m	187m	0.9035	0.0076	-0.1432	0.0497	0.0039
126m	4212m	1.0042	0.0099	0.0538	0.0627	0.3906
126m	4370m	1.0236	0.0102	-0.0545	0.0728	0.4539
126m	4373m	0.9974	0.0078	0.0697	0.051	0.1718
126m	49m	0.9436	0.0074	0.1967	0.044	7.8326e-06
126m	52m	0.9718	0.0069	-0.041	0.0527	0.4365
126m	97m	0.9788	0.0077	0.8434	0.0868	2.5535e-22
126m	a13m	0.9993	0.0126	-0.1529	0.0338	6.1670e-06
126m	a1m	0.9965	0.009	-4.9891e-05	0.0413	0.999
126m	a21m	1.0198	0.0073	-0.3928	0.0626	3.6143e-10
126m	a22m	1.0137	0.0082	-0.1094	0.0376	0.0036
126m	a27m	1.0224	0.0312	0.0799	0.0507	0.1151
126m	a28m	0.9754	0.0212	0.0379	0.0641	0.5547
126m	a29m	1.0178	0.0093	-0.0424	0.0357	0.2352
126m	a30m	0.9539	0.0084	0.1024	0.0301	0.0007
126m	a7m	0.9608	0.0084	-0.0194	0.0464	0.6766
126m	a8m	1.037	0.0154	-0.0295	0.0322	0.3597
126m	a9m	1.0073	0.0083	-0.0774	0.0427	0.0696
126m	ADr1um	0.9822	0.0216	-0.1335	0.1255	0.2873
126m	bm1m	1.006	0.007	0.0306	0.0633	0.6294
126m	bm2m	0.9943	0.008	-0.0669	0.0677	0.3229
126m	bm4m	0.9935	0.0074	-0.0512	0.0788	0.5156
126m	bm5m	1.0063	0.0075	-0.0682	0.0516	0.1859
126m	bm6m	0.9957	0.008	-0.0739	0.0453	0.1028
126m	bm7m	1.0028	0.0074	-0.0799	0.0466	0.0865
126m	bm8m	1.0094	0.0068	0.0611	0.0748	0.4142
126m	ch1m	0.9972	0.0074	0.1814	0.0721	0.0119
126m	ch4m	0.9964	0.0067	0.011	0.0744	0.8822
126m	ch5m	1.0035	0.0065	0.174	0.0871	0.0457
126m	ch6m	0.9884	0.0067	0.1632	0.0713	0.022
126m	l1m	1.0754	0.034	-0.0526	0.025	0.0352
126m	l2m	1.0532	0.0293	-0.1369	0.0276	7.0540e-07
126m	l3m	1.091	0.0314	-0.1576	0.0267	3.4256e-09
126m	l4m	1.0441	0.0321	-0.0602	0.0261	0.0209
126m	l5m	1.0627	0.0233	-0.1516	0.0289	1.5297e-07
126m	r10m	0.9979	0.0082	-0.0377	0.0832	0.6507
126m	r4m	1.0131	0.007	-0.0024	0.0568	0.9662
126m	r5m	0.9999	0.0114	0.0095	0.0269	0.7234
126m	r8m	1.0026	0.0078	-0.0462	0.0412	0.2625
126m	r9m	0.997	0.0065	0.0452	0.0755	0.5495
127f	127f	0.8272	0.0103	1.0	7.4045e-06	0.0
127f	137f	0.8253	0.0073	0.4191	0.0308	3.3541e-42
127f	145f	0.732	0.008	-0.0794	0.0271	0.0034
127f	153f	0.9337	0.0087	0.0958	0.0402	0.0173
127f	154f	0.9576	0.0077	0.0513	0.0589	0.3839
127f	159f	0.8178	0.0078	0.3001	0.0291	5.5397e-25
127f	165f	0.8613	0.0084	0.751	0.0224	1.7576e-245
127f	171f	0.8132	0.0076	0.1976	0.0298	3.1231e-11
127f	177f	0.89	0.0081	0.6069	0.0345	1.8680e-69
127f	183f	0.8871	0.0085	-0.0138	0.0358	0.6997
127f	189f	0.9093	0.0088	0.0364	0.0379	0.3365
127f	4213f	0.9996	0.0102	0.1452	0.081	0.0732
127f	4371f	1.0252	0.0094	-0.0497	0.0666	0.4551
127f	4374f	1.0197	0.0076	0.0862	0.0695	0.2151
127f	48f	0.9735	0.0083	0.1029	0.0337	0.0022
127f	51f	0.9797	0.007	-0.0543	0.0421	0.1974
127f	96f	0.9572	0.0074	0.6384	0.0641	2.1702e-23
127f	99f	0.9846	0.0067	0.4139	0.08	2.2757e-07
127f	a13f	0.9901	0.0092	-0.1024	0.0398	0.0101
127f	a1f	1.0089	0.0088	-0.0749	0.0315	0.0172
127f	a21f	0.9815	0.0085	-0.3598	0.04	2.2928e-19
127f	a22f	1.0207	0.0086	-0.0701	0.0308	0.0228
127f	a27f	1.0367	0.0367	-0.0147	0.057	0.7969
127f	a28f	1.0171	0.0097	-0.0972	0.0729	0.1823
127f	a29f	1.0184	0.009	0.0149	0.0313	0.6342
127f	a30f	0.952	0.0093	0.1554	0.0257	1.3799e-09
127f	a7f	0.9529	0.0082	0.0002	0.049	0.9966
127f	a8f	1.0515	0.0132	-0.0526	0.0319	0.0991
127f	a9f	1.0563	0.0087	-0.0507	0.0557	0.3623
127f	ADr1uf	0.9975	0.0215	0.0801	0.1107	0.4693
127f	bm1f	1.0064	0.0073	0.0745	0.0796	0.3495
127f	bm2f	0.9924	0.0073	-0.0215	0.0601	0.7209
127f	bm4f	1.0055	0.0072	0.008	0.0711	0.9106
127f	bm5f	1.0014	0.0088	-0.0555	0.0426	0.1925
127f	bm6f	1.0013	0.009	-0.0982	0.0462	0.0335
127f	bm7f	1.0002	0.0089	-0.0996	0.0448	0.0262
127f	bm8f	0.9971	0.0076	-0.0357	0.0544	0.5123
127f	ch1f	0.9975	0.0067	-0.0049	0.0657	0.941
127f	ch4f	0.9984	0.0067	0.1049	0.0798	0.1885
127f	ch5f	0.9943	0.007	0.1043	0.0713	0.1438
127f	ch6f	1.0024	0.0069	0.0604	0.0731	0.4085
127f	l1f	1.0992	0.0334	0.0371	0.0257	0.1492
127f	l2f	1.0783	0.0291	-0.1172	0.0266	1.0232e-05
127f	l3f	1.1169	0.0335	-0.1189	0.0272	1.2285e-05
127f	l4f	1.082	0.0314	-0.1024	0.0263	0.0001
127f	l5f	1.0921	0.0292	-0.1445	0.028	2.4083e-07
127f	r10f	0.9658	0.0083	-0.1128	0.0551	0.0407
127f	r4f	0.9957	0.007	-0.0725	0.0434	0.0949
127f	r5f	1.0526	0.0096	0.0019	0.0321	0.9517
127f	r8f	0.9974	0.008	0.0422	0.0323	0.1905
127f	r9f	1.0091	0.0071	0.1473	0.0598	0.0138
136m	136m	0.8628	0.0072	1.0	3.3047e-07	0.0
136m	137f	0.8258	0.0073	0.924	0.0335	4.8678e-167
136m	144m	0.7943	0.0077	0.7813	0.0186	0.0
136m	151m	0.9725	0.0071	-0.0993	0.0607	0.1016
136m	152m	0.965	0.0073	-0.0899	0.0722	0.2132
136m	157m	0.8731	0.0087	0.9321	0.0229	0.0
136m	163m	0.8667	0.0096	0.5127	0.0412	1.5703e-35
136m	169m	0.8603	0.0078	0.8872	0.0221	0.0
136m	175m	0.8736	0.0081	0.3461	0.0402	7.3590e-18
136m	181m	0.8903	0.0076	0.407	0.0501	4.6467e-16
136m	187m	0.9031	0.0076	-0.1619	0.0542	0.0028
136m	4212m	1.0043	0.01	-0.0245	0.0738	0.7403
136m	4370m	1.0243	0.0101	-0.0628	0.0819	0.4435
136m	4373m	0.9976	0.0079	-0.0171	0.0556	0.7577
136m	49m	0.9446	0.0075	-0.1241	0.0407	0.0023
136m	52m	0.9718	0.0069	0.1009	0.0636	0.1127
136m	97m	0.9779	0.0076	0.7631	0.0868	1.5166e-18
136m	a13m	0.9988	0.0125	0.0873	0.0439	0.0466
136m	a1m	0.9959	0.0088	0.0152	0.0492	0.7569
136m	a21m	1.0195	0.0076	-0.2306	0.0602	0.0001
136m	a22m	1.0135	0.0082	0.1709	0.0378	5.9812e-06
136m	a27m	1.0231	0.031	0.1619	0.0574	0.0048
136m	a28m	0.9762	0.021	0.4404	0.0831	1.1507e-07
136m	a29m	1.0182	0.0093	0.2095	0.0398	1.4646e-07
136m	a30m	0.9541	0.0085	-0.1056	0.0361	0.0034
136m	a7m	0.9598	0.0084	0.0215	0.0558	0.7001
136m	a8m	1.0373	0.0155	0.3839	0.0355	3.5108e-27
136m	a9m	1.0072	0.0086	0.1259	0.0488	0.0099
136m	ADr1um	0.9827	0.0216	-0.3742	0.169	0.0268
136m	bm1m	1.0057	0.0069	0.0668	0.0686	0.33
136m	bm2m	0.9944	0.0081	0.047	0.0726	0.5172
136m	bm4m	0.9941	0.0073	0.1347	0.0942	0.153
136m	bm5m	1.0062	0.0075	0.0713	0.0584	0.2223
136m	bm6m	0.9965	0.0082	0.0388	0.0528	0.4629
136m	bm7m	1.0029	0.0077	0.058	0.0564	0.3034
136m	bm8m	1.0099	0.0068	0.0202	0.0854	0.8131
136m	ch1m	0.9975	0.0074	-0.0038	0.0795	0.9621
136m	ch4m	0.9971	0.0068	-0.0589	0.0829	0.4776
136m	ch5m	1.003	0.0065	-0.1675	0.1077	0.1199
136m	ch6m	0.9879	0.0068	0.0336	0.0763	0.6602
136m	l1m	1.0728	0.0339	-0.3895	0.0283	5.7761e-43
136m	l2m	1.0549	0.029	-0.1565	0.0312	5.2244e-07
136m	l3m	1.0927	0.0311	-0.201	0.0314	1.4478e-10
136m	l4m	1.0466	0.0324	0.2038	0.0337	1.5380e-09
136m	l5m	1.0643	0.0233	-0.0452	0.034	0.1832
136m	r10m	0.9977	0.0081	0.0085	0.0975	0.9302
136m	r4m	1.0122	0.007	0.0906	0.0664	0.1726
136m	r5m	1.0002	0.0114	-0.0515	0.0309	0.0948
136m	r8m	1.0023	0.0076	0.0583	0.0468	0.2135
136m	r9m	0.9965	0.0066	0.19	0.0783	0.0152
137f	137f	0.8246	0.0072	1.0	1.5286e-06	0.0
137f	145f	0.7319	0.0079	0.8867	0.0134	0.0
137f	153f	0.9336	0.0086	-0.0307	0.0465	0.5088
137f	154f	0.9575	0.0077	-0.1334	0.0629	0.0339
137f	159f	0.8178	0.0077	0.9351	0.0177	0.0
137f	165f	0.8611	0.0083	0.4086	0.0318	6.7687e-38
137f	171f	0.8132	0.0077	0.9011	0.0192	0.0
137f	177f	0.8894	0.0081	0.2247	0.037	1.2232e-09
137f	183f	0.8874	0.0085	0.3711	0.0438	2.3699e-17
137f	189f	0.909	0.0088	-0.0959	0.0399	0.0163
137f	4213f	1.	0.0102	-0.0027	0.0753	0.9714
137f	4371f	1.0255	0.0094	0.0289	0.0763	0.705
137f	4374f	1.0188	0.0076	0.0292	0.0674	0.6645
137f	48f	0.9733	0.0082	-0.2005	0.0362	2.9427e-08
137f	51f	0.981	0.0069	0.0264	0.0491	0.5909
137f	96f	0.9568	0.0075	0.4633	0.0496	1.0130e-20
137f	99f	0.9849	0.0066	-0.2251	0.0855	0.0085
137f	a13f	0.9891	0.0091	0.2059	0.0455	5.9073e-06
137f	a1f	1.0099	0.0088	0.1302	0.0384	0.0007
137f	a21f	0.9812	0.0086	-0.0803	0.0448	0.073
137f	a22f	1.0206	0.0085	0.3014	0.0339	5.9527e-19
137f	a27f	1.0389	0.0368	0.1552	0.0619	0.0122
137f	a28f	1.0172	0.0097	0.4469	0.0799	2.2093e-08
137f	a29f	1.0182	0.0089	0.295	0.0316	1.0267e-20
137f	a30f	0.9524	0.0093	-0.1988	0.0296	1.9106e-11
137f	a7f	0.9535	0.0082	-0.0569	0.0583	0.3293
137f	a8f	1.0515	0.013	0.503	0.0377	1.1773e-40
137f	a9f	1.0553	0.0087	0.2386	0.0709	0.0008
137f	ADr1uf	0.998	0.0215	-0.2599	0.1668	0.1191
137f	bm1f	1.0058	0.0073	0.0445	0.081	0.5825
137f	bm2f	0.9931	0.0073	-0.1299	0.0633	0.0403
137f	bm4f	1.0049	0.0072	0.0944	0.0816	0.2472
137f	bm5f	1.0011	0.0088	-0.0669	0.0503	0.1839
137f	bm6f	1.0021	0.009	-0.0548	0.0516	0.2885
137f	bm7f	1.0015	0.0089	-0.0483	0.0497	0.3311
137f	bm8f	0.9972	0.0076	0.1039	0.0563	0.0648
137f	ch1f	0.9975	0.0068	-0.1255	0.0697	0.072
137f	ch4f	0.9979	0.0067	-0.1201	0.0982	0.2211
137f	ch5f	0.995	0.0071	-0.1689	0.081	0.037
137f	ch6f	1.0032	0.0069	-0.2046	0.08	0.0105
137f	l1f	1.0989	0.0335	-0.3602	0.0317	7.1156e-30
137f	l2f	1.077	0.0291	0.0886	0.0319	0.0055
137f	l3f	1.1156	0.0332	-0.0114	0.0298	0.7017
137f	l4f	1.0832	0.0313	0.2852	0.0354	7.4733e-16
137f	l5f	1.0929	0.0292	0.1391	0.0339	4.0980e-05
137f	r10f	0.9661	0.0083	0.0683	0.0593	0.2498
137f	r4f	0.9969	0.007	0.0779	0.0471	0.0981
137f	r5f	1.0536	0.0098	-0.0545	0.0345	0.1148
137f	r8f	0.9974	0.008	0.0595	0.0394	0.1307
137f	r9f	1.009	0.0071	0.205	0.0724	0.0047
144m	144m	0.796	0.0077	1.0	4.3093e-06	0.0
144m	145f	0.7342	0.0079	0.8883	0.0192	0.0
144m	151m	0.9722	0.0068	-0.0023	0.0431	0.9573
144m	152m	0.9646	0.0077	-0.0175	0.0513	0.7332
144m	157m	0.8766	0.0082	0.7943	0.0204	0.0
144m	163m	0.8681	0.0094	-0.0296	0.0359	0.4099
144m	169m	0.8632	0.0075	0.9146	0.0138	0.0
144m	175m	0.8737	0.0079	-0.0577	0.0394	0.1428
144m	181m	0.8922	0.0074	0.6636	0.028	2.1696e-124
144m	187m	0.9043	0.0075	-0.0462	0.0442	0.2957
144m	4212m	1.0025	0.01	-0.036	0.0572	0.5298
144m	4370m	1.0245	0.01	-0.0494	0.0634	0.4353
144m	4373m	0.9973	0.0072	-0.0723	0.0481	0.1331
144m	49m	0.9438	0.0068	-0.3037	0.0407	8.3699e-14
144m	52m	0.9743	0.0065	0.1518	0.053	0.0042
144m	97m	0.9763	0.0078	0.2276	0.0643	0.0004
144m	a13m	1.0018	0.0117	0.2086	0.0388	7.7048e-08
144m	a1m	0.9961	0.0081	0.0391	0.043	0.3638
144m	a21m	1.0205	0.0073	0.0117	0.0535	0.8265
144m	a22m	1.0181	0.0076	0.3222	0.0339	1.8278e-21
144m	a27m	1.0231	0.0303	0.1074	0.0536	0.0453
144m	a28m	1.0128	0.0242	0.3939	0.0942	2.8826e-05
144m	a29m	1.0206	0.0092	0.2984	0.0318	5.6743e-21
144m	a30m	0.9522	0.0088	-0.2556	0.0282	1.2485e-19
144m	a7m	0.96	0.0085	0.0356	0.0417	0.3931
144m	a8m	1.04	0.0157	0.4581	0.0319	1.2456e-46
144m	a9m	1.008	0.0087	0.239	0.0415	8.5883e-09
144m	ADr1um	0.986	0.0239	-0.2492	0.1276	0.0508
144m	bm1m	1.0072	0.0068	-0.0198	0.0642	0.7581
144m	bm2m	0.9959	0.0078	0.0976	0.0655	0.1361
144m	bm4m	0.994	0.0066	0.2342	0.0742	0.0016
144m	bm5m	1.0064	0.0073	0.1328	0.0456	0.0036
144m	bm6m	0.9977	0.0085	0.1145	0.0461	0.013
144m	bm7m	1.0049	0.0081	0.1271	0.0498	0.0108
144m	bm8m	1.0105	0.007	-0.0577	0.0653	0.3772
144m	ch1m	0.9992	0.0073	-0.1884	0.0727	0.0095
144m	ch4m	0.9971	0.0064	-0.1637	0.0704	0.02
144m	ch5m	1.0035	0.0068	-0.2629	0.0976	0.0071
144m	ch6m	0.9882	0.0066	-0.1685	0.064	0.0085
144m	l1m	1.0854	0.0362	-0.4164	0.0242	3.4965e-66
144m	l2m	1.0571	0.0291	-0.0743	0.0246	0.0026
144m	l3m	1.0982	0.0332	-0.0972	0.0239	4.6315e-05
144m	l4m	1.0602	0.0325	0.3098	0.0293	4.0673e-26
144m	l5m	1.0698	0.0257	0.0634	0.0276	0.0216
144m	r10m	0.9965	0.0082	0.0341	0.0757	0.6527
144m	r4m	1.0162	0.0071	0.1412	0.0581	0.0151
144m	r5m	1.0046	0.0116	-0.0829	0.0276	0.0026
144m	r8m	1.0038	0.0078	0.1353	0.0389	0.0005
144m	r9m	0.9962	0.0064	0.1557	0.0561	0.0055
145f	145f	0.7357	0.0077	1.0	7.0591e-08	0.0
145f	153f	0.9335	0.0086	-0.0551	0.0368	0.135
145f	154f	0.9579	0.0076	-0.1707	0.0499	0.0006
145f	159f	0.8212	0.0076	0.8768	0.0117	0.0
145f	165f	0.8618	0.0079	0.0243	0.0284	0.3908
145f	171f	0.8154	0.0069	0.8997	0.0107	0.0
145f	177f	0.891	0.0081	-0.0745	0.0304	0.0143
145f	183f	0.8889	0.0082	0.4435	0.0359	4.4589e-35
145f	189f	0.9082	0.0088	-0.0974	0.0325	0.0027
145f	4213f	1.0004	0.0098	-0.0439	0.0683	0.52
145f	4371f	1.0248	0.0088	-0.0041	0.0669	0.9514
145f	4374f	1.0174	0.0077	-0.0073	0.048	0.8785
145f	48f	0.9733	0.0079	-0.2596	0.0297	2.5822e-18
145f	51f	0.9769	0.0067	0.0684	0.0354	0.0534
145f	96f	0.9584	0.0075	0.1634	0.0464	0.0004
145f	99f	0.9837	0.0066	-0.4519	0.0794	1.2743e-08
145f	a13f	0.9901	0.0087	0.2661	0.038	2.4712e-12
145f	a1f	1.0108	0.0085	0.1731	0.0313	3.0454e-08
145f	a21f	0.9835	0.0079	0.1175	0.0337	0.0005
145f	a22f	1.0241	0.008	0.3581	0.0256	1.8519e-44
145f	a27f	1.0259	0.0339	0.1526	0.0515	0.003
145f	a28f	1.0172	0.0096	0.5406	0.0738	2.3692e-13
145f	a29f	1.0207	0.0088	0.3247	0.0257	1.3260e-36
145f	a30f	0.953	0.0091	-0.2901	0.0239	5.6509e-34
145f	a7f	0.953	0.0083	-0.0975	0.0503	0.0524
145f	a8f	1.0524	0.0129	0.5541	0.0293	8.5279e-80
145f	a9f	1.0562	0.0087	0.2892	0.0624	3.6198e-06
145f	ADr1uf	1.0076	0.0305	-0.3302	0.3163	0.2965
145f	bm1f	1.0073	0.007	0.0387	0.0665	0.5605
145f	bm2f	0.9931	0.0074	-0.1082	0.049	0.0271
145f	bm4f	1.0058	0.0074	0.0701	0.0678	0.3009
145f	bm5f	1.0021	0.0078	-0.0034	0.0402	0.9324
145f	bm6f	1.0045	0.0091	-0.0037	0.0439	0.9328
145f	bm7f	1.0031	0.009	0.0061	0.0412	0.8826
145f	bm8f	0.9988	0.0075	0.0336	0.0483	0.4873
145f	ch1f	0.9989	0.0068	-0.175	0.0552	0.0015
145f	ch4f	0.9993	0.0067	-0.1137	0.0772	0.141
145f	ch5f	0.9944	0.007	-0.1973	0.0647	0.0023
145f	ch6f	1.0029	0.0071	-0.229	0.067	0.0006
145f	l1f	1.1119	0.035	-0.4407	0.0249	2.6427e-70
145f	l2f	1.0814	0.0294	0.1457	0.0232	3.2205e-10
145f	l3f	1.1226	0.0339	0.0314	0.0212	0.1385
145f	l4f	1.088	0.0312	0.3771	0.0283	1.8022e-40
145f	l5f	1.0956	0.0298	0.2174	0.0261	8.3620e-17
145f	r10f	0.965	0.0083	0.1477	0.0468	0.0016
145f	r4f	0.9969	0.0068	0.1239	0.0409	0.0024
145f	r5f	1.0533	0.0098	-0.0775	0.0295	0.0086
145f	r8f	0.9982	0.0075	0.0308	0.0329	0.3495
145f	r9f	1.009	0.0073	0.127	0.0535	0.0177
151m	151m	0.9721	0.0068	1.0	6.0129e-06	0.0
151m	152m	0.9645	0.0076	0.7853	0.102	1.3833e-14
151m	153f	0.9334	0.0086	0.5894	0.0739	1.4618e-15
151m	157m	0.8743	0.0084	-0.2249	0.059	0.0001
151m	163m	0.8679	0.0095	-0.329	0.0524	3.3147e-10
151m	169m	0.8612	0.0077	0.2544	0.0564	6.5709e-06
151m	175m	0.8733	0.0079	0.5401	0.0436	2.6266e-35
151m	181m	0.8905	0.0075	0.8024	0.041	2.8587e-85
151m	187m	0.9041	0.0076	1.0308	0.028	3.5372e-297
151m	4212m	1.0027	0.0101	-0.2277	0.1075	0.0342
151m	4370m	1.0236	0.0104	-0.1717	0.1112	0.1228
151m	4373m	0.9991	0.008	0.1158	0.0856	0.176
151m	49m	0.946	0.0073	-0.1711	0.0815	0.0359
151m	52m	0.9768	0.0069	-0.0022	0.0936	0.9809
151m	97m	0.9774	0.0078	-0.0245	0.1068	0.8185
151m	a13m	1.0045	0.0128	0.2417	0.0599	5.5231e-05
151m	a1m	0.9947	0.0091	0.1032	0.0637	0.1054
151m	a21m	1.0178	0.0076	0.2158	0.0898	0.0162
151m	a22m	1.0165	0.0086	0.0075	0.0611	0.9028
151m	a27m	1.0251	0.0306	0.1077	0.0895	0.2287
151m	a28m	1.0126	0.0248	0.1622	0.1133	0.1523
151m	a29m	1.0209	0.0097	0.1694	0.0555	0.0023
151m	a30m	0.9553	0.0089	-0.2735	0.0443	6.3861e-10
151m	a7m	0.962	0.0085	-0.048	0.0645	0.4565
151m	a8m	1.0422	0.0171	0.2915	0.057	3.1378e-07
151m	a9m	1.0075	0.0091	0.2416	0.076	0.0015
151m	ADr1um	0.985	0.0246	0.0819	0.1913	0.6684
151m	bm1m	1.0078	0.0071	0.0391	0.1099	0.7223
151m	bm2m	0.9967	0.0085	-0.0773	0.1047	0.4603
151m	bm4m	0.9952	0.0077	-0.14	0.1355	0.3018
151m	bm5m	1.0055	0.0075	0.0546	0.0754	0.4687
151m	bm6m	0.9952	0.0087	0.1233	0.0815	0.1302
151m	bm7m	1.0032	0.008	0.1378	0.081	0.0888
151m	bm8m	1.0106	0.0072	-0.1345	0.1202	0.2629
151m	ch1m	1.	0.0074	-0.2739	0.121	0.0236
151m	ch4m	0.9973	0.0072	-0.1913	0.1134	0.0916
151m	ch5m	1.0012	0.0068	-0.376	0.1449	0.0095
151m	ch6m	0.9866	0.0071	-0.3631	0.1193	0.0023
151m	l1m	1.0891	0.0391	-0.2251	0.0427	1.3411e-07
151m	l2m	1.0569	0.0311	0.0123	0.0467	0.7925
151m	l3m	1.1042	0.0355	0.0503	0.0456	0.2692
151m	l4m	1.0698	0.0377	0.3044	0.0452	1.6728e-11
151m	l5m	1.0693	0.0272	0.1353	0.0496	0.0063
151m	r10m	0.9965	0.0083	0.0849	0.1462	0.5613
151m	r4m	1.0137	0.0074	0.2229	0.0885	0.0117
151m	r5m	1.0043	0.0123	0.0965	0.039	0.0134
151m	r8m	1.0055	0.008	0.1379	0.0588	0.0191
151m	r9m	0.9968	0.0067	0.1469	0.0976	0.1322
152m	152m	0.9645	0.0076	1.0	2.3697e-07	0.0
152m	154f	0.9576	0.0076	0.6956	0.1096	2.2297e-10
152m	157m	0.8743	0.0084	-0.243	0.0679	0.0003
152m	163m	0.8679	0.0095	-0.3373	0.0669	4.6418e-07
152m	169m	0.8612	0.0077	0.2293	0.0671	0.0006
152m	175m	0.8733	0.0079	0.5818	0.0616	3.5558e-21
152m	181m	0.8905	0.0075	0.7896	0.0574	4.0727e-43
152m	187m	0.9041	0.0076	1.011	0.0512	7.4470e-87
152m	4212m	1.0027	0.0101	0.0906	0.1032	0.3803
152m	4370m	1.0236	0.0104	-0.0928	0.1488	0.5331
152m	4373m	0.9991	0.008	0.1134	0.0986	0.2501
152m	49m	0.946	0.0073	-0.1254	0.0769	0.1032
152m	52m	0.9768	0.0069	0.1228	0.0979	0.2097
152m	97m	0.9774	0.0078	-0.0924	0.1152	0.4226
152m	a13m	1.0045	0.0128	0.2627	0.0616	1.9968e-05
152m	a1m	0.9947	0.0091	0.0792	0.077	0.3042
152m	a21m	1.0178	0.0076	0.1641	0.0969	0.0903
152m	a22m	1.0165	0.0086	0.0847	0.0669	0.2059
152m	a27m	1.0251	0.0306	-0.0204	0.1003	0.8385
152m	a28m	1.0126	0.0248	0.0009	0.1209	0.9938
152m	a29m	1.0209	0.0097	0.1475	0.066	0.0255
152m	a30m	0.9553	0.0089	-0.3261	0.0518	3.1673e-10
152m	a7m	0.962	0.0085	0.0042	0.0829	0.9598
152m	a8m	1.0422	0.0171	0.2051	0.0675	0.0024
152m	a9m	1.0075	0.0091	0.094	0.0783	0.2302
152m	ADr1um	0.985	0.0246	-0.2187	0.2183	0.3166
152m	bm1m	1.0078	0.0071	-0.1641	0.1346	0.2228
152m	bm2m	0.9967	0.0085	0.1291	0.142	0.3634
152m	bm4m	0.9952	0.0077	0.0643	0.148	0.6638
152m	bm5m	1.0055	0.0075	-0.0367	0.0925	0.692
152m	bm6m	0.9952	0.0087	0.0781	0.0905	0.3879
152m	bm7m	1.0032	0.008	0.0385	0.0973	0.6927
152m	bm8m	1.0106	0.0072	-0.0856	0.1295	0.5085
152m	ch1m	1.	0.0074	0.1563	0.1465	0.286
152m	ch4m	0.9973	0.0072	-0.0946	0.1469	0.5194
152m	ch5m	1.0012	0.0068	-0.2084	0.1766	0.238
152m	ch6m	0.9866	0.0071	0.126	0.1327	0.3424
152m	l1m	1.0891	0.039	-0.2138	0.0452	2.2790e-06
152m	l2m	1.0569	0.031	0.0576	0.0597	0.3354
152m	l3m	1.1042	0.0355	0.0798	0.0489	0.1028
152m	l4m	1.0698	0.0376	0.289	0.0476	1.2434e-09
152m	l5m	1.0693	0.0272	0.1554	0.054	0.004
152m	r10m	0.9965	0.0083	0.0603	0.1589	0.7045
152m	r4m	1.0137	0.0074	0.1289	0.0972	0.1849
152m	r5m	1.0043	0.0123	-0.076	0.0501	0.1292
152m	r8m	1.0055	0.008	-0.0225	0.0708	0.7504
152m	r9m	0.9968	0.0067	-0.1209	0.1337	0.3658
153f	153f	0.9334	0.0086	1.0	1.4276e-05	0.0
153f	154f	0.9577	0.0074	1.0633	0.0809	1.9655e-39
153f	159f	0.8223	0.0082	-0.2042	0.0458	8.1211e-06
153f	165f	0.864	0.0089	-0.3681	0.0467	3.1644e-15
153f	171f	0.8161	0.0081	0.2798	0.0374	7.5120e-14
153f	177f	0.8909	0.0086	0.7287	0.0312	1.2522e-120
153f	183f	0.8916	0.0093	0.8825	0.0198	0.0
153f	189f	0.9143	0.0098	1.0136	0.0164	0.0
153f	4213f	0.9994	0.0106	-0.0064	0.103	0.9506
153f	4371f	1.0273	0.0096	-0.0604	0.1038	0.5608
153f	4374f	1.018	0.0078	-0.194	0.0899	0.031
153f	48f	0.9751	0.0087	-0.1258	0.0498	0.0115
153f	51f	0.9822	0.0072	0.047	0.0699	0.5015
153f	96f	0.957	0.0077	0.022	0.0686	0.749
153f	99f	0.9849	0.0066	0.0211	0.0899	0.8147
153f	a13f	0.9871	0.0096	0.234	0.0582	5.7590e-05
153f	a1f	1.0144	0.0089	0.0216	0.0498	0.665
153f	a21f	0.9789	0.0089	-0.014	0.0607	0.8177
153f	a22f	1.0193	0.0089	0.0802	0.0431	0.0631
153f	a27f	1.0266	0.0352	0.0731	0.0571	0.2009
153f	a28f	1.0176	0.0095	0.4965	0.1184	2.7624e-05
153f	a29f	1.0219	0.0098	0.0319	0.0424	0.4517
153f	a30f	0.9536	0.0099	-0.1095	0.0397	0.0059
153f	a7f	0.953	0.0086	-0.0379	0.0642	0.5547
153f	a8f	1.0449	0.0133	0.3726	0.0452	1.6261e-16
153f	a9f	1.0529	0.0086	0.1339	0.0856	0.1178
153f	ADr1uf	1.001	0.0238	0.0348	0.1774	0.8446
153f	bm1f	1.0055	0.0076	0.0154	0.111	0.8895
153f	bm2f	0.9915	0.0074	0.0151	0.0801	0.8502
153f	bm4f	1.0057	0.0078	-0.1281	0.0987	0.1943
153f	bm5f	1.0025	0.009	0.0718	0.0651	0.2702
153f	bm6f	1.0021	0.0096	0.0478	0.061	0.4341
153f	bm7f	1.	0.0094	0.0227	0.0589	0.7004
153f	bm8f	0.9967	0.0079	-0.1101	0.0765	0.1502
153f	ch1f	0.9964	0.0069	-0.1293	0.0894	0.148
153f	ch4f	0.9996	0.0067	0.0898	0.1279	0.4823
153f	ch5f	0.9943	0.0072	0.0204	0.1059	0.8473
153f	ch6f	1.0005	0.0072	-0.1905	0.1071	0.0754
153f	l1f	1.1141	0.0367	-0.3518	0.0334	7.0078e-26
153f	l2f	1.0874	0.0311	0.2464	0.0417	3.5049e-09
153f	l3f	1.1312	0.0368	0.1872	0.0404	3.5689e-06
153f	l4f	1.0949	0.0344	0.4315	0.0348	2.8689e-35
153f	l5f	1.1038	0.0317	0.3176	0.0398	1.5481e-15
153f	r10f	0.9654	0.0085	-0.0221	0.0775	0.7751
153f	r4f	0.9954	0.007	0.0738	0.0566	0.1925
153f	r5f	1.051	0.01	-0.0759	0.0479	0.1134
153f	r8f	0.9992	0.0084	0.053	0.0533	0.3203
153f	r9f	1.0106	0.0076	0.1054	0.0819	0.198
154f	154f	0.9576	0.0076	1.0	3.8690e-06	0.0
154f	159f	0.8218	0.0083	-0.3578	0.0581	7.5043e-10
154f	165f	0.864	0.0089	-0.4011	0.0587	8.1714e-12
154f	171f	0.8163	0.0082	0.2078	0.0547	0.0001
154f	177f	0.8906	0.0086	0.8398	0.0486	8.7015e-67
154f	183f	0.8913	0.0093	0.915	0.0459	1.8493e-88
154f	189f	0.9143	0.0098	1.1388	0.0441	3.2765e-147
154f	4213f	0.9994	0.0105	-0.0223	0.13	0.864
154f	4371f	1.0273	0.0096	0.1516	0.1194	0.2042
154f	4374f	1.0179	0.0078	-0.2138	0.1048	0.0413
154f	48f	0.9751	0.0087	-0.2339	0.0631	0.0002
154f	51f	0.9822	0.0072	0.1168	0.0902	0.1952
154f	96f	0.957	0.0077	-0.0893	0.089	0.316
154f	99f	0.9849	0.0065	0.0131	0.1315	0.921
154f	a13f	0.987	0.0097	0.2944	0.0732	5.7197e-05
154f	a1f	1.0144	0.0089	0.1807	0.0629	0.0041
154f	a21f	0.9791	0.0089	-0.0049	0.065	0.9403
154f	a22f	1.0194	0.0089	0.1203	0.0567	0.0339
154f	a27f	1.0262	0.0352	0.0542	0.0785	0.4903
154f	a28f	1.0171	0.0095	0.3255	0.1507	0.0308
154f	a29f	1.0218	0.0097	0.0846	0.0509	0.0965
154f	a30f	0.9536	0.0099	-0.1864	0.0497	0.0002
154f	a7f	0.953	0.0086	0.055	0.0905	0.5433
154f	a8f	1.0447	0.0132	0.3111	0.0564	3.4220e-08
154f	a9f	1.053	0.0086	0.274	0.1208	0.0234
154f	ADr1uf	1.0009	0.0238	0.2783	0.2711	0.3046
154f	bm1f	1.0055	0.0076	-0.056	0.1589	0.7243
154f	bm2f	0.9915	0.0074	0.2565	0.0929	0.0058
154f	bm4f	1.0058	0.0078	-0.1394	0.1251	0.2651
154f	bm5f	1.0026	0.0091	0.0569	0.075	0.448
154f	bm6f	1.0021	0.0096	0.0654	0.0827	0.4291
154f	bm7f	1.	0.0093	0.0931	0.0799	0.244
154f	bm8f	0.9968	0.0079	-0.1797	0.0873	0.0396
154f	ch1f	0.9963	0.0069	-0.0581	0.1129	0.6064
154f	ch4f	0.9997	0.0067	-0.3844	0.1812	0.0339
154f	ch5f	0.9943	0.0072	-0.113	0.1256	0.3685
154f	ch6f	1.0006	0.0072	-0.1113	0.1349	0.4092
154f	l1f	1.1136	0.0366	-0.3671	0.0456	8.2278e-16
154f	l2f	1.0879	0.0311	0.1965	0.0496	7.4908e-05
154f	l3f	1.1317	0.0368	0.1275	0.0456	0.0052
154f	l4f	1.0943	0.0344	0.4695	0.0507	2.1000e-20
154f	l5f	1.1034	0.0317	0.2724	0.0514	1.1682e-07
154f	r10f	0.9653	0.0085	0.2605	0.0944	0.0058
154f	r4f	0.9954	0.0071	0.1854	0.0781	0.0176
154f	r5f	1.0511	0.01	-0.0253	0.0576	0.6601
154f	r8f	0.9991	0.0085	0.0769	0.0658	0.2429
154f	r9f	1.0107	0.0077	0.1078	0.1026	0.2936
157m	157m	0.8747	0.0084	0.9999	4.9836e-05	0.0
157m	159f	0.8227	0.0088	0.8869	0.0324	2.2401e-165
157m	163m	0.8684	0.0091	0.5998	0.0315	9.4203e-81
157m	169m	0.8629	0.0082	0.8654	0.0132	0.0
157m	175m	0.8777	0.009	0.3289	0.0434	3.3071e-14
157m	181m	0.8924	0.0075	0.3185	0.0482	3.9941e-11
157m	187m	0.9044	0.0079	-0.2853	0.051	2.2765e-08
157m	4212m	1.0014	0.011	-0.0389	0.0713	0.5855
157m	4370m	1.0237	0.0117	-0.0132	0.0945	0.8891
157m	4373m	1.	0.0086	-0.1288	0.0631	0.0412
157m	49m	0.9433	0.0081	-0.174	0.0505	0.0006
157m	52m	0.9736	0.0075	0.1533	0.0688	0.0259
157m	97m	0.9776	0.0086	0.6941	0.0905	1.6870e-14
157m	a13m	1.0091	0.0149	0.0803	0.0468	0.0861
157m	a1m	0.9966	0.0092	0.0401	0.0502	0.4245
157m	a21m	1.0158	0.0088	-0.1504	0.0679	0.0267
157m	a22m	1.0164	0.0089	0.1698	0.0446	0.0001
157m	a27m	1.0231	0.0302	0.0765	0.063	0.2245
157m	a28m	1.013	0.0234	0.331	0.1089	0.0024
157m	a29m	1.0233	0.0098	0.179	0.0398	6.9296e-06
157m	a30m	0.9619	0.0106	-0.0915	0.0352	0.0092
157m	a7m	0.9649	0.0092	-0.0439	0.056	0.4334
157m	a8m	1.0489	0.0188	0.3311	0.0409	5.5076e-16
157m	a9m	1.0104	0.0096	0.1033	0.0536	0.0539
157m	ADr1um	0.9808	0.0194	-0.2409	0.1341	0.0723
157m	bm1m	1.0104	0.0078	0.014	0.0901	0.8765
157m	bm2m	0.9939	0.0095	0.0182	0.0704	0.7957
157m	bm4m	0.9922	0.0079	0.2406	0.0968	0.0129
157m	bm5m	1.0061	0.0082	0.0588	0.0606	0.3314
157m	bm6m	0.9974	0.0089	0.0879	0.0549	0.1094
157m	bm7m	1.0061	0.0086	0.1116	0.0573	0.0515
157m	bm8m	1.0114	0.0077	0.029	0.0844	0.7313
157m	ch1m	0.9978	0.0083	-0.0377	0.092	0.6817
157m	ch4m	1.	0.0075	-0.0316	0.0893	0.7232
157m	ch5m	1.002	0.0072	-0.0572	0.1176	0.627
157m	ch6m	0.9864	0.0079	0.0936	0.0866	0.2801
157m	l1m	1.1201	0.0449	-0.3382	0.0323	1.1204e-25
157m	l2m	1.0661	0.0352	-0.1518	0.0356	2.0295e-05
157m	l3m	1.1209	0.0419	-0.2025	0.0347	5.3962e-09
157m	l4m	1.0918	0.0427	0.1636	0.0362	6.1881e-06
157m	l5m	1.0783	0.0306	-0.0676	0.0397	0.0887
157m	r10m	0.9918	0.0087	-0.0724	0.093	0.4362
157m	r4m	1.0165	0.0081	0.0605	0.0722	0.4023
157m	r5m	1.0084	0.0135	-0.0705	0.0347	0.0421
157m	r8m	1.0083	0.0089	0.0263	0.043	0.541
157m	r9m	0.9982	0.0073	0.2222	0.0793	0.0051
159f	159f	0.8202	0.0077	1.0	1.2574e-06	0.0
159f	165f	0.8625	0.0079	0.5176	0.0249	5.3335e-96
159f	171f	0.8153	0.0069	0.86	0.0154	0.0
159f	177f	0.8902	0.0081	0.1208	0.0355	0.0007
159f	183f	0.8895	0.0082	0.2259	0.0494	4.7643e-06
159f	189f	0.9091	0.0087	-0.2624	0.0379	4.4957e-12
159f	4213f	0.9997	0.0096	-0.043	0.0754	0.5689
159f	4371f	1.025	0.0089	-0.0147	0.0714	0.8368
159f	4374f	1.0165	0.0077	0.0241	0.0598	0.6867
159f	48f	0.9731	0.0079	-0.1564	0.0349	7.5485e-06
159f	51f	0.9767	0.0066	-0.0121	0.043	0.7786
159f	96f	0.9586	0.0076	0.4018	0.0589	8.6355e-12
159f	99f	0.9841	0.0066	-0.2397	0.0708	0.0007
159f	a13f	0.9901	0.0089	0.1823	0.0426	1.8523e-05
159f	a1f	1.0102	0.0085	0.0779	0.0327	0.0173
159f	a21f	0.9829	0.0081	0.0158	0.0393	0.6884
159f	a22f	1.0228	0.008	0.2611	0.0319	2.9765e-16
159f	a27f	1.0253	0.0351	0.0961	0.0553	0.0821
159f	a28f	1.0171	0.0096	0.395	0.0856	3.9707e-06
159f	a29f	1.0212	0.0089	0.269	0.0278	3.9930e-22
159f	a30f	0.9515	0.0092	-0.1552	0.0281	3.3908e-08
159f	a7f	0.9538	0.0082	-0.094	0.0504	0.062
159f	a8f	1.0505	0.013	0.3986	0.0398	1.1572e-23
159f	a9f	1.0566	0.0086	0.2059	0.069	0.0028
159f	ADr1uf	1.007	0.0308	-0.3037	0.2934	0.3007
159f	bm1f	1.0076	0.0069	0.0849	0.082	0.3004
159f	bm2f	0.9926	0.0075	-0.1055	0.0552	0.0557
159f	bm4f	1.0059	0.0074	0.0575	0.0781	0.4619
159f	bm5f	1.0023	0.0079	-0.0632	0.0471	0.1799
159f	bm6f	1.004	0.0091	-0.0106	0.0531	0.8413
159f	bm7f	1.0033	0.009	0.0003	0.0506	0.9947
159f	bm8f	0.9991	0.0075	0.0063	0.0564	0.9116
159f	ch1f	0.9993	0.0068	-0.0947	0.0622	0.1277
159f	ch4f	0.999	0.0066	-0.0949	0.0832	0.2537
159f	ch5f	0.9938	0.007	-0.0883	0.0707	0.2119
159f	ch6f	1.0021	0.0072	-0.1538	0.0772	0.0462
159f	l1f	1.1096	0.0349	-0.3209	0.0327	1.0902e-22
159f	l2f	1.0796	0.029	0.0489	0.0274	0.0741
159f	l3f	1.1203	0.0338	-0.0453	0.0241	0.0606
159f	l4f	1.0865	0.0313	0.2152	0.034	2.3096e-10
159f	l5f	1.0945	0.0295	0.0907	0.0318	0.0044
159f	r10f	0.9645	0.0083	0.0555	0.0525	0.2902
159f	r4f	0.9972	0.0069	0.103	0.0424	0.0151
159f	r5f	1.0529	0.0098	-0.0266	0.0323	0.4105
159f	r8f	0.9976	0.0076	0.004	0.0375	0.914
159f	r9f	1.0096	0.0072	0.1069	0.0584	0.067
163m	163m	0.8682	0.0094	0.9998	6.9619e-05	0.0
163m	165f	0.8716	0.0097	0.9175	0.0326	1.9095e-174
163m	169m	0.8617	0.0094	0.2658	0.0416	1.6622e-10
163m	175m	0.8763	0.0091	0.6185	0.03	2.1471e-94
163m	181m	0.8919	0.0078	-0.2906	0.0427	1.0152e-11
163m	187m	0.9049	0.0076	-0.3398	0.0449	3.6277e-14
163m	4212m	1.0012	0.0105	0.0145	0.0794	0.8553
163m	4370m	1.0249	0.0125	0.0611	0.0879	0.4872
163m	4373m	0.9997	0.0085	-0.0292	0.0561	0.6024
163m	49m	0.9434	0.0088	0.2288	0.0519	1.0405e-05
163m	52m	0.9739	0.0076	0.0334	0.0603	0.5797
163m	97m	0.9774	0.0089	0.6921	0.0818	2.6098e-17
163m	a13m	1.0094	0.0147	-0.2352	0.0398	3.2838e-09
163m	a1m	0.9968	0.0094	-0.0807	0.0453	0.0752
163m	a21m	1.0165	0.0089	-0.3015	0.0666	6.0671e-06
163m	a22m	1.018	0.0093	-0.1021	0.0455	0.025
163m	a27m	1.0231	0.0306	-0.0331	0.0607	0.586
163m	a28m	1.0126	0.0244	0.0049	0.0807	0.9511
163m	a29m	1.0206	0.0105	-0.0747	0.0425	0.0787
163m	a30m	0.9635	0.0107	0.1933	0.0322	2.0249e-09
163m	a7m	0.9654	0.0099	-0.0884	0.054	0.1015
163m	a8m	1.0537	0.0188	-0.1149	0.037	0.0019
163m	a9m	1.0106	0.01	-0.1148	0.0551	0.0371
163m	ADr1um	0.9811	0.0205	-0.1931	0.1334	0.1478
163m	bm1m	1.0114	0.0075	0.0297	0.0884	0.7372
163m	bm2m	0.9947	0.009	-0.0576	0.0753	0.4446
163m	bm4m	0.9922	0.008	0.0038	0.0849	0.9648
163m	bm5m	1.0077	0.0088	-0.1203	0.0587	0.0403
163m	bm6m	0.9977	0.0099	-0.1004	0.0569	0.0775
163m	bm7m	1.0052	0.0094	-0.07	0.0611	0.2523
163m	bm8m	1.0127	0.0082	0.0885	0.0868	0.3077
163m	ch1m	0.9984	0.0079	0.1059	0.0883	0.2302
163m	ch4m	1.0017	0.0075	0.1619	0.0943	0.0861
163m	ch5m	1.0035	0.0073	0.1498	0.1052	0.1545
163m	ch6m	0.9856	0.0082	0.2675	0.0921	0.0037
163m	l1m	1.1266	0.0453	0.0364	0.0307	0.2364
163m	l2m	1.0686	0.0356	-0.1622	0.0307	1.3235e-07
163m	l3m	1.1239	0.0426	-0.1865	0.031	1.8690e-09
163m	l4m	1.0973	0.0455	-0.1474	0.0321	4.4314e-06
163m	l5m	1.0809	0.0325	-0.2178	0.0339	1.4143e-10
163m	r10m	0.9908	0.0087	-0.1153	0.0904	0.2022
163m	r4m	1.0174	0.0079	-0.1144	0.0708	0.1062
163m	r5m	1.0096	0.0134	-0.0717	0.0318	0.0242
163m	r8m	1.0081	0.0087	-0.16	0.0388	3.7021e-05
163m	r9m	0.9989	0.0074	0.0525	0.0789	0.5059
165f	165f	0.8633	0.008	1.0	7.6289e-07	0.0
165f	171f	0.8157	0.0069	0.2055	0.0304	1.3249e-11
165f	177f	0.8915	0.008	0.3465	0.0465	9.4325e-14
165f	183f	0.8897	0.0079	-0.3306	0.0382	4.6682e-18
165f	189f	0.909	0.0086	-0.3898	0.0399	1.6535e-22
165f	4213f	1.0001	0.0097	0.0717	0.0741	0.3335
165f	4371f	1.0246	0.0089	-0.0274	0.0687	0.6895
165f	4374f	1.017	0.0077	0.0648	0.0651	0.3199
165f	48f	0.9724	0.0078	0.1451	0.0374	0.0001
165f	51f	0.9767	0.0065	-0.0917	0.0525	0.0809
165f	96f	0.9583	0.0075	0.5142	0.0651	2.7374e-15
165f	99f	0.9834	0.0067	0.337	0.0766	1.0822e-05
165f	a13f	0.989	0.0087	-0.1095	0.0462	0.0178
165f	a1f	1.0101	0.0084	-0.0995	0.0359	0.0056
165f	a21f	0.9844	0.0078	-0.1797	0.0412	1.2835e-05
165f	a22f	1.0239	0.0081	-0.0442	0.0316	0.1616
165f	a27f	1.0257	0.0355	-0.0306	0.0476	0.5206
165f	a28f	1.0179	0.0095	-0.0772	0.0831	0.3528
165f	a29f	1.0204	0.009	0.0214	0.0332	0.5185
165f	a30f	0.9525	0.009	0.1692	0.0292	6.8682e-09
165f	a7f	0.9536	0.0082	0.0109	0.0545	0.8415
165f	a8f	1.051	0.013	-0.1132	0.0323	0.0005
165f	a9f	1.0565	0.0087	-0.0332	0.0661	0.6155
165f	ADr1uf	1.008	0.0309	-0.0511	0.1848	0.7821
165f	bm1f	1.0078	0.0071	0.0445	0.0852	0.6016
165f	bm2f	0.9927	0.0074	-0.0294	0.0549	0.5918
165f	bm4f	1.0065	0.0074	-0.0416	0.0751	0.5794
165f	bm5f	1.002	0.0079	-0.104	0.0497	0.0365
165f	bm6f	1.0034	0.0092	-0.0622	0.0523	0.2344
165f	bm7f	1.0027	0.0091	-0.0627	0.0509	0.2181
165f	bm8f	0.9991	0.0076	0.0588	0.0576	0.3073
165f	ch1f	0.9993	0.0068	0.0347	0.0651	0.5943
165f	ch4f	0.9981	0.0065	-0.024	0.0885	0.7859
165f	ch5f	0.9942	0.0068	0.0849	0.0737	0.2492
165f	ch6f	1.0017	0.0071	0.127	0.0772	0.1
165f	l1f	1.1109	0.0347	0.1126	0.0273	3.7676e-05
165f	l2f	1.0805	0.0293	-0.1619	0.028	7.2584e-09
165f	l3f	1.1206	0.0343	-0.1473	0.0256	8.1767e-09
165f	l4f	1.0893	0.0314	-0.201	0.0283	1.2778e-12
165f	l5f	1.0953	0.0298	-0.2006	0.0276	3.3074e-13
165f	r10f	0.9646	0.0083	-0.0549	0.0515	0.2868
165f	r4f	0.9968	0.0068	-0.1244	0.0481	0.0096
165f	r5f	1.053	0.0098	0.0328	0.0328	0.3183
165f	r8f	0.9979	0.0075	-0.0337	0.038	0.3745
165f	r9f	1.0095	0.0073	0.0252	0.0602	0.6757
169m	169m	0.8614	0.0077	1.0	2.0185e-05	0.0
169m	171f	0.8144	0.008	0.9052	0.0304	5.7436e-195
169m	175m	0.8735	0.0079	0.4084	0.036	7.5154e-30
169m	181m	0.8918	0.0075	0.7383	0.0255	8.7761e-184
169m	187m	0.9042	0.0075	0.1583	0.0517	0.0022
169m	4212m	1.0032	0.0102	-0.1167	0.0741	0.1152
169m	4370m	1.0238	0.0108	-0.1517	0.0841	0.0712
169m	4373m	0.9979	0.0083	-0.0206	0.059	0.7265
169m	49m	0.9456	0.0077	-0.2997	0.0478	3.7582e-10
169m	52m	0.9758	0.0072	0.1706	0.0669	0.0108
169m	97m	0.9786	0.008	0.5717	0.0918	4.6519e-10
169m	a13m	1.0084	0.0141	0.23	0.0435	1.2655e-07
169m	a1m	0.9967	0.0093	0.0507	0.0491	0.3021
169m	a21m	1.018	0.0086	-0.0092	0.0641	0.8855
169m	a22m	1.0144	0.0087	0.235	0.0399	3.8139e-09
169m	a27m	1.0231	0.0302	0.1124	0.0587	0.0555
169m	a28m	1.0129	0.0234	0.4195	0.1248	0.0008
169m	a29m	1.0222	0.0094	0.2859	0.0384	9.6362e-14
169m	a30m	0.9581	0.0092	-0.2626	0.0333	3.0153e-15
169m	a7m	0.9636	0.0088	-0.0397	0.0532	0.4547
169m	a8m	1.0435	0.0177	0.4995	0.0419	8.8031e-33
169m	a9m	1.0061	0.009	0.2262	0.0472	1.6458e-06
169m	ADr1um	0.9891	0.0269	-0.3367	0.19	0.0765
169m	bm1m	1.0096	0.0072	0.0009	0.0838	0.9919
169m	bm2m	0.9958	0.009	0.0707	0.071	0.319
169m	bm4m	0.9937	0.0075	0.1844	0.0826	0.0256
169m	bm5m	1.0061	0.008	0.0827	0.0625	0.1855
169m	bm6m	0.996	0.0084	0.1394	0.0592	0.0185
169m	bm7m	1.0038	0.0077	0.1602	0.0634	0.0115
169m	bm8m	1.0102	0.0067	-0.0458	0.08	0.5671
169m	ch1m	0.9982	0.0074	-0.1467	0.084	0.0808
169m	ch4m	0.9996	0.0066	-0.1977	0.0831	0.0174
169m	ch5m	1.0018	0.0069	-0.2614	0.1117	0.0193
169m	ch6m	0.9859	0.007	-0.0815	0.0763	0.2858
169m	l1m	1.0939	0.0394	-0.4869	0.0303	5.6833e-58
169m	l2m	1.057	0.0313	-0.1423	0.0311	4.8482e-06
169m	l3m	1.107	0.0364	-0.1672	0.0309	6.3301e-08
169m	l4m	1.0733	0.0385	0.3483	0.0334	1.9009e-25
169m	l5m	1.0698	0.0278	0.0197	0.036	0.5852
169m	r10m	0.9966	0.0083	0.0261	0.0902	0.7724
169m	r4m	1.0133	0.0074	0.1765	0.0636	0.0055
169m	r5m	1.0022	0.0124	-0.0603	0.0318	0.058
169m	r8m	1.0059	0.0081	0.1125	0.0452	0.0128
169m	r9m	0.9968	0.0067	0.2308	0.0776	0.0029
171f	171f	0.8152	0.0069	1.0	4.0858e-06	0.0
171f	177f	0.8903	0.0082	0.4029	0.0278	1.7851e-47
171f	183f	0.8891	0.0081	0.6803	0.0228	6.9209e-196
171f	189f	0.9081	0.0087	0.2303	0.0344	2.0210e-11
171f	4213f	0.9997	0.0098	-0.0557	0.0776	0.4731
171f	4371f	1.0247	0.009	0.028	0.0759	0.7121
171f	4374f	1.0164	0.0077	-0.0799	0.0538	0.1371
171f	48f	0.9727	0.008	-0.2643	0.0346	2.2672e-14
171f	51f	0.9777	0.0067	0.058	0.0461	0.2091
171f	96f	0.9585	0.0075	0.3115	0.0524	2.8119e-09
171f	99f	0.9837	0.0067	-0.2916	0.0764	0.0001
171f	a13f	0.991	0.009	0.3288	0.0397	1.2563e-16
171f	a1f	1.0111	0.0084	0.1606	0.0342	2.7034e-06
171f	a21f	0.9825	0.0081	0.067	0.0389	0.085
171f	a22f	1.0234	0.008	0.3178	0.0322	6.4766e-23
171f	a27f	1.027	0.035	0.1574	0.0601	0.0088
171f	a28f	1.0175	0.0097	0.6365	0.0768	1.1053e-16
171f	a29f	1.0207	0.009	0.3061	0.0295	3.5094e-25
171f	a30f	0.9511	0.0092	-0.2614	0.0265	6.6347e-23
171f	a7f	0.9545	0.0082	-0.1058	0.054	0.0499
171f	a8f	1.0513	0.0131	0.601	0.0298	1.4624e-90
171f	a9f	1.0564	0.0086	0.3204	0.0648	7.7652e-07
171f	ADr1uf	1.008	0.0312	-0.2684	0.2944	0.3619
171f	bm1f	1.0069	0.0069	0.0409	0.0769	0.5946
171f	bm2f	0.9927	0.0076	-0.0611	0.0541	0.2592
171f	bm4f	1.0059	0.0074	0.003	0.0792	0.9693
171f	bm5f	1.0014	0.0078	-0.0019	0.045	0.9658
171f	bm6f	1.0021	0.0091	-0.0017	0.0495	0.9719
171f	bm7f	1.0016	0.0091	0.0152	0.0477	0.75
171f	bm8f	0.9987	0.0075	-0.0481	0.0542	0.3745
171f	ch1f	0.9992	0.0068	-0.1442	0.0626	0.0212
171f	ch4f	0.9977	0.0066	-0.0961	0.087	0.2696
171f	ch5f	0.9928	0.007	-0.1249	0.072	0.0828
171f	ch6f	1.0016	0.0073	-0.2023	0.0776	0.0091
171f	l1f	1.1065	0.0344	-0.5062	0.0257	2.8133e-86
171f	l2f	1.0802	0.029	0.1842	0.028	4.7136e-11
171f	l3f	1.1222	0.034	0.0526	0.0268	0.0496
171f	l4f	1.0851	0.0307	0.4453	0.028	8.2235e-57
171f	l5f	1.0942	0.0294	0.2637	0.0295	3.4955e-19
171f	r10f	0.9642	0.0083	0.0873	0.0526	0.0969
171f	r4f	0.9962	0.0068	0.1461	0.0445	0.001
171f	r5f	1.0524	0.01	-0.0731	0.0302	0.0155
171f	r8f	0.9982	0.0075	0.0417	0.0365	0.2538
171f	r9f	1.0096	0.0073	0.1647	0.0554	0.0029
175m	175m	0.8735	0.0078	1.0	1.2621e-05	0.0
175m	177f	0.8905	0.0091	0.7449	0.0453	7.4390e-61
175m	181m	0.8914	0.0075	0.3631	0.0392	1.8460e-20
175m	187m	0.9042	0.0075	0.5318	0.0365	4.1016e-48
175m	4212m	1.0029	0.0101	-0.0892	0.068	0.1899
175m	4370m	1.0244	0.011	-0.1236	0.1002	0.2174
175m	4373m	0.999	0.0083	0.1175	0.061	0.0541
175m	49m	0.9453	0.0079	0.0703	0.0555	0.2051
175m	52m	0.975	0.007	0.0428	0.063	0.4967
175m	97m	0.978	0.0081	0.5973	0.084	1.1730e-12
175m	a13m	1.0085	0.0141	0.0028	0.0367	0.9396
175m	a1m	0.997	0.0092	-0.0302	0.0492	0.5401
175m	a21m	1.0174	0.0085	-0.0506	0.0602	0.4008
175m	a22m	1.0165	0.0086	-0.0673	0.0437	0.1228
175m	a27m	1.0226	0.0305	-0.0352	0.0606	0.5615
175m	a28m	1.0126	0.0242	0.0687	0.0981	0.4839
175m	a29m	1.0222	0.0094	0.0301	0.0435	0.4887
175m	a30m	0.9601	0.0094	-0.0414	0.0313	0.1856
175m	a7m	0.9634	0.009	-0.0935	0.0502	0.0624
175m	a8m	1.0432	0.0176	0.0856	0.0425	0.0439
175m	a9m	1.0068	0.009	0.0464	0.0457	0.3096
175m	ADr1um	0.9799	0.0177	-0.1819	0.1161	0.1171
175m	bm1m	1.0096	0.0073	-0.042	0.0824	0.61
175m	bm2m	0.9965	0.0089	-0.0549	0.0845	0.5156
175m	bm4m	0.9942	0.0076	-0.0377	0.0917	0.6811
175m	bm5m	1.0072	0.0079	-0.0903	0.0644	0.1608
175m	bm6m	0.996	0.0085	-0.0184	0.0582	0.7523
175m	bm7m	1.0036	0.0076	-0.0026	0.0621	0.9668
175m	bm8m	1.0091	0.0069	-0.0459	0.0801	0.5661
175m	ch1m	0.9993	0.0074	-0.0279	0.0892	0.7547
175m	ch4m	1.0001	0.0068	-0.0468	0.0887	0.598
175m	ch5m	1.0018	0.0069	-0.0788	0.099	0.4262
175m	ch6m	0.986	0.0072	0.0143	0.083	0.8627
175m	l1m	1.0962	0.04	-0.1274	0.031	3.9161e-05
175m	l2m	1.0586	0.032	-0.0913	0.0331	0.0058
175m	l3m	1.1097	0.0374	-0.0837	0.0298	0.005
175m	l4m	1.0767	0.0392	0.1023	0.0361	0.0046
175m	l5m	1.071	0.028	-0.0365	0.033	0.2694
175m	r10m	0.996	0.0082	-0.0278	0.0925	0.7633
175m	r4m	1.0132	0.0076	0.077	0.0674	0.2533
175m	r5m	1.0018	0.0127	-0.0198	0.0279	0.4774
175m	r8m	1.0065	0.008	-0.0388	0.0431	0.3676
175m	r9m	0.9963	0.0067	0.0099	0.0807	0.9024
177f	177f	0.8909	0.008	1.0	1.4216e-07	0.0
177f	183f	0.8885	0.008	0.6302	0.0284	2.4875e-109
177f	189f	0.9089	0.0087	0.7171	0.0243	6.0433e-192
177f	4213f	1.0001	0.0096	0.0216	0.0911	0.8127
177f	4371f	1.0249	0.0088	0.0692	0.0713	0.3318
177f	4374f	1.0177	0.0078	-0.1464	0.0717	0.041
177f	48f	0.9729	0.0078	-0.0675	0.0397	0.089
177f	51f	0.9771	0.0065	0.0032	0.0566	0.9548
177f	96f	0.9581	0.0076	0.358	0.066	5.6698e-08
177f	99f	0.9835	0.0067	0.1822	0.0832	0.0286
177f	a13f	0.9899	0.0087	0.1863	0.0466	6.3926e-05
177f	a1f	1.01	0.0085	0.036	0.0382	0.3458
177f	a21f	0.9831	0.008	-0.098	0.0475	0.0391
177f	a22f	1.0234	0.0079	0.0568	0.0348	0.1029
177f	a27f	1.0255	0.035	0.0943	0.0555	0.0893
177f	a28f	1.017	0.0095	0.367	0.0939	9.2526e-05
177f	a29f	1.021	0.0088	0.0556	0.0345	0.1067
177f	a30f	0.9521	0.0091	-0.0199	0.0289	0.4908
177f	a7f	0.9539	0.0082	-0.0012	0.0527	0.9816
177f	a8f	1.0508	0.013	0.2774	0.0391	1.2281e-12
177f	a9f	1.0562	0.0087	0.1331	0.0736	0.0703
177f	ADr1uf	1.0077	0.0309	0.1292	0.2487	0.6034
177f	bm1f	1.0077	0.007	0.0186	0.0868	0.8299
177f	bm2f	0.9932	0.0075	0.0604	0.063	0.3379
177f	bm4f	1.0065	0.0074	-0.1581	0.0867	0.0682
177f	bm5f	1.0019	0.0079	-0.0171	0.0509	0.7369
177f	bm6f	1.004	0.0091	-0.0443	0.0541	0.4129
177f	bm7f	1.0032	0.0091	-0.0256	0.0523	0.6242
177f	bm8f	0.9993	0.0075	-0.1042	0.0573	0.0691
177f	ch1f	0.9993	0.0068	-0.0427	0.0678	0.5289
177f	ch4f	0.9985	0.0066	-0.0468	0.103	0.6496
177f	ch5f	0.9939	0.007	0.0324	0.0824	0.694
177f	ch6f	1.0019	0.0071	0.0063	0.0851	0.9414
177f	l1f	1.1101	0.0353	-0.2786	0.0283	7.7389e-23
177f	l2f	1.0795	0.0292	0.1226	0.0349	0.0004
177f	l3f	1.1205	0.0341	0.0583	0.0342	0.0883
177f	l4f	1.0882	0.0314	0.2879	0.0296	2.5722e-22
177f	l5f	1.0948	0.0298	0.1634	0.0346	2.3568e-06
177f	r10f	0.9644	0.0084	-0.0069	0.0619	0.9108
177f	r4f	0.9971	0.0068	-0.0094	0.0508	0.8539
177f	r5f	1.0532	0.0099	-0.0321	0.0372	0.3881
177f	r8f	0.9981	0.0076	0.0287	0.0393	0.4645
177f	r9f	1.0091	0.0072	0.1129	0.0703	0.108
181m	181m	0.8914	0.0075	1.0	2.5197e-06	0.0
181m	183f	0.8945	0.0106	0.7466	0.0512	3.4438e-48
181m	187m	0.9043	0.0075	0.7266	0.025	1.9257e-185
181m	4212m	1.0013	0.0106	-0.1303	0.0857	0.1286
181m	4370m	1.0227	0.0123	-0.1759	0.0957	0.0659
181m	4373m	0.9989	0.0084	0.057	0.0666	0.3923
181m	49m	0.9436	0.0086	-0.3714	0.0588	2.6069e-10
181m	52m	0.9728	0.0076	0.1136	0.0726	0.1177
181m	97m	0.9779	0.0086	0.1938	0.1029	0.0596
181m	a13m	1.0106	0.0145	0.3562	0.0478	9.5248e-14
181m	a1m	0.9981	0.0095	0.0978	0.0554	0.0776
181m	a21m	1.0153	0.0087	0.2592	0.0719	0.0003
181m	a22m	1.0181	0.0093	0.2149	0.0444	1.3079e-06
181m	a27m	1.0231	0.0302	0.1221	0.0667	0.0671
181m	a28m	1.0137	0.0251	0.4044	0.133	0.0024
181m	a29m	1.0228	0.0104	0.2778	0.0459	1.4232e-09
181m	a30m	0.962	0.0106	-0.3887	0.0362	7.2542e-27
181m	a7m	0.9645	0.01	-0.0204	0.0585	0.727
181m	a8m	1.0513	0.0185	0.5308	0.0502	4.0057e-26
181m	a9m	1.0119	0.0098	0.3184	0.0588	6.0428e-08
181m	ADr1um	0.9814	0.0201	-0.2134	0.1328	0.1081
181m	bm1m	1.0119	0.0076	-0.0661	0.0953	0.4881
181m	bm2m	0.9954	0.0091	0.1055	0.0841	0.2096
181m	bm4m	0.9936	0.0078	0.085	0.0965	0.3782
181m	bm5m	1.0068	0.0086	0.1131	0.0707	0.1096
181m	bm6m	0.9982	0.0095	0.1905	0.0692	0.0059
181m	bm7m	1.0062	0.0091	0.203	0.075	0.0068
181m	bm8m	1.0118	0.0079	-0.1545	0.0923	0.0941
181m	ch1m	0.9979	0.0079	-0.1888	0.0911	0.0382
181m	ch4m	1.0007	0.0075	-0.2549	0.0916	0.0054
181m	ch5m	1.002	0.0072	-0.3457	0.1265	0.0063
181m	ch6m	0.9851	0.0079	-0.2434	0.0962	0.0114
181m	l1m	1.1221	0.0448	-0.4805	0.0354	4.6559e-42
181m	l2m	1.0662	0.0354	-0.0068	0.0356	0.8489
181m	l3m	1.1215	0.0419	-0.0067	0.0366	0.8552
181m	l4m	1.0927	0.0441	0.4629	0.0374	3.1067e-35
181m	l5m	1.0782	0.0317	0.1794	0.0435	3.7811e-05
181m	r10m	0.9903	0.0086	0.0405	0.0927	0.6624
181m	r4m	1.018	0.0079	0.27	0.0739	0.0003
181m	r5m	1.0108	0.0133	0.0036	0.0338	0.9162
181m	r8m	1.0088	0.0086	0.1577	0.0497	0.0015
181m	r9m	0.9989	0.0071	0.1457	0.0837	0.0816
183f	183f	0.8888	0.0081	1.0	1.8775e-05	0.0
183f	189f	0.909	0.0088	0.8568	0.0137	0.0
183f	4213f	1.	0.0096	-0.0993	0.0893	0.2665
183f	4371f	1.0249	0.0089	0.0514	0.0839	0.5398
183f	4374f	1.0167	0.0077	-0.1533	0.0661	0.0203
183f	48f	0.9736	0.0079	-0.2955	0.0414	9.3155e-13
183f	51f	0.9774	0.0066	0.0915	0.0585	0.1176
183f	96f	0.9584	0.0076	0.0693	0.0545	0.2037
183f	99f	0.9839	0.0067	-0.2589	0.0871	0.003
183f	a13f	0.9895	0.0089	0.384	0.0463	1.1783e-16
183f	a1f	1.0103	0.0084	0.1821	0.0412	9.7308e-06
183f	a21f	0.9834	0.0081	0.0884	0.0458	0.0533
183f	a22f	1.024	0.008	0.2455	0.0393	4.1525e-10
183f	a27f	1.0256	0.0353	0.1711	0.0642	0.0077
183f	a28f	1.018	0.0095	0.6769	0.0999	1.2379e-11
183f	a29f	1.0209	0.0088	0.216	0.038	1.3291e-08
183f	a30f	0.9518	0.0091	-0.2822	0.0327	6.0491e-18
183f	a7f	0.9539	0.0082	-0.0565	0.0517	0.2745
183f	a8f	1.0507	0.013	0.6061	0.0327	1.0730e-76
183f	a9f	1.0563	0.0087	0.3156	0.0704	7.3713e-06
183f	ADr1uf	1.0075	0.0308	-0.0876	0.2067	0.6719
183f	bm1f	1.0076	0.0069	-0.0272	0.0937	0.7716
183f	bm2f	0.9926	0.0075	0.0199	0.0605	0.7427
183f	bm4f	1.0055	0.0073	-0.081	0.0802	0.3123
183f	bm5f	1.0021	0.0078	0.0754	0.053	0.1552
183f	bm6f	1.0038	0.0091	0.0442	0.0534	0.4079
183f	bm7f	1.0028	0.009	0.0629	0.0507	0.2152
183f	bm8f	0.9988	0.0076	-0.1323	0.0588	0.0245
183f	ch1f	0.999	0.0068	-0.1204	0.0774	0.1197
183f	ch4f	0.9986	0.0066	-0.0592	0.1042	0.5697
183f	ch5f	0.9938	0.007	-0.0846	0.0792	0.2851
183f	ch6f	1.0022	0.0072	-0.193	0.0888	0.0298
183f	l1f	1.1095	0.0349	-0.5627	0.0293	2.8496e-82
183f	l2f	1.0795	0.029	0.2813	0.0338	7.8863e-17
183f	l3f	1.1202	0.0336	0.1526	0.0318	1.6063e-06
183f	l4f	1.0873	0.0313	0.5933	0.0305	3.4183e-84
183f	l5f	1.0945	0.0295	0.3862	0.0334	6.3221e-31
183f	r10f	0.9644	0.0083	0.0996	0.0633	0.1156
183f	r4f	0.9976	0.0069	0.1773	0.0526	0.0007
183f	r5f	1.0531	0.0098	-0.0807	0.0359	0.0245
183f	r8f	0.9976	0.0077	0.0552	0.0406	0.1739
183f	r9f	1.0097	0.0072	0.1782	0.0614	0.0037
187m	187m	0.9042	0.0075	1.0	4.3886e-06	0.0
187m	189f	0.9237	0.0114	0.6735	0.0615	6.8710e-28
187m	4212m	1.0019	0.0112	-0.0934	0.0802	0.2442
187m	4370m	1.0267	0.0127	-0.2234	0.1128	0.0477
187m	4373m	1.0023	0.0088	0.1877	0.0767	0.0143
187m	49m	0.9437	0.0087	-0.1427	0.0654	0.029
187m	52m	0.9729	0.0078	0.0192	0.0779	0.8052
187m	97m	0.9767	0.009	-0.0437	0.1	0.6624
187m	a13m	1.0127	0.0148	0.2345	0.0472	6.9028e-07
187m	a1m	0.9972	0.0095	0.0557	0.0546	0.3081
187m	a21m	1.0154	0.0092	0.2622	0.0791	0.0009
187m	a22m	1.0198	0.0092	0.0181	0.0502	0.7182
187m	a27m	1.0227	0.0306	0.0012	0.0748	0.9869
187m	a28m	1.0126	0.0245	0.0857	0.098	0.3818
187m	a29m	1.0205	0.0105	0.1132	0.0439	0.0099
187m	a30m	0.9618	0.0109	-0.2582	0.037	3.0635e-12
187m	a7m	0.9672	0.0099	-0.0164	0.0552	0.7671
187m	a8m	1.0565	0.019	0.24	0.0507	2.1838e-06
187m	a9m	1.0108	0.0101	0.194	0.0655	0.003
187m	ADr1um	0.9806	0.0207	-0.0849	0.137	0.5357
187m	bm1m	1.0112	0.008	-0.0571	0.098	0.5601
187m	bm2m	0.9949	0.0092	0.0523	0.0839	0.5335
187m	bm4m	0.9921	0.0081	-0.1216	0.1085	0.2626
187m	bm5m	1.0078	0.0091	-0.0159	0.0654	0.8079
187m	bm6m	0.9994	0.0099	0.0979	0.0704	0.1644
187m	bm7m	1.006	0.0095	0.1054	0.0732	0.1497
187m	bm8m	1.0143	0.0082	-0.1434	0.1028	0.163
187m	ch1m	0.9966	0.0081	-0.116	0.0943	0.2187
187m	ch4m	1.0023	0.0073	-0.2222	0.0989	0.0246
187m	ch5m	1.0035	0.0078	-0.2778	0.1415	0.0497
187m	ch6m	0.9833	0.0086	-0.2738	0.0952	0.004
187m	l1m	1.1313	0.0468	-0.2234	0.0424	1.4039e-07
187m	l2m	1.0748	0.0368	0.0547	0.0407	0.1793
187m	l3m	1.1339	0.0425	0.0919	0.0421	0.029
187m	l4m	1.1031	0.0474	0.3145	0.038	1.1885e-16
187m	l5m	1.0855	0.0332	0.1765	0.0472	0.0002
187m	r10m	0.9892	0.0091	0.0793	0.1001	0.428
187m	r4m	1.0171	0.0078	0.2235	0.076	0.0033
187m	r5m	1.0102	0.0145	0.0402	0.036	0.2647
187m	r8m	1.0064	0.0089	0.0852	0.051	0.0946
187m	r9m	0.9971	0.0074	-0.0005	0.0904	0.9955
189f	189f	0.908	0.0086	1.0	1.8339e-05	0.0
189f	4213f	0.9992	0.0097	-0.0612	0.0893	0.4932
189f	4371f	1.0245	0.009	0.0568	0.082	0.488
189f	4374f	1.0173	0.0077	-0.1967	0.0748	0.0086
189f	48f	0.9732	0.0078	-0.1739	0.0428	4.8636e-05
189f	51f	0.9758	0.0065	0.0759	0.0575	0.1873
189f	96f	0.9582	0.0075	-0.0246	0.0599	0.6817
189f	99f	0.9833	0.0067	-0.0278	0.082	0.7345
189f	a13f	0.989	0.0087	0.262	0.049	8.8176e-08
189f	a1f	1.01	0.0084	0.1193	0.0411	0.0037
189f	a21f	0.984	0.0079	0.0365	0.0497	0.4619
189f	a22f	1.0245	0.008	0.08	0.0387	0.0388
189f	a27f	1.0259	0.0353	0.0895	0.0608	0.1408
189f	a28f	1.0185	0.0095	0.3841	0.1059	0.0003
189f	a29f	1.0213	0.0089	0.0553	0.0373	0.1374
189f	a30f	0.9524	0.0091	-0.1572	0.0337	2.9973e-06
189f	a7f	0.9545	0.0082	0.0005	0.0524	0.9924
189f	a8f	1.0515	0.013	0.3495	0.0354	6.2082e-23
189f	a9f	1.057	0.0087	0.1863	0.0779	0.0168
189f	ADr1uf	1.0072	0.0309	0.1504	0.2394	0.5298
189f	bm1f	1.0075	0.0071	-0.0173	0.0999	0.8627
189f	bm2f	0.9926	0.0073	0.0832	0.0654	0.2035
189f	bm4f	1.0061	0.0073	-0.1719	0.0815	0.035
189f	bm5f	1.0017	0.0078	0.0676	0.0554	0.2223
189f	bm6f	1.0042	0.0093	0.0455	0.0574	0.4281
189f	bm7f	1.0033	0.0093	0.0529	0.0543	0.3306
189f	bm8f	0.9992	0.0076	-0.1435	0.0587	0.0145
189f	ch1f	1.	0.0067	-0.0645	0.0805	0.423
189f	ch4f	0.9982	0.0065	-0.0024	0.1058	0.982
189f	ch5f	0.9946	0.0068	0.0065	0.0845	0.9384
189f	ch6f	1.0024	0.0071	-0.0812	0.0903	0.3683
189f	l1f	1.1103	0.0346	-0.3695	0.0309	5.3244e-33
189f	l2f	1.0803	0.0295	0.2278	0.0352	9.2211e-11
189f	l3f	1.1206	0.0346	0.1531	0.0321	1.8900e-06
189f	l4f	1.0884	0.0311	0.451	0.0316	4.0731e-46
189f	l5f	1.095	0.0299	0.3017	0.0351	8.1351e-18
189f	r10f	0.9647	0.0083	0.0523	0.069	0.4481
189f	r4f	0.9969	0.0067	0.0896	0.0538	0.0956
189f	r5f	1.0535	0.0099	-0.051	0.0412	0.2152
189f	r8f	0.9979	0.0076	0.0361	0.0427	0.3981
189f	r9f	1.0095	0.0072	0.1136	0.0677	0.0933
4212m	4212m	1.0034	0.0093	1.0	4.2296e-06	0.0
4212m	4213f	0.9983	0.0092	0.8693	0.1763	8.1742e-07
4212m	4370m	1.025	0.0104	0.0216	0.1325	0.8703
4212m	4373m	0.9963	0.0071	-0.0483	0.1118	0.6659
4212m	49m	0.9435	0.0069	0.1441	0.0907	0.112
4212m	52m	0.9726	0.0062	-0.06	0.1225	0.6243
4212m	97m	0.9758	0.0077	-0.0439	0.1224	0.7202
4212m	a13m	0.9977	0.0111	-0.026	0.0644	0.6861
4212m	a1m	0.9975	0.0081	0.076	0.0763	0.3193
4212m	a21m	1.0192	0.007	-0.0427	0.1107	0.6996
4212m	a22m	1.016	0.0077	0.0374	0.0675	0.5792
4212m	a27m	0.9552	0.0218	0.1232	0.1183	0.2974
4212m	a28m	0.9217	0.0154	0.0017	0.1232	0.9887
4212m	a29m	1.0174	0.0083	-0.0323	0.071	0.6489
4212m	a30m	0.9497	0.0076	-0.0917	0.0586	0.1179
4212m	a7m	0.9582	0.0078	-0.0849	0.0911	0.3512
4212m	a8m	1.0349	0.0151	-0.174	0.0569	0.0022
4212m	a9m	1.0078	0.0079	-0.254	0.1025	0.0132
4212m	ADr1um	0.9829	0.0203	0.2307	0.1989	0.246
4212m	bm1m	1.0084	0.0063	-0.0773	0.1457	0.5955
4212m	bm2m	0.9988	0.0076	-0.2069	0.1378	0.1333
4212m	bm4m	0.9919	0.0064	0.0878	0.1408	0.5331
4212m	bm5m	1.0046	0.0072	-0.0785	0.0942	0.4046
4212m	bm6m	0.9996	0.0077	-0.0186	0.0887	0.8341
4212m	bm7m	1.0063	0.0077	-0.0574	0.0916	0.5314
4212m	bm8m	1.0094	0.0065	0.2751	0.1412	0.0513
4212m	ch1m	0.999	0.0065	0.1703	0.1472	0.2472
4212m	ch4m	0.9958	0.0062	-0.1185	0.129	0.3583
4212m	ch5m	1.0045	0.0061	0.188	0.1778	0.2902
4212m	ch6m	0.9878	0.0065	0.0753	0.138	0.5854
4212m	l1m	1.0776	0.0352	0.0169	0.0461	0.7143
4212m	l2m	1.0541	0.0301	0.0738	0.0508	0.1462
4212m	l3m	1.095	0.0345	0.1009	0.0531	0.0572
4212m	l4m	1.0433	0.0318	0.0276	0.0459	0.5472
4212m	l5m	1.0681	0.0262	0.0761	0.0575	0.1859
4212m	r10m	0.9996	0.0079	0.0262	0.1656	0.8742
4212m	r4m	1.0163	0.0063	0.2235	0.1078	0.0381
4212m	r5m	1.0075	0.0118	-0.0206	0.0544	0.7045
4212m	r8m	1.0054	0.0071	-0.0193	0.064	0.7633
4212m	r9m	0.9962	0.0067	0.1311	0.1308	0.3161
4213f	4213f	0.998	0.0081	1.0002	8.5174e-05	0.0
4213f	4371f	1.025	0.0088	-0.0059	0.1494	0.9684
4213f	4374f	1.0184	0.0074	-0.09	0.1478	0.5424
4213f	48f	0.9694	0.0078	-0.1242	0.0861	0.1494
4213f	51f	0.975	0.0066	0.1933	0.1156	0.0944
4213f	96f	0.958	0.0077	0.0679	0.1308	0.6037
4213f	99f	0.9832	0.0066	0.1487	0.1644	0.3655
4213f	a13f	0.9883	0.0086	0.0872	0.0936	0.3514
4213f	a1f	1.0106	0.0083	0.0816	0.0788	0.3001
4213f	a21f	0.9876	0.0079	-0.1425	0.0954	0.1353
4213f	a22f	1.0218	0.0075	0.0154	0.0782	0.8441
4213f	a27f	0.9873	0.0277	0.782	0.9889	0.4291
4213f	a28f	1.0054	0.0095	0.0028	0.1776	0.9875
4213f	a29f	1.0166	0.0086	0.0342	0.0706	0.6286
4213f	a30f	0.9502	0.009	0.0529	0.064	0.4079
4213f	a7f	0.9533	0.0078	0.0194	0.1145	0.8653
4213f	a8f	1.0448	0.013	-0.1335	0.0724	0.0653
4213f	a9f	1.0574	0.0086	0.2393	0.1706	0.1606
4213f	ADr1uf	1.0067	0.0305	0.0185	0.25	0.9411
4213f	bm1f	1.0094	0.007	-0.0949	0.2068	0.6464
4213f	bm2f	0.9971	0.0072	0.1604	0.1522	0.2919
4213f	bm4f	1.0062	0.0069	-0.0549	0.1906	0.7731
4213f	bm5f	1.0033	0.0076	0.0202	0.1119	0.857
4213f	bm6f	1.0066	0.0093	-0.0072	0.1132	0.9496
4213f	bm7f	1.0059	0.009	-0.0123	0.1071	0.9085
4213f	bm8f	0.9998	0.0071	-0.0924	0.1228	0.4519
4213f	ch1f	0.999	0.0069	0.176	0.1566	0.2612
4213f	ch4f	0.998	0.0064	-0.1176	0.2282	0.6062
4213f	ch5f	0.9923	0.006	-0.093	0.1631	0.5688
4213f	ch6f	1.0031	0.0066	-0.0101	0.2001	0.9597
4213f	l1f	1.1091	0.0333	0.0777	0.0575	0.1765
4213f	l2f	1.0699	0.03	0.0711	0.0599	0.2354
4213f	l3f	1.1084	0.0313	0.1314	0.0687	0.0559
4213f	l4f	1.0813	0.0298	0.009	0.0595	0.8796
4213f	l5f	1.0857	0.0293	0.0557	0.0614	0.3645
4213f	r10f	0.9691	0.009	0.298	0.1685	0.077
4213f	r4f	1.0011	0.0064	0.0528	0.1021	0.605
4213f	r5f	1.057	0.0099	-0.0279	0.083	0.7365
4213f	r8f	0.9976	0.0076	-0.043	0.0829	0.6044
4213f	r9f	1.0112	0.0061	0.3144	0.1658	0.058
4370m	4370m	1.0267	0.0098	1.0	1.6651e-06	0.0
4370m	4371f	1.0239	0.0084	1.3204	0.2451	7.1532e-08
4370m	4373m	0.9971	0.0071	0.0106	0.1252	0.9324
4370m	49m	0.9431	0.0066	0.1368	0.1007	0.1745
4370m	52m	0.9708	0.006	-0.0645	0.124	0.6027
4370m	97m	0.9758	0.0077	-0.1775	0.1418	0.2106
4370m	a13m	1.	0.0127	0.0034	0.0624	0.9566
4370m	a1m	1.	0.0085	-0.0522	0.0899	0.5617
4370m	a21m	1.0195	0.007	-0.1357	0.1157	0.2409
4370m	a22m	1.0164	0.0081	-0.0354	0.0884	0.6891
4370m	a27m	0.9614	0.0222	-0.1233	0.1438	0.3915
4370m	a28m	0.9278	0.0171	-0.0262	0.1515	0.8627
4370m	a29m	1.0199	0.0085	-0.1289	0.0883	0.1443
4370m	a30m	0.9511	0.0076	0.0599	0.0629	0.3413
4370m	a7m	0.958	0.0079	0.1611	0.104	0.1215
4370m	a8m	1.039	0.0156	-0.0594	0.0742	0.4239
4370m	a9m	1.0066	0.0082	0.0168	0.0871	0.8467
4370m	ADr1um	0.9906	0.0278	-0.2104	0.3011	0.4848
4370m	bm1m	1.0095	0.0066	-0.1187	0.1683	0.4805
4370m	bm2m	0.9964	0.0083	-0.0931	0.1748	0.5943
4370m	bm4m	0.9948	0.0065	0.0595	0.1502	0.6919
4370m	bm5m	1.0056	0.0075	0.0308	0.108	0.7754
4370m	bm6m	0.9972	0.0077	0.0185	0.1048	0.8602
4370m	bm7m	1.004	0.0071	-0.0003	0.1205	0.998
4370m	bm8m	1.0133	0.0065	-0.1306	0.1672	0.4347
4370m	ch1m	0.9999	0.0067	-0.0125	0.1989	0.9499
4370m	ch4m	0.9968	0.0059	-0.1928	0.1587	0.2243
4370m	ch5m	1.0038	0.006	0.1389	0.2019	0.4915
4370m	ch6m	0.9914	0.0063	0.0254	0.1681	0.8797
4370m	l1m	1.0907	0.0357	0.0007	0.0449	0.9881
4370m	l2m	1.0624	0.0298	-0.0429	0.0686	0.5315
4370m	l3m	1.1044	0.0324	-0.0278	0.0551	0.6139
4370m	l4m	1.0586	0.0356	0.0743	0.063	0.2378
4370m	l5m	1.0769	0.0253	-0.0458	0.066	0.4882
4370m	r10m	0.9997	0.0084	0.098	0.202	0.6274
4370m	r4m	1.0183	0.0065	-0.176	0.133	0.1856
4370m	r5m	1.007	0.0113	-0.0292	0.0635	0.6459
4370m	r8m	1.0057	0.0074	-0.1216	0.0889	0.1711
4370m	r9m	0.996	0.0062	0.0754	0.1665	0.6505
4371f	4371f	1.0249	0.0087	1.0001	3.1177e-05	0.0
4371f	4374f	1.0185	0.0074	0.0788	0.1428	0.5811
4371f	48f	0.9716	0.008	-0.0447	0.0835	0.5927
4371f	51f	0.9787	0.0068	0.1328	0.1149	0.2476
4371f	96f	0.9581	0.0073	-0.252	0.1395	0.0709
4371f	99f	0.9828	0.0065	-0.0207	0.1895	0.913
4371f	a13f	0.9941	0.0093	0.0315	0.0965	0.744
4371f	a1f	1.0102	0.0081	0.0096	0.078	0.9025
4371f	a21f	0.9857	0.0083	0.1036	0.0886	0.2425
4371f	a22f	1.0196	0.0086	0.022	0.076	0.7722
4371f	a27f	0.9948	0.0283	-0.1568	0.115	0.1727
4371f	a28f	1.0075	0.0097	-0.2566	0.1889	0.1743
4371f	a29f	1.0181	0.0089	-0.0335	0.0739	0.6507
4371f	a30f	0.9518	0.0092	-0.0052	0.0664	0.9374
4371f	a7f	0.9529	0.008	0.0913	0.1116	0.4133
4371f	a8f	1.0484	0.0133	0.046	0.0718	0.5217
4371f	a9f	1.0575	0.0091	-0.1649	0.1498	0.271
4371f	ADr1uf	1.0112	0.0336	0.0487	0.3435	0.8872
4371f	bm1f	1.0065	0.0071	-0.1207	0.1953	0.5365
4371f	bm2f	0.9953	0.0075	-0.1316	0.1334	0.3236
4371f	bm4f	1.0067	0.007	-0.0316	0.175	0.8568
4371f	bm5f	1.0047	0.0074	0.1012	0.0984	0.3035
4371f	bm6f	1.007	0.0084	0.1666	0.1132	0.141
4371f	bm7f	1.0033	0.0079	0.1003	0.1064	0.3461
4371f	bm8f	0.9982	0.007	0.0632	0.117	0.5891
4371f	ch1f	0.9965	0.0066	-0.1822	0.1546	0.2386
4371f	ch4f	0.9974	0.0066	-0.0822	0.2051	0.6886
4371f	ch5f	0.994	0.0066	0.0721	0.1887	0.7024
4371f	ch6f	1.0018	0.0067	-0.0721	0.1763	0.6824
4371f	l1f	1.1214	0.0398	-0.0547	0.0546	0.3163
4371f	l2f	1.0814	0.0337	-0.0217	0.0546	0.6917
4371f	l3f	1.1234	0.0354	-0.0239	0.0519	0.6453
4371f	l4f	1.0962	0.0361	0.0945	0.0665	0.1552
4371f	l5f	1.0995	0.0336	-0.0066	0.0577	0.9096
4371f	r10f	0.9679	0.0089	-0.1646	0.1422	0.2469
4371f	r4f	0.9996	0.0064	0.1394	0.1035	0.1783
4371f	r5f	1.0581	0.0101	0.0969	0.0805	0.2286
4371f	r8f	0.9963	0.008	0.0554	0.0871	0.5251
4371f	r9f	1.0116	0.0068	-0.2047	0.1329	0.1236
4373m	4373m	0.9971	0.0072	1.0	4.9054e-07	0.0
4373m	4374f	1.018	0.0076	1.0473	0.1267	1.3819e-16
4373m	49m	0.9429	0.0066	0.0274	0.0795	0.7299
4373m	52m	0.9726	0.0061	-0.1035	0.0917	0.2589
4373m	97m	0.9755	0.0076	-0.0305	0.1077	0.777
4373m	a13m	0.9998	0.0127	-0.1054	0.0513	0.0398
4373m	a1m	0.9997	0.0086	-0.085	0.0718	0.2363
4373m	a21m	1.0197	0.007	-0.09	0.0944	0.3401
4373m	a22m	1.0175	0.0082	0.0395	0.0635	0.5335
4373m	a27m	0.9619	0.0229	0.0658	0.0856	0.4421
4373m	a28m	0.929	0.0169	-0.253	0.0983	0.01
4373m	a29m	1.021	0.0086	-0.0092	0.0573	0.8723
4373m	a30m	0.952	0.0076	-0.0458	0.0467	0.3272
4373m	a7m	0.9578	0.0077	0.001	0.0769	0.9901
4373m	a8m	1.0389	0.0154	-0.0722	0.0477	0.1297
4373m	a9m	1.0062	0.0082	0.1509	0.0675	0.0253
4373m	ADr1um	0.9914	0.0279	0.1937	0.2422	0.4238
4373m	bm1m	1.0093	0.0068	-0.0121	0.1132	0.9151
4373m	bm2m	0.9965	0.008	-0.088	0.1012	0.3844
4373m	bm4m	0.995	0.0066	0.1331	0.1285	0.3002
4373m	bm5m	1.0056	0.0074	-0.1033	0.0785	0.1883
4373m	bm6m	0.9973	0.0078	-0.0478	0.078	0.5403
4373m	bm7m	1.0037	0.0071	-0.0795	0.0788	0.313
4373m	bm8m	1.0127	0.0066	-0.0525	0.1275	0.6802
4373m	ch1m	0.9986	0.0067	0.2359	0.1233	0.0557
4373m	ch4m	0.9973	0.006	0.0758	0.1185	0.5227
4373m	ch5m	1.003	0.0061	0.2525	0.1374	0.0661
4373m	ch6m	0.9911	0.006	0.1599	0.1211	0.1868
4373m	l1m	1.0916	0.0363	0.0729	0.0405	0.0715
4373m	l2m	1.0637	0.0302	-0.0046	0.0473	0.9227
4373m	l3m	1.1052	0.0327	-0.0055	0.0455	0.9036
4373m	l4m	1.0593	0.0364	-0.0621	0.0408	0.1276
4373m	l5m	1.0775	0.0257	-0.0272	0.0478	0.5702
4373m	r10m	0.9998	0.0084	0.0904	0.1308	0.4893
4373m	r4m	1.0186	0.0065	-0.0416	0.09	0.6439
4373m	r5m	1.007	0.011	0.0637	0.0462	0.1677
4373m	r8m	1.0059	0.0073	-0.0178	0.0587	0.7616
4373m	r9m	0.9961	0.0061	-0.19	0.1011	0.0603
4374f	4374f	1.0182	0.0076	1.0	3.9722e-07	0.0
4374f	48f	0.9707	0.0079	0.0108	0.0717	0.8801
4374f	51f	0.9769	0.0065	-0.0584	0.1042	0.575
4374f	96f	0.9584	0.0076	-0.0834	0.1061	0.4318
4374f	99f	0.9818	0.0067	0.148	0.1539	0.3364
4374f	a13f	0.9951	0.0091	-0.0255	0.0835	0.7596
4374f	a1f	1.0099	0.0086	0.0077	0.0719	0.9144
4374f	a21f	0.9857	0.0079	-0.1466	0.0866	0.0903
4374f	a22f	1.0194	0.0079	0.0334	0.0592	0.5723
4374f	a27f	0.9902	0.0288	-0.0038	0.1124	0.9732
4374f	a28f	1.0072	0.0095	0.1436	0.1449	0.3217
4374f	a29f	1.0164	0.0087	0.0345	0.0608	0.5702
4374f	a30f	0.9523	0.0089	-0.055	0.054	0.3081
4374f	a7f	0.9535	0.0079	0.0604	0.098	0.5379
4374f	a8f	1.05	0.013	-0.0553	0.0638	0.3861
4374f	a9f	1.0582	0.0085	-0.0206	0.1295	0.8735
4374f	ADr1uf	1.0091	0.0323	-0.0412	0.3264	0.8996
4374f	bm1f	1.0057	0.007	-0.0253	0.162	0.8756
4374f	bm2f	0.9946	0.0073	-0.0178	0.1219	0.8841
4374f	bm4f	1.0058	0.007	0.1511	0.1465	0.3022
4374f	bm5f	1.005	0.0079	0.0143	0.0927	0.8777
4374f	bm6f	1.0068	0.0091	-0.0645	0.0998	0.5183
4374f	bm7f	1.0047	0.0089	-0.1047	0.0962	0.2761
4374f	bm8f	0.9982	0.0073	-0.1241	0.1032	0.2291
4374f	ch1f	0.9976	0.0067	-0.0156	0.1378	0.91
4374f	ch4f	0.9977	0.0064	0.0396	0.1806	0.8264
4374f	ch5f	0.9931	0.0064	0.0155	0.1239	0.9004
4374f	ch6f	1.0031	0.0067	-0.1013	0.1463	0.4885
4374f	l1f	1.1163	0.037	-0.0245	0.0427	0.566
4374f	l2f	1.0816	0.0311	-0.0252	0.0559	0.6521
4374f	l3f	1.1196	0.0331	-0.0417	0.0553	0.4513
4374f	l4f	1.0951	0.0331	-0.0505	0.0501	0.3133
4374f	l5f	1.0982	0.0305	-0.0329	0.0543	0.5449
4374f	r10f	0.9692	0.0089	-0.0214	0.1136	0.8504
4374f	r4f	0.9989	0.0065	-0.0034	0.0829	0.9673
4374f	r5f	1.0578	0.0098	-0.0421	0.0643	0.512
4374f	r8f	0.9983	0.0076	-0.1119	0.0763	0.1428
4374f	r9f	1.0105	0.0064	0.0617	0.1341	0.6456
48f	48f	0.9706	0.0074	1.0	6.8561e-08	0.0
48f	51f	0.9748	0.0063	-0.6489	0.0481	1.7494e-41
48f	96f	0.9588	0.0077	0.0523	0.0615	0.3952
48f	99f	0.9835	0.0068	0.2054	0.0985	0.0371
48f	a13f	0.9894	0.0083	-0.3999	0.0492	4.1041e-16
48f	a1f	1.0084	0.0079	-0.3525	0.0378	1.0926e-20
48f	a21f	0.9884	0.0075	-0.2055	0.0477	1.6379e-05
48f	a22f	1.0205	0.0074	-0.2427	0.0374	9.0516e-11
48f	a27f	1.0193	0.0335	-0.1397	0.0807	0.0836
48f	a28f	1.0165	0.0092	-0.2995	0.0889	0.0008
48f	a29f	1.0141	0.0083	-0.5325	0.0368	1.9477e-47
48f	a30f	0.9507	0.0091	0.7383	0.0299	1.7291e-134
48f	a7f	0.9546	0.0071	0.1221	0.0599	0.0415
48f	a8f	1.0475	0.012	-0.349	0.0403	4.3338e-18
48f	a9f	1.0584	0.0092	-0.7776	0.0925	4.2479e-17
48f	ADr1uf	1.0038	0.0254	0.3199	0.2439	0.1895
48f	bm1f	1.007	0.0069	-5.5719e-05	0.0892	0.9995
48f	bm2f	0.9934	0.0069	-0.1675	0.0798	0.0358
48f	bm4f	1.0054	0.0068	-0.0506	0.0913	0.5797
48f	bm5f	1.0012	0.0078	-0.0447	0.0552	0.4174
48f	bm6f	1.0078	0.0095	-0.0319	0.055	0.5615
48f	bm7f	1.0084	0.009	-0.0189	0.054	0.7265
48f	bm8f	1.0008	0.0069	-0.0019	0.0697	0.978
48f	ch1f	0.999	0.0065	0.3828	0.0837	4.7439e-06
48f	ch4f	0.9975	0.0066	0.4147	0.1152	0.0003
48f	ch5f	0.9951	0.0061	0.451	0.1032	1.2366e-05
48f	ch6f	1.0033	0.0065	0.4001	0.0933	1.7960e-05
48f	l1f	1.0961	0.0314	0.3367	0.0277	5.4545e-34
48f	l2f	1.0646	0.0281	-0.1576	0.0302	1.8519e-07
48f	l3f	1.1012	0.0296	-0.1063	0.0301	0.0004
48f	l4f	1.0762	0.0277	-0.3583	0.0313	2.2002e-30
48f	l5f	1.0806	0.0279	-0.2176	0.0315	5.1737e-12
48f	r10f	0.9666	0.0085	-0.3584	0.0651	3.7552e-08
48f	r4f	0.9974	0.0061	-0.4267	0.0549	7.5580e-15
48f	r5f	1.0544	0.0097	0.0055	0.047	0.9067
48f	r8f	0.9974	0.0075	-0.0351	0.0463	0.4481
48f	r9f	1.0091	0.0065	-0.0123	0.0625	0.8439
49m	48f	0.9704	0.0073	0.8869	0.0571	1.7568e-54
49m	49m	0.9425	0.0066	1.0	8.8268e-06	0.0
49m	52m	0.9708	0.0061	-0.5935	0.0675	1.4292e-18
49m	97m	0.9759	0.0075	-0.0287	0.0897	0.7495
49m	a13m	0.9981	0.0117	-0.2825	0.0502	1.8681e-08
49m	a1m	1.0003	0.008	-0.2036	0.0632	0.0013
49m	a21m	1.0206	0.0069	-0.0994	0.0764	0.1931
49m	a22m	1.017	0.0075	-0.16	0.0543	0.0032
49m	a27m	1.0168	0.0296	-0.0806	0.118	0.4948
49m	a28m	1.0078	0.0245	-0.2832	0.1425	0.0468
49m	a29m	1.0162	0.0084	-0.497	0.0518	9.2493e-22
49m	a30m	0.9461	0.0079	0.6523	0.0443	3.5727e-49
49m	a7m	0.9595	0.0074	0.0672	0.0621	0.2792
49m	a8m	1.0348	0.0139	-0.2607	0.0412	2.4317e-10
49m	a9m	1.0065	0.0082	-0.4584	0.0637	6.3664e-13
49m	ADr1um	0.993	0.0199	0.1094	0.2071	0.5971
49m	bm1m	1.0038	0.0063	-0.1134	0.0879	0.1974
49m	bm2m	0.9996	0.0079	0.0416	0.0961	0.665
49m	bm4m	0.9947	0.0063	0.0479	0.1324	0.7174
49m	bm5m	1.0039	0.0075	-0.0218	0.0708	0.7581
49m	bm6m	0.996	0.0081	-0.0374	0.0671	0.5767
49m	bm7m	1.0038	0.0077	-0.071	0.067	0.2897
49m	bm8m	1.0087	0.0064	-0.0841	0.1008	0.4041
49m	ch1m	1.0013	0.007	0.3804	0.1158	0.001
49m	ch4m	0.9992	0.0059	0.2059	0.1136	0.07
49m	ch5m	1.0045	0.0061	0.4946	0.1377	0.0003
49m	ch6m	0.9896	0.0064	0.4462	0.114	9.0924e-05
49m	l1m	1.0713	0.0323	0.2498	0.0312	1.2228e-15
49m	l2m	1.0533	0.0272	-0.0996	0.0375	0.0079
49m	l3m	1.0914	0.0302	-0.1236	0.0346	0.0004
49m	l4m	1.044	0.0307	-0.2952	0.0366	7.7266e-16
49m	l5m	1.0681	0.0243	-0.2089	0.0414	4.4274e-07
49m	r10m	0.9964	0.0082	-0.3398	0.1216	0.0052
49m	r4m	1.0153	0.0063	-0.4556	0.0864	1.3522e-07
49m	r5m	1.006	0.0123	-0.0504	0.0458	0.2709
49m	r8m	1.0058	0.0078	-0.3384	0.0542	4.3728e-10
49m	r9m	0.995	0.0066	-0.2637	0.0806	0.0011
51f	51f	0.9747	0.0063	1.0	1.8435e-06	0.0
51f	96f	0.9588	0.0077	-0.0278	0.0801	0.7288
51f	99f	0.9835	0.0069	0.0488	0.1238	0.6934
51f	a13f	0.9894	0.0083	0.2323	0.0626	0.0002
51f	a1f	1.0084	0.0079	0.1426	0.0644	0.0267
51f	a21f	0.9885	0.0075	0.1329	0.0608	0.0289
51f	a22f	1.0206	0.0074	0.1593	0.0462	0.0006
51f	a27f	1.0197	0.0336	0.1604	0.102	0.1159
51f	a28f	1.0165	0.0092	-0.0286	0.1158	0.8052
51f	a29f	1.0141	0.0083	0.2965	0.0496	2.3078e-09
51f	a30f	0.9507	0.0091	-0.2044	0.0438	3.1317e-06
51f	a7f	0.9546	0.0071	-0.0505	0.0705	0.4741
51f	a8f	1.0475	0.012	0.1443	0.0481	0.0027
51f	a9f	1.0584	0.0092	0.4302	0.1109	0.0001
51f	ADr1uf	1.0038	0.0254	-0.2828	0.2701	0.295
51f	bm1f	1.007	0.007	-0.0172	0.1225	0.8887
51f	bm2f	0.9934	0.0069	-0.1036	0.0798	0.1939
51f	bm4f	1.0055	0.0068	-0.0692	0.1192	0.5615
51f	bm5f	1.0011	0.0078	-0.0579	0.0701	0.4089
51f	bm6f	1.0078	0.0095	-0.0139	0.0725	0.8483
51f	bm7f	1.0084	0.009	-0.0265	0.071	0.7095
51f	bm8f	1.0009	0.0069	0.0913	0.0821	0.266
51f	ch1f	0.999	0.0065	-0.2218	0.1002	0.0269
51f	ch4f	0.9975	0.0066	-0.3541	0.1382	0.0104
51f	ch5f	0.9951	0.0061	-0.277	0.1184	0.0193
51f	ch6f	1.0033	0.0065	-0.2765	0.1143	0.0156
51f	l1f	1.0961	0.0315	-0.1858	0.0377	8.1298e-07
51f	l2f	1.0644	0.0281	0.0877	0.0401	0.0285
51f	l3f	1.1011	0.0296	0.0359	0.041	0.3811
51f	l4f	1.0759	0.0277	0.1679	0.0427	8.3167e-05
51f	l5f	1.0805	0.0279	0.1173	0.041	0.0042
51f	r10f	0.9666	0.0085	0.2308	0.0865	0.0076
51f	r4f	0.9974	0.0061	0.2246	0.0676	0.0009
51f	r5f	1.0544	0.0097	-0.0112	0.0565	0.8422
51f	r8f	0.9974	0.0075	0.1133	0.0641	0.0771
51f	r9f	1.0091	0.0065	0.0556	0.089	0.5322
52m	51f	0.9746	0.0063	0.8935	0.0996	2.8759e-19
52m	52m	0.9705	0.0061	1.0	7.3447e-06	0.0
52m	97m	0.9759	0.0075	0.1318	0.1224	0.2816
52m	a13m	0.998	0.0116	0.1626	0.0633	0.0102
52m	a1m	1.0002	0.008	0.2906	0.071	4.2096e-05
52m	a21m	1.0209	0.007	-0.0396	0.0977	0.6856
52m	a22m	1.0171	0.0075	-0.0356	0.0646	0.5815
52m	a27m	1.0164	0.0297	0.162	0.1195	0.1752
52m	a28m	1.0073	0.0243	0.0469	0.1487	0.7526
52m	a29m	1.0161	0.0084	0.253	0.0641	7.8869e-05
52m	a30m	0.9461	0.0079	-0.2902	0.0479	1.3819e-09
52m	a7m	0.9594	0.0074	-0.1595	0.0753	0.0343
52m	a8m	1.0347	0.0139	0.1374	0.0436	0.0016
52m	a9m	1.0065	0.0082	0.5076	0.0755	1.7998e-11
52m	ADr1um	0.9933	0.0199	-0.304	0.3342	0.3631
52m	bm1m	1.0035	0.0063	-0.1364	0.1142	0.2324
52m	bm2m	0.9995	0.0079	0.0556	0.11	0.6132
52m	bm4m	0.995	0.0063	0.0536	0.1439	0.7096
52m	bm5m	1.0039	0.0075	-0.0105	0.0853	0.902
52m	bm6m	0.996	0.0081	0.0808	0.0775	0.297
52m	bm7m	1.0038	0.0077	0.1331	0.0789	0.0917
52m	bm8m	1.0085	0.0064	-0.0815	0.1189	0.4932
52m	ch1m	1.0013	0.007	-0.2769	0.1591	0.0817
52m	ch4m	0.9991	0.0059	-0.2055	0.1476	0.1639
52m	ch5m	1.0045	0.0061	-0.1678	0.1659	0.312
52m	ch6m	0.9896	0.0064	-0.3443	0.1408	0.0145
52m	l1m	1.0711	0.0322	-0.1414	0.0395	0.0003
52m	l2m	1.0534	0.0273	0.0145	0.0398	0.7153
52m	l3m	1.0917	0.0302	-0.0197	0.0379	0.604
52m	l4m	1.0444	0.0307	0.0978	0.0377	0.0094
52m	l5m	1.0685	0.0243	0.0099	0.0445	0.8247
52m	r10m	0.9963	0.0082	0.4994	0.1585	0.0016
52m	r4m	1.0157	0.0064	0.3469	0.0971	0.0004
52m	r5m	1.0061	0.0123	0.0696	0.0484	0.1504
52m	r8m	1.0058	0.0078	0.4164	0.0719	7.0092e-09
52m	r9m	0.995	0.0066	0.0847	0.0996	0.3954
96f	96f	0.9584	0.0076	1.0	2.8071e-06	0.0
96f	99f	0.9828	0.0066	-0.048	0.1205	0.6906
96f	a13f	0.9872	0.0091	-0.1052	0.0702	0.1338
96f	a1f	1.0108	0.0088	-0.1087	0.063	0.0842
96f	a21f	0.9824	0.0085	-0.2215	0.077	0.004
96f	a22f	1.0236	0.0085	-0.0182	0.0552	0.7418
96f	a27f	1.0466	0.0377	0.1085	0.1185	0.3601
96f	a28f	1.0173	0.0097	-0.0321	0.1184	0.7865
96f	a29f	1.022	0.0091	-0.0198	0.0532	0.7096
96f	a30f	0.9564	0.0098	0.1725	0.0519	0.0009
96f	a7f	0.9521	0.0084	0.0036	0.1062	0.9733
96f	a8f	1.0483	0.0133	0.0418	0.0549	0.4462
96f	a9f	1.0539	0.0088	-0.124	0.1126	0.2708
96f	ADr1uf	0.9986	0.0219	0.1726	0.2298	0.4526
96f	bm1f	1.0063	0.007	-0.0036	0.1443	0.9801
96f	bm2f	0.9934	0.0076	-0.1995	0.1167	0.0875
96f	bm4f	1.0079	0.0075	-0.2185	0.146	0.1345
96f	bm5f	1.0031	0.0085	0.0695	0.0793	0.3811
96f	bm6f	1.0025	0.0094	-0.016	0.0754	0.8319
96f	bm7f	1.001	0.0095	0.0069	0.0787	0.9302
96f	bm8f	0.9986	0.0079	-0.1115	0.0859	0.194
96f	ch1f	0.9996	0.0071	0.1255	0.1089	0.2492
96f	ch4f	1.0001	0.0069	0.472	0.1883	0.0122
96f	ch5f	0.9951	0.0071	0.1814	0.1581	0.2512
96f	ch6f	0.9991	0.0074	-0.1147	0.1308	0.3806
96f	l1f	1.1089	0.0352	0.0363	0.0386	0.3475
96f	l2f	1.0807	0.0295	-0.0797	0.0488	0.1023
96f	l3f	1.1225	0.0343	-0.0972	0.0468	0.0377
96f	l4f	1.0884	0.0308	-0.1084	0.0501	0.0304
96f	l5f	1.0975	0.0298	-0.117	0.0475	0.0138
96f	r10f	0.9681	0.0085	-0.1297	0.0927	0.1617
96f	r4f	0.9971	0.0072	-0.2096	0.08	0.0088
96f	r5f	1.0522	0.01	-0.0095	0.0542	0.8616
96f	r8f	1.0014	0.0077	0.0561	0.0783	0.4737
96f	r9f	1.0085	0.0073	0.2489	0.1082	0.0214
97m	96f	0.9576	0.0077	0.8219	0.1338	8.1657e-10
97m	97m	0.9759	0.0077	1.0	7.5672e-06	0.0
97m	a13m	1.0042	0.013	-0.0554	0.0739	0.4535
97m	a1m	0.9943	0.0092	-0.1726	0.0836	0.039
97m	a21m	1.0223	0.0076	-0.1793	0.1117	0.1083
97m	a22m	1.0224	0.0089	-0.0196	0.0751	0.7943
97m	a27m	1.0385	0.0313	-0.0058	0.094	0.9508
97m	a28m	0.9962	0.0236	0.1563	0.1178	0.1846
97m	a29m	1.0214	0.01	-0.0066	0.0768	0.9314
97m	a30m	0.9564	0.009	0.0874	0.0566	0.1229
97m	a7m	0.961	0.0084	0.1159	0.0883	0.1893
97m	a8m	1.04	0.0167	0.1644	0.0596	0.0058
97m	a9m	1.0086	0.0092	0.0569	0.0811	0.4825
97m	ADr1um	0.9752	0.0157	-0.2507	0.1944	0.1972
97m	bm1m	1.0069	0.0072	-0.0639	0.1501	0.6701
97m	bm2m	0.9972	0.0085	-0.0705	0.1453	0.6278
97m	bm4m	0.9938	0.008	0.0168	0.158	0.9151
97m	bm5m	1.0081	0.008	-0.0414	0.1056	0.6947
97m	bm6m	0.9967	0.0085	-0.2534	0.1012	0.0122
97m	bm7m	1.0017	0.0082	-0.229	0.1073	0.0328
97m	bm8m	1.0123	0.0071	0.0466	0.1466	0.7508
97m	ch1m	0.9991	0.0075	0.1682	0.1469	0.2523
97m	ch4m	0.9971	0.0068	0.07	0.1415	0.6209
97m	ch5m	1.0024	0.0068	0.0618	0.1781	0.7286
97m	ch6m	0.9879	0.0071	-0.0573	0.1425	0.6878
97m	l1m	1.1	0.0392	-0.1902	0.0502	0.0002
97m	l2m	1.0571	0.0314	-0.0885	0.0579	0.1267
97m	l3m	1.1034	0.0353	-0.111	0.059	0.06
97m	l4m	1.0652	0.0367	0.0512	0.054	0.3431
97m	l5m	1.0711	0.0262	-0.0713	0.0683	0.2967
97m	r10m	0.9963	0.0086	0.0185	0.1503	0.9023
97m	r4m	1.011	0.0071	-0.0973	0.1105	0.3781
97m	r5m	1.0072	0.0126	-0.1159	0.062	0.0617
97m	r8m	1.005	0.008	0.1069	0.0773	0.1669
97m	r9m	0.9973	0.0069	0.0936	0.1208	0.4387
99f	99f	0.9836	0.0067	1.0	3.9326e-06	0.0
99f	a13f	0.9863	0.0089	-0.0028	0.0838	0.9737
99f	a1f	1.0112	0.0087	-0.077	0.0846	0.3627
99f	a21f	0.9832	0.0085	-0.1135	0.1056	0.2822
99f	a22f	1.0222	0.0085	0.0377	0.0788	0.6325
99f	a27f	1.0418	0.0368	0.0112	0.1078	0.9171
99f	a28f	1.017	0.0095	-0.5682	0.215	0.0082
99f	a29f	1.0218	0.0091	0.0627	0.0714	0.3795
99f	a30f	0.9537	0.0095	0.0932	0.0656	0.155
99f	a7f	0.9528	0.0084	0.0374	0.1168	0.7487
99f	a8f	1.0471	0.013	-0.1644	0.0807	0.0415
99f	a9f	1.0556	0.0089	-0.0631	0.1413	0.6551
99f	ADr1uf	0.9991	0.0216	0.1907	0.2955	0.5186
99f	bm1f	1.0061	0.0069	0.0347	0.1774	0.8451
99f	bm2f	0.9939	0.0076	0.0847	0.1322	0.5218
99f	bm4f	1.0076	0.0074	0.1601	0.1759	0.3627
99f	bm5f	1.0022	0.0084	0.0744	0.1038	0.4733
99f	bm6f	1.0033	0.0094	-0.0341	0.109	0.7543
99f	bm7f	1.0014	0.0095	-0.0945	0.1052	0.3689
99f	bm8f	0.9994	0.008	-0.0899	0.125	0.472
99f	ch1f	0.9996	0.0072	-0.1229	0.1459	0.3998
99f	ch4f	0.9996	0.0069	-0.1411	0.2088	0.4994
99f	ch5f	0.9957	0.0072	-0.0997	0.1617	0.5375
99f	ch6f	1.0005	0.0073	-0.0222	0.1687	0.8953
99f	l1f	1.1061	0.0341	0.1222	0.0639	0.056
99f	l2f	1.0791	0.0293	-0.0432	0.0592	0.4654
99f	l3f	1.1199	0.0336	-0.0601	0.0602	0.318
99f	l4f	1.0841	0.0303	-0.1512	0.0654	0.0208
99f	l5f	1.0962	0.0293	-0.1102	0.0591	0.0622
99f	r10f	0.9672	0.0085	-0.1831	0.146	0.2099
99f	r4f	0.9968	0.0071	0.0134	0.1109	0.9038
99f	r5f	1.0513	0.0101	0.0644	0.0733	0.3798
99f	r8f	1.0006	0.0079	0.0124	0.0863	0.8858
99f	r9f	1.0086	0.0072	0.0909	0.1524	0.5509
a13f	a13f	0.9923	0.0088	1.0	3.5891e-06	0.0
a13f	a1f	1.0154	0.0085	0.2999	0.0518	7.3213e-09
a13f	a21f	0.9934	0.0084	0.1837	0.0591	0.0019
a13f	a22f	1.0303	0.0084	0.1444	0.0423	0.0006
a13f	a27f	1.0236	0.0293	0.1744	0.0641	0.0065
a13f	a28f	1.017	0.0103	0.1639	0.1165	0.1593
a13f	a29f	1.0211	0.0096	0.3582	0.0448	1.2955e-15
a13f	a30f	0.9566	0.0094	-0.3798	0.0358	2.4399e-26
a13f	a7f	0.9565	0.008	-0.0924	0.0563	0.1009
a13f	a8f	1.0485	0.0136	0.478	0.0377	7.1205e-37
a13f	a9f	1.0524	0.0091	0.372	0.0901	3.6189e-05
a13f	ADr1uf	1.0172	0.0384	NA	NA	NA
a13f	bm1f	1.0103	0.0075	-0.0798	0.1119	0.4758
a13f	bm2f	1.0025	0.0078	0.2096	0.0857	0.0144
a13f	bm4f	1.0074	0.0073	-0.0542	0.1164	0.6418
a13f	bm5f	1.0123	0.0082	0.066	0.0733	0.3684
a13f	bm6f	1.0173	0.0096	0.1232	0.0754	0.1024
a13f	bm7f	1.0181	0.0093	0.1123	0.0735	0.1264
a13f	bm8f	0.9984	0.0076	0.057	0.0716	0.4259
a13f	ch1f	0.9986	0.0067	-0.2002	0.0883	0.0234
a13f	ch4f	0.9958	0.0069	-0.1572	0.109	0.1492
a13f	ch5f	0.9961	0.0071	-0.0308	0.0976	0.7525
a13f	ch6f	1.0062	0.0073	-0.1633	0.107	0.1271
a13f	l1f	1.1401	0.0392	-0.3962	0.0298	1.9593e-40
a13f	l2f	1.0946	0.034	0.1982	0.037	8.6782e-08
a13f	l3f	1.1294	0.0336	0.1184	0.0362	0.0011
a13f	l4f	1.1128	0.0349	0.4036	0.0338	8.6085e-33
a13f	l5f	1.1134	0.0337	0.2849	0.0395	5.2889e-13
a13f	r10f	0.9794	0.0095	0.2716	0.0763	0.0004
a13f	r4f	1.001	0.0068	0.3029	0.0592	3.0558e-07
a13f	r5f	1.051	0.0109	-0.0261	0.0439	0.551
a13f	r8f	1.0008	0.008	-0.0035	0.0457	0.9382
a13f	r9f	1.0085	0.0068	0.1805	0.0776	0.02
a13m	a13f	0.992	0.0087	1.053	0.0422	1.0587e-137
a13m	a13m	0.9994	0.0113	1.0	1.7414e-06	0.0
a13m	a1m	0.9947	0.0088	0.2314	0.0415	2.4410e-08
a13m	a21m	1.0172	0.0074	0.0491	0.0636	0.4398
a13m	a22m	1.0198	0.0085	0.139	0.0363	0.0001
a13m	a27m	1.0119	0.0267	0.0651	0.0691	0.3457
a13m	a28m	0.975	0.0185	0.2649	0.1091	0.0152
a13m	a29m	1.0288	0.0094	0.3013	0.0422	9.8567e-13
a13m	a30m	0.9563	0.0077	-0.2943	0.0297	3.4060e-23
a13m	a7m	0.9625	0.0085	-0.093	0.05	0.0628
a13m	a8m	1.0455	0.0159	0.4092	0.0336	3.9743e-34
a13m	a9m	1.0141	0.009	0.2711	0.0467	6.6058e-09
a13m	ADr1um	0.9965	0.0338	-0.9695	0.7646	0.2048
a13m	bm1m	1.0061	0.0067	0.0327	0.0763	0.6681
a13m	bm2m	1.0054	0.0087	-0.0752	0.0748	0.3147
a13m	bm4m	0.9959	0.0069	-0.0684	0.0995	0.4921
a13m	bm5m	1.0058	0.0076	0.0331	0.0608	0.5857
a13m	bm6m	0.9984	0.0081	0.0621	0.0525	0.2368
a13m	bm7m	1.0032	0.0075	0.0444	0.0511	0.3848
a13m	bm8m	1.006	0.0071	0.1668	0.0746	0.0254
a13m	ch1m	1.0022	0.0078	0.0067	0.0819	0.9343
a13m	ch4m	1.0045	0.0067	-0.121	0.0813	0.1365
a13m	ch5m	1.0051	0.0066	-0.1687	0.1068	0.1141
a13m	ch6m	0.986	0.0068	-0.0805	0.0723	0.2657
a13m	l1m	1.1193	0.0403	-0.3295	0.025	8.0416e-40
a13m	l2m	1.0848	0.0307	0.0918	0.0354	0.0095
a13m	l3m	1.1315	0.034	0.0786	0.0339	0.0205
a13m	l4m	1.0759	0.0371	0.3478	0.0293	1.5367e-32
a13m	l5m	1.0953	0.0264	0.2482	0.0377	4.8557e-11
a13m	r10m	0.9955	0.009	0.2314	0.099	0.0194
a13m	r4m	1.0186	0.0074	0.1886	0.0615	0.0022
a13m	r5m	1.0257	0.0125	-0.0515	0.0341	0.1316
a13m	r8m	1.0118	0.0081	0.0856	0.0394	0.0297
a13m	r9m	0.9995	0.0073	0.1646	0.0696	0.018
a1f	a1f	1.0095	0.008	1.0	8.5363e-07	0.0
a1f	a21f	0.9878	0.0083	0.1492	0.0529	0.0048
a1f	a22f	1.0195	0.0077	0.0562	0.0396	0.1556
a1f	a27f	0.9414	0.0261	0.0555	0.0601	0.3559
a1f	a28f	1.0023	0.0092	0.1013	0.0707	0.1519
a1f	a29f	1.0145	0.0088	0.5601	0.0283	4.0170e-87
a1f	a30f	0.9486	0.0088	-0.3747	0.0299	6.2704e-36
a1f	a7f	0.9556	0.0079	0.0394	0.056	0.4818
a1f	a8f	1.0482	0.0122	0.2298	0.0372	6.4887e-10
a1f	a9f	1.0589	0.0089	0.4836	0.0825	4.6381e-09
a1f	ADr1uf	1.0058	0.0317	-0.184	0.1752	0.2938
a1f	bm1f	1.0052	0.0068	-0.1633	0.0832	0.0498
a1f	bm2f	0.9959	0.0068	0.1668	0.0721	0.0207
a1f	bm4f	1.0069	0.0067	0.2175	0.0901	0.0157
a1f	bm5f	1.0045	0.0074	0.1955	0.0496	8.0727e-05
a1f	bm6f	1.0095	0.0088	0.0344	0.0577	0.551
a1f	bm7f	1.0089	0.0084	0.0038	0.0582	0.9485
a1f	bm8f	1.0025	0.0068	-0.011	0.0616	0.8583
a1f	ch1f	0.9962	0.0069	-0.1431	0.0715	0.0452
a1f	ch4f	0.9984	0.0067	-0.2978	0.1114	0.0075
a1f	ch5f	0.9934	0.0063	-0.2131	0.0886	0.0161
a1f	ch6f	1.0016	0.0064	-0.3328	0.0948	0.0004
a1f	l1f	1.1018	0.036	-0.1918	0.0257	7.9977e-14
a1f	l2f	1.0713	0.0304	0.0591	0.0264	0.0252
a1f	l3f	1.11	0.0347	0.0377	0.0257	0.1417
a1f	l4f	1.0786	0.0296	0.2209	0.0271	3.4651e-16
a1f	l5f	1.0869	0.0308	0.1076	0.0253	2.1510e-05
a1f	r10f	0.9686	0.0089	0.4564	0.0706	1.0102e-10
a1f	r4f	1.001	0.0062	0.29	0.0471	7.3811e-10
a1f	r5f	1.0586	0.01	-0.0536	0.0374	0.152
a1f	r8f	0.9994	0.0075	-0.0154	0.0447	0.7311
a1f	r9f	1.0104	0.0063	0.059	0.0649	0.3628
a1m	a1f	1.0095	0.008	0.8486	0.0522	1.7645e-59
a1m	a1m	1.0004	0.0084	1.0	9.9249e-07	0.0
a1m	a21m	1.019	0.0074	0.1637	0.0681	0.0162
a1m	a22m	1.0165	0.0079	-0.0381	0.0461	0.4075
a1m	a27m	0.9102	0.0219	0.1495	0.0801	0.0622
a1m	a28m	0.8639	0.0155	-0.0264	0.0811	0.7448
a1m	a29m	1.0192	0.0088	0.5388	0.043	4.7575e-36
a1m	a30m	0.9477	0.0079	-0.1996	0.0426	2.7420e-06
a1m	a7m	0.956	0.0076	0.0079	0.0527	0.8804
a1m	a8m	1.0425	0.0147	0.1712	0.0423	5.2155e-05
a1m	a9m	1.006	0.0081	0.2676	0.0582	4.1919e-06
a1m	ADr1um	0.9928	0.0276	-0.0383	0.1673	0.8189
a1m	bm1m	1.0081	0.0062	0.023	0.0899	0.7984
a1m	bm2m	0.999	0.0078	0.0499	0.0865	0.5642
a1m	bm4m	0.9945	0.0064	0.153	0.102	0.1337
a1m	bm5m	1.0025	0.0072	0.0217	0.0619	0.7263
a1m	bm6m	0.9988	0.0078	0.1071	0.0595	0.0718
a1m	bm7m	1.005	0.0072	0.1016	0.0621	0.1021
a1m	bm8m	1.0099	0.0064	0.1565	0.0885	0.0768
a1m	ch1m	0.9964	0.0066	0.0719	0.0835	0.3892
a1m	ch4m	0.9972	0.0064	-0.1995	0.1068	0.0617
a1m	ch5m	1.003	0.0062	0.0341	0.116	0.7691
a1m	ch6m	0.9892	0.0069	-0.0197	0.0852	0.8172
a1m	l1m	1.0791	0.0355	-0.1138	0.029	8.6554e-05
a1m	l2m	1.0644	0.0297	0.0257	0.0322	0.4246
a1m	l3m	1.1048	0.0336	0.0461	0.0286	0.1072
a1m	l4m	1.047	0.0323	0.1342	0.0302	9.0496e-06
a1m	l5m	1.0778	0.0264	0.0645	0.033	0.0506
a1m	r10m	1.0005	0.0084	0.5737	0.1302	1.0558e-05
a1m	r4m	1.0184	0.0065	0.3746	0.0685	4.4393e-08
a1m	r5m	1.0037	0.0114	0.1434	0.0356	5.7073e-05
a1m	r8m	1.0046	0.0073	0.0761	0.0515	0.1396
a1m	r9m	0.9931	0.0063	0.073	0.0811	0.3682
a21f	a21f	0.9887	0.0075	1.0	1.2628e-05	0.0
a21f	a22f	1.0213	0.0078	0.1464	0.0366	6.4523e-05
a21f	a27f	0.9713	0.0266	0.0392	0.0821	0.6328
a21f	a28f	1.006	0.0094	0.0842	0.0934	0.3678
a21f	a29f	1.0152	0.008	0.2198	0.0379	6.8345e-09
a21f	a30f	0.9508	0.0086	-0.1492	0.0343	1.3705e-05
a21f	a7f	0.9546	0.0076	0.0853	0.0538	0.1132
a21f	a8f	1.0443	0.0117	0.1182	0.0399	0.0031
a21f	a9f	1.059	0.0088	0.0559	0.0849	0.5104
a21f	ADr1uf	1.0066	0.0312	0.0131	0.1654	0.9369
a21f	bm1f	1.0075	0.0066	0.178	0.0978	0.0687
a21f	bm2f	0.9953	0.0068	0.2609	0.0795	0.001
a21f	bm4f	1.0058	0.0069	0.2141	0.1034	0.0384
a21f	bm5f	1.003	0.0075	-0.0107	0.0571	0.8514
a21f	bm6f	1.0085	0.0088	0.0191	0.0642	0.7655
a21f	bm7f	1.0082	0.0083	0.0079	0.061	0.8971
a21f	bm8f	1.0017	0.0069	-0.0085	0.0764	0.9119
a21f	ch1f	0.9979	0.0065	-0.2087	0.0864	0.0157
a21f	ch4f	0.9972	0.0064	-0.1258	0.1036	0.2248
a21f	ch5f	0.9936	0.0063	-0.1997	0.0995	0.0448
a21f	ch6f	1.0032	0.0063	-0.1617	0.106	0.1271
a21f	l1f	1.1127	0.0351	-0.064	0.033	0.0523
a21f	l2f	1.0765	0.0309	0.0359	0.0317	0.257
a21f	l3f	1.116	0.0322	0.0424	0.0302	0.1604
a21f	l4f	1.0858	0.0321	0.1531	0.0315	1.1583e-06
a21f	l5f	1.0927	0.0307	0.0717	0.0302	0.0176
a21f	r10f	0.969	0.0089	0.165	0.0753	0.0284
a21f	r4f	0.9994	0.0061	0.1975	0.0579	0.0006
a21f	r5f	1.0583	0.0098	-0.0086	0.0431	0.8417
a21f	r8f	0.999	0.0074	-0.0018	0.0516	0.9714
a21f	r9f	1.0093	0.0063	-0.012	0.0901	0.8939
a21m	a21f	0.9888	0.0075	0.8873	0.0668	2.6596e-40
a21m	a21m	1.0179	0.0069	1.0	1.7756e-06	0.0
a21m	a22m	1.0179	0.0078	0.1077	0.0648	0.0966
a21m	a27m	0.9461	0.0213	0.0334	0.0866	0.7001
a21m	a28m	0.9148	0.0154	0.0391	0.0997	0.6951
a21m	a29m	1.021	0.0086	0.1683	0.0601	0.0051
a21m	a30m	0.9492	0.0076	-0.0335	0.0505	0.5068
a21m	a7m	0.9582	0.0075	0.0028	0.0771	0.9706
a21m	a8m	1.0393	0.0144	0.1391	0.052	0.0075
a21m	a9m	1.0061	0.008	0.03	0.078	0.7001
a21m	ADr1um	0.9931	0.0269	-0.0688	0.2328	0.7675
a21m	bm1m	1.0071	0.0064	-0.0991	0.1308	0.4484
a21m	bm2m	1.0002	0.0078	-0.1617	0.1184	0.1723
a21m	bm4m	0.9952	0.0061	0.0882	0.148	0.5511
a21m	bm5m	1.0034	0.0071	-0.0175	0.0815	0.8302
a21m	bm6m	0.9987	0.0078	-0.0573	0.0779	0.4621
a21m	bm7m	1.0051	0.0073	-0.0649	0.0812	0.4238
a21m	bm8m	1.0099	0.0063	-0.0115	0.127	0.9278
a21m	ch1m	1.0001	0.0067	-0.0723	0.1258	0.5657
a21m	ch4m	0.997	0.0061	0.053	0.1225	0.6651
a21m	ch5m	1.0052	0.0062	-0.2337	0.1726	0.1756
a21m	ch6m	0.9891	0.0061	-0.0578	0.1305	0.6577
a21m	l1m	1.0856	0.0361	-0.0552	0.0397	0.1651
a21m	l2m	1.064	0.0291	-0.0029	0.044	0.9473
a21m	l3m	1.1048	0.032	0.023	0.0431	0.5941
a21m	l4m	1.0516	0.0342	0.1095	0.0373	0.0033
a21m	l5m	1.0771	0.0248	0.0445	0.0477	0.3499
a21m	r10m	1.0001	0.0084	0.0613	0.146	0.6745
a21m	r4m	1.0186	0.0066	0.1534	0.0974	0.1154
a21m	r5m	1.0077	0.0116	-0.011	0.0486	0.8214
a21m	r8m	1.0045	0.0073	0.0031	0.0606	0.9592
a21m	r9m	0.9945	0.0063	0.1253	0.1011	0.2153
a22f	a22f	1.0204	0.0079	1.0	8.5542e-07	0.0
a22f	a27f	0.9601	0.026	0.1845	0.0595	0.0019
a22f	a28f	1.0033	0.0095	0.3382	0.0783	1.5788e-05
a22f	a29f	1.0146	0.0079	0.2255	0.0281	1.0799e-15
a22f	a30f	0.9507	0.0085	-0.2223	0.0299	1.1497e-13
a22f	a7f	0.955	0.0075	-0.0955	0.0529	0.0707
a22f	a8f	1.0445	0.0119	0.298	0.0296	8.2408e-24
a22f	a9f	1.0584	0.0087	0.1805	0.0632	0.0043
a22f	ADr1uf	1.0062	0.0309	-0.1492	0.1469	0.3099
a22f	bm1f	1.0066	0.0067	-0.1641	0.0864	0.0575
a22f	bm2f	0.9951	0.0068	0.0207	0.0639	0.7458
a22f	bm4f	1.0061	0.0069	0.168	0.0814	0.039
a22f	bm5f	1.0051	0.0076	-0.0044	0.0447	0.9221
a22f	bm6f	1.0089	0.0086	0.0325	0.0475	0.494
a22f	bm7f	1.0084	0.0082	0.0309	0.0463	0.504
a22f	bm8f	1.0017	0.0068	-0.0315	0.0505	0.5327
a22f	ch1f	0.9982	0.0067	-0.2042	0.0708	0.0039
a22f	ch4f	0.9972	0.0065	-0.1097	0.0832	0.1872
a22f	ch5f	0.994	0.0063	-0.1103	0.0804	0.1699
a22f	ch6f	1.0029	0.0064	-0.3182	0.0831	0.0001
a22f	l1f	1.1107	0.0348	-0.2534	0.0226	3.7768e-29
a22f	l2f	1.0746	0.0306	0.1061	0.0258	3.8469e-05
a22f	l3f	1.1136	0.0318	0.034	0.0245	0.1655
a22f	l4f	1.0841	0.0317	0.2342	0.0254	3.3848e-20
a22f	l5f	1.0909	0.0305	0.1367	0.0258	1.2237e-07
a22f	r10f	0.9686	0.0088	0.124	0.0561	0.027
a22f	r4f	0.9991	0.006	0.1089	0.0462	0.0183
a22f	r5f	1.0585	0.0097	-0.0598	0.032	0.0616
a22f	r8f	0.9992	0.0073	0.042	0.0409	0.3048
a22f	r9f	1.0096	0.0063	0.0525	0.0605	0.3857
a22m	a22f	1.0204	0.0079	0.9181	0.0349	6.2653e-153
a22m	a22m	1.0164	0.0079	1.0	1.7340e-06	0.0
a22m	a27m	0.938	0.0211	0.0214	0.0604	0.7236
a22m	a28m	0.9052	0.0165	0.1924	0.0776	0.0131
a22m	a29m	1.0207	0.0087	0.2266	0.0395	1.0073e-08
a22m	a30m	0.9478	0.0076	-0.1327	0.034	9.6209e-05
a22m	a7m	0.9582	0.0075	-0.0497	0.0509	0.3289
a22m	a8m	1.0376	0.0144	0.2443	0.0337	4.4034e-13
a22m	a9m	1.0064	0.0081	0.1626	0.0536	0.0024
a22m	ADr1um	0.9924	0.0266	-0.0516	0.1572	0.7428
a22m	bm1m	1.0083	0.0063	0.0037	0.0773	0.9619
a22m	bm2m	1.0006	0.0076	0.0762	0.0865	0.3782
a22m	bm4m	0.9947	0.0062	0.2413	0.0873	0.0057
a22m	bm5m	1.003	0.0072	0.0908	0.0611	0.1375
a22m	bm6m	0.9995	0.0076	0.0873	0.0584	0.1352
a22m	bm7m	1.006	0.0071	0.0777	0.0605	0.1988
a22m	bm8m	1.0101	0.0064	0.0205	0.089	0.8179
a22m	ch1m	0.9997	0.0066	-0.0926	0.0919	0.3138
a22m	ch4m	0.9968	0.0061	0.0763	0.0779	0.3274
a22m	ch5m	1.0055	0.0062	0.0524	0.1123	0.6405
a22m	ch6m	0.9893	0.0061	-0.1644	0.084	0.0505
a22m	l1m	1.0835	0.0357	-0.1587	0.0262	1.3417e-09
a22m	l2m	1.065	0.029	0.0682	0.031	0.0281
a22m	l3m	1.1048	0.0316	0.0723	0.0297	0.0151
a22m	l4m	1.0509	0.0339	0.1814	0.026	3.2718e-12
a22m	l5m	1.077	0.0246	0.1466	0.0322	5.4364e-06
a22m	r10m	1.0002	0.0086	0.0187	0.1056	0.8594
a22m	r4m	1.0184	0.0064	0.2019	0.0724	0.0053
a22m	r5m	1.0067	0.0114	-0.2016	0.0312	1.0142e-10
a22m	r8m	1.0045	0.0073	-0.0149	0.037	0.6874
a22m	r9m	0.9936	0.0063	0.0029	0.0728	0.9681
a27f	a27f	0.9434	0.0251	1.0015	0.0007	0.0
a27f	a28f	0.9626	0.0176	0.3151	0.0885	0.0004
a27f	a29f	1.0259	0.0179	-0.0362	0.0631	0.5654
a27f	a30f	0.9439	0.0226	-0.0821	0.0594	0.1665
a27f	a7f	0.9217	0.0192	0.1041	0.0728	0.1526
a27f	a8f	1.1341	0.0573	0.547	0.0479	3.6109e-30
a27f	a9f	1.0851	0.0164	0.3793	0.1948	0.0515
a27f	ADr1uf	1.1787	0.2018	NA	NA	NA
a27f	bm1f	1.0048	0.0164	0.2967	0.131	0.0236
a27f	bm2f	0.9745	0.0171	0.0224	0.085	0.7918
a27f	bm4f	0.9996	0.0149	0.268	0.1437	0.0623
a27f	bm5f	0.9975	0.0199	0.0809	0.0671	0.2281
a27f	bm6f	0.9856	0.0192	0.022	0.0616	0.7214
a27f	bm7f	0.9821	0.0185	-0.0269	0.0628	0.6689
a27f	bm8f	0.9937	0.0155	-0.0419	0.1012	0.6787
a27f	ch1f	0.9855	0.0151	0.0121	0.0974	0.9013
a27f	ch4f	0.9861	0.0139	0.1169	0.1533	0.4456
a27f	ch5f	0.9958	0.0152	0.1739	0.1382	0.208
a27f	ch6f	1.0093	0.0177	-0.0807	0.1369	0.5554
a27f	l1f	1.4196	0.1136	-0.1693	0.0496	0.0006
a27f	l2f	1.419	0.1405	0.009	0.0593	0.8794
a27f	l3f	1.5081	0.1343	-0.0419	0.0591	0.4776
a27f	l4f	1.4238	0.1219	0.2351	0.0504	3.0648e-06
a27f	l5f	1.4036	0.126	0.0422	0.0619	0.4946
a27f	r10f	0.9834	0.0219	-0.0725	0.1158	0.5309
a27f	r4f	0.9933	0.0139	-0.1076	0.0825	0.1923
a27f	r5f	1.0608	0.0255	0.0048	0.069	0.9445
a27f	r8f	0.9845	0.0175	-0.0992	0.0747	0.1841
a27f	r9f	1.0103	0.0164	-0.013	0.0845	0.878
a27m	a27f	0.9546	0.0258	0.7994	0.0571	1.3754e-44
a27m	a27m	0.9223	0.0216	1.0049	0.0013	0.0
a27m	a28m	0.9019	0.0154	0.1514	0.0863	0.0795
a27m	a29m	1.0275	0.0204	-5.7777e-05	0.0669	0.9993
a27m	a30m	0.9522	0.0206	-0.114	0.0539	0.0342
a27m	a7m	0.9757	0.0175	0.0804	0.0856	0.3474
a27m	a8m	1.1374	0.072	0.5527	0.0527	1.0538e-25
a27m	a9m	1.0178	0.0192	0.109	0.0814	0.1806
a27m	ADr1um	1.0806	0.123	NA	NA	NA
a27m	bm1m	1.0202	0.0144	0.0725	0.143	0.6118
a27m	bm2m	1.0109	0.0168	0.1931	0.1459	0.1856
a27m	bm4m	0.9898	0.0143	-0.1075	0.1794	0.5489
a27m	bm5m	0.9808	0.0181	0.0133	0.0751	0.8597
a27m	bm6m	0.9946	0.0181	-0.0163	0.0759	0.8304
a27m	bm7m	1.0059	0.0187	-0.0364	0.0808	0.6525
a27m	bm8m	0.9958	0.0159	0.0247	0.0971	0.7994
a27m	ch1m	0.9726	0.0146	0.059	0.1268	0.6417
a27m	ch4m	0.998	0.0151	-0.148	0.1457	0.3097
a27m	ch5m	0.9911	0.0151	0.1998	0.1318	0.1296
a27m	ch6m	0.9565	0.0159	0.1019	0.1301	0.4335
a27m	l1m	1.3352	0.1114	-0.0647	0.0466	0.1646
a27m	l2m	1.2752	0.1083	-0.169	0.0561	0.0026
a27m	l3m	1.4913	0.1297	-0.1068	0.048	0.0262
a27m	l4m	1.3642	0.136	0.1421	0.0608	0.0195
a27m	l5m	1.3653	0.1072	-0.0661	0.0599	0.2696
a27m	r10m	1.0287	0.0207	-0.0774	0.2596	0.7657
a27m	r4m	1.0448	0.0143	-0.1906	0.1092	0.0809
a27m	r5m	0.9527	0.0262	-0.0176	0.0528	0.7385
a27m	r8m	1.0181	0.0175	-0.0493	0.0693	0.4766
a27m	r9m	1.0071	0.0168	0.0735	0.1016	0.4696
a28f	a28f	1.0013	0.0094	1.0	1.6079e-05	0.0
a28f	a29f	1.0166	0.0121	0.2146	0.0708	0.0024
a28f	a30f	0.9537	0.0149	-0.319	0.0638	5.6621e-07
a28f	a7f	0.948	0.0121	-0.1095	0.1087	0.3135
a28f	a8f	1.0724	0.0216	0.5805	0.0847	7.0973e-12
a28f	a9f	1.0459	0.0113	0.2143	0.1281	0.0943
a28f	ADr1uf			NA	NA	NA
a28f	bm1f	1.0118	0.0104	-0.085	0.1977	0.6673
a28f	bm2f	0.9917	0.0098	-0.0421	0.1296	0.7456
a28f	bm4f	1.013	0.0099	0.1339	0.1818	0.4616
a28f	bm5f	1.0039	0.0124	-0.0082	0.0971	0.933
a28f	bm6f	0.9927	0.0121	-0.0706	0.1008	0.4837
a28f	bm7f	0.9883	0.0114	-0.0581	0.0963	0.546
a28f	bm8f	0.9998	0.0102	0.2314	0.1221	0.0582
a28f	ch1f	0.9982	0.0095	0.1683	0.1586	0.2888
a28f	ch4f	1.0032	0.0097	0.0104	0.2163	0.9618
a28f	ch5f	1.0026	0.0095	0.1881	0.1918	0.3267
a28f	ch6f	1.005	0.0095	-0.0297	0.1982	0.881
a28f	l1f	1.2461	0.0578	-0.4681	0.0655	8.7133e-13
a28f	l2f	1.1712	0.0518	0.1671	0.0661	0.0115
a28f	l3f	1.219	0.0548	0.0918	0.0634	0.1475
a28f	l4f	1.2254	0.056	0.5694	0.0705	6.8875e-16
a28f	l5f	1.1914	0.0496	0.3008	0.0698	1.6478e-05
a28f	r10f	0.9782	0.0113	-0.0442	0.1383	0.7491
a28f	r4f	0.9925	0.0087	0.0779	0.1015	0.4429
a28f	r5f	1.0416	0.0132	-0.0705	0.0734	0.3365
a28f	r8f	0.995	0.0111	-0.0788	0.0803	0.3268
a28f	r9f	1.0179	0.0093	0.1175	0.1309	0.3694
a28m	a28f	0.9536	0.0175	0.6466	0.0786	1.8717e-16
a28m	a28m	0.8894	0.0154	1.0017	0.0005	0.0
a28m	a29m	1.0245	0.0191	0.1088	0.0682	0.1105
a28m	a30m	0.9533	0.0203	-0.2046	0.0648	0.0016
a28m	a7m	0.9759	0.0175	-0.0372	0.0935	0.6908
a28m	a8m	1.1225	0.0691	0.4075	0.0673	1.4386e-09
a28m	a9m	1.0179	0.0194	0.0125	0.1016	0.9019
a28m	ADr1um	1.0786	0.1191	NA	NA	NA
a28m	bm1m	1.0167	0.0144	-0.2079	0.1423	0.1439
a28m	bm2m	1.0073	0.0162	-0.0278	0.12	0.8168
a28m	bm4m	0.9846	0.0143	-0.2354	0.1242	0.0582
a28m	bm5m	0.9767	0.0178	-0.016	0.0914	0.8606
a28m	bm6m	0.9944	0.0177	-0.1031	0.0886	0.2445
a28m	bm7m	1.0062	0.0183	-0.1129	0.0876	0.1977
a28m	bm8m	1.0009	0.0166	0.1335	0.1103	0.2261
a28m	ch1m	0.9735	0.0144	0.1121	0.1401	0.4238
a28m	ch4m	1.0008	0.0149	-0.241	0.1689	0.1537
a28m	ch5m	0.992	0.0149	-0.0067	0.1685	0.9684
a28m	ch6m	0.9554	0.0152	0.0466	0.1337	0.7277
a28m	l1m	1.3125	0.1103	-0.4872	0.0525	1.7352e-20
a28m	l2m	1.2444	0.1004	-0.1308	0.0574	0.0227
a28m	l3m	1.446	0.1237	-0.1319	0.0548	0.0161
a28m	l4m	1.3387	0.1342	0.4291	0.0603	1.1485e-12
a28m	l5m	1.3426	0.0979	0.0542	0.0663	0.414
a28m	r10m	1.0323	0.0206	-0.1831	0.3463	0.597
a28m	r4m	1.0517	0.0145	0.256	0.1496	0.087
a28m	r5m	0.9555	0.0268	-0.032	0.0543	0.5557
a28m	r8m	1.0203	0.0171	-0.0137	0.0937	0.8841
a28m	r9m	1.0038	0.0163	0.1712	0.1226	0.1627
a29f	a29f	1.0146	0.0078	1.0	2.5595e-08	0.0
a29f	a30f	0.9503	0.0088	-0.4193	0.0247	8.1898e-65
a29f	a7f	0.9561	0.0076	-0.0529	0.0475	0.2655
a29f	a8f	1.0475	0.012	0.2697	0.0296	8.7897e-20
a29f	a9f	1.0584	0.0087	0.6765	0.077	1.6119e-18
a29f	ADr1uf	1.0064	0.031	-0.3948	0.2668	0.1389
a29f	bm1f	1.0063	0.0068	-0.1697	0.084	0.0434
a29f	bm2f	0.9951	0.0068	0.1217	0.0575	0.0344
a29f	bm4f	1.0062	0.0069	-0.0056	0.0709	0.9371
a29f	bm5f	1.0047	0.0077	0.0698	0.0466	0.1335
a29f	bm6f	1.0093	0.0086	0.0787	0.0493	0.1103
a29f	bm7f	1.0089	0.0082	0.0866	0.0461	0.0604
a29f	bm8f	1.0017	0.0069	0.1056	0.0504	0.0363
a29f	ch1f	0.9979	0.0067	-0.275	0.0643	1.8941e-05
a29f	ch4f	0.9971	0.0065	-0.2132	0.0968	0.0277
a29f	ch5f	0.9946	0.0064	-0.2603	0.0797	0.0011
a29f	ch6f	1.0025	0.0064	-0.3819	0.0828	3.9989e-06
a29f	l1f	1.1114	0.036	-0.3121	0.0194	4.9992e-58
a29f	l2f	1.0742	0.03	0.1518	0.0246	6.9526e-10
a29f	l3f	1.1139	0.032	0.0983	0.0231	2.0369e-05
a29f	l4f	1.0849	0.0317	0.3331	0.0203	9.4852e-61
a29f	l5f	1.0899	0.0298	0.2065	0.0246	5.1251e-17
a29f	r10f	0.9686	0.0088	0.4913	0.0583	3.6236e-17
a29f	r4f	0.9998	0.0062	0.5608	0.0425	1.0609e-39
a29f	r5f	1.0577	0.0097	0.0848	0.0351	0.0157
a29f	r8f	0.9988	0.0073	0.1618	0.0376	1.6625e-05
a29f	r9f	1.0093	0.0063	-0.0334	0.0562	0.5523
a29m	a29f	1.0146	0.0078	0.9162	0.0299	1.0957e-205
a29m	a29m	1.0208	0.0087	1.0	3.7120e-07	0.0
a29m	a30m	0.9489	0.0078	-0.5398	0.029	2.6291e-77
a29m	a7m	0.9578	0.0076	-0.0934	0.0487	0.0553
a29m	a8m	1.0415	0.0146	0.2938	0.0341	6.3317e-18
a29m	a9m	1.0066	0.0081	0.5819	0.0479	5.0358e-34
a29m	ADr1um	0.9926	0.0267	-0.2705	0.1889	0.1522
a29m	bm1m	1.0078	0.0064	0.0407	0.0833	0.6248
a29m	bm2m	1.0004	0.0077	0.0603	0.0806	0.454
a29m	bm4m	0.9952	0.0064	0.0783	0.1048	0.4553
a29m	bm5m	1.0043	0.0071	-0.0863	0.0542	0.1111
a29m	bm6m	0.9995	0.0078	0.008	0.0596	0.8933
a29m	bm7m	1.0062	0.0072	0.0229	0.0587	0.6963
a29m	bm8m	1.0092	0.0064	0.0985	0.0808	0.2231
a29m	ch1m	0.9978	0.0067	-0.243	0.0875	0.0055
a29m	ch4m	0.9962	0.0061	-0.1651	0.0886	0.0624
a29m	ch5m	1.0042	0.0062	-0.4842	0.1209	6.1877e-05
a29m	ch6m	0.9898	0.0062	-0.3428	0.0897	0.0001
a29m	l1m	1.0893	0.0369	-0.2926	0.0241	5.6704e-34
a29m	l2m	1.0669	0.0298	0.1002	0.0303	0.0009
a29m	l3m	1.1102	0.0322	0.1175	0.0273	1.6614e-05
a29m	l4m	1.0537	0.0345	0.3159	0.033	1.0989e-21
a29m	l5m	1.0789	0.0248	0.1635	0.0337	1.1876e-06
a29m	r10m	0.9996	0.0084	0.6351	0.1293	9.0067e-07
a29m	r4m	1.0175	0.0065	0.5359	0.0638	4.6796e-17
a29m	r5m	1.0062	0.0116	0.0683	0.0322	0.0338
a29m	r8m	1.0053	0.0074	0.2851	0.0446	1.6963e-10
a29m	r9m	0.9935	0.0063	0.041	0.0773	0.5954
a30f	a30f	0.9508	0.0085	1.0	1.4752e-07	0.0
a30f	a7f	0.9541	0.0077	0.0659	0.044	0.1347
a30f	a8f	1.0479	0.0125	-0.2831	0.0284	2.2680e-23
a30f	a9f	1.0573	0.0087	-0.592	0.0763	8.7012e-15
a30f	ADr1uf	1.0091	0.0314	0.336	0.2667	0.2077
a30f	bm1f	1.0058	0.0068	0.0723	0.0711	0.3095
a30f	bm2f	0.9946	0.0069	-0.0081	0.0524	0.8771
a30f	bm4f	1.0066	0.0069	0.0015	0.0727	0.9836
a30f	bm5f	1.0051	0.0077	-0.0485	0.0431	0.2602
a30f	bm6f	1.01	0.009	-0.087	0.0465	0.0617
a30f	bm7f	1.0089	0.0086	-0.09	0.0437	0.0391
a30f	bm8f	0.9993	0.0068	-0.0047	0.0488	0.9238
a30f	ch1f	0.9987	0.0067	0.5051	0.0711	1.1752e-12
a30f	ch4f	0.9965	0.0064	0.5986	0.1157	2.2769e-07
a30f	ch5f	0.9938	0.0064	0.4936	0.0832	2.9963e-09
a30f	ch6f	1.0029	0.0064	0.6766	0.0987	7.2849e-12
a30f	l1f	1.1137	0.0359	0.2927	0.0194	1.1709e-51
a30f	l2f	1.079	0.0308	-0.1516	0.02	3.1647e-14
a30f	l3f	1.1175	0.0326	-0.1053	0.019	2.7609e-08
a30f	l4f	1.0911	0.0327	-0.3438	0.0229	5.2149e-51
a30f	l5f	1.0946	0.0307	-0.2178	0.0209	2.2456e-25
a30f	r10f	0.9686	0.0088	-0.2816	0.0539	1.7474e-07
a30f	r4f	0.9988	0.0063	-0.1448	0.0434	0.0008
a30f	r5f	1.0575	0.0098	0.0985	0.0312	0.0016
a30f	r8f	0.9976	0.0074	0.187	0.0335	2.4349e-08
a30f	r9f	1.0112	0.0064	0.0463	0.0498	0.3529
a30m	a30f	0.951	0.0085	0.9175	0.0226	0.0
a30m	a30m	0.9478	0.0075	1.0	1.0223e-06	0.0
a30m	a7m	0.9589	0.0076	0.1312	0.0395	0.0009
a30m	a8m	1.0392	0.0148	-0.2658	0.0268	3.0908e-23
a30m	a9m	1.0066	0.0082	-0.5467	0.0436	4.2525e-36
a30m	ADr1um	0.9921	0.0267	0.3898	0.2281	0.0874
a30m	bm1m	1.0067	0.0065	0.008	0.0615	0.8968
a30m	bm2m	1.0002	0.0077	-0.0342	0.0608	0.5741
a30m	bm4m	0.9962	0.0064	-0.0673	0.0734	0.3596
a30m	bm5m	1.0036	0.0073	0.0702	0.0386	0.0688
a30m	bm6m	0.9984	0.008	-0.0267	0.0453	0.5556
a30m	bm7m	1.0057	0.0074	-0.0518	0.0476	0.277
a30m	bm8m	1.0111	0.0062	-0.1265	0.0733	0.0842
a30m	ch1m	0.9983	0.0066	0.523	0.0867	1.6414e-09
a30m	ch4m	0.9972	0.006	0.6028	0.0925	7.2626e-11
a30m	ch5m	1.0049	0.0063	0.7646	0.1436	1.0060e-07
a30m	ch6m	0.9893	0.0061	0.6154	0.0818	5.4843e-14
a30m	l1m	1.0843	0.036	0.2603	0.0216	2.6719e-33
a30m	l2m	1.0638	0.029	-0.0813	0.0237	0.0006
a30m	l3m	1.1061	0.0316	-0.0825	0.0243	0.0007
a30m	l4m	1.0582	0.0348	-0.2776	0.0229	8.5038e-34
a30m	l5m	1.0769	0.0248	-0.1537	0.0279	3.5634e-08
a30m	r10m	1.0004	0.0085	-0.1545	0.0859	0.0719
a30m	r4m	1.0197	0.0067	-0.1642	0.0535	0.0021
a30m	r5m	1.0076	0.0115	-0.0071	0.0286	0.8035
a30m	r8m	1.0059	0.0074	-0.1432	0.0341	2.6946e-05
a30m	r9m	0.9935	0.0062	-0.1121	0.0668	0.0933
a7f	a7f	0.9548	0.0075	1.0	5.3934e-06	0.0
a7f	a8f	1.0444	0.0127	-0.0863	0.0586	0.1409
a7f	a9f	1.058	0.0087	-0.2307	0.1274	0.0702
a7f	ADr1uf	1.0073	0.0326	0.1079	0.2794	0.6993
a7f	bm1f	1.007	0.0068	0.2031	0.1343	0.1305
a7f	bm2f	0.9958	0.0069	0.0895	0.1083	0.4088
a7f	bm4f	1.0069	0.0069	0.0057	0.1281	0.9643
a7f	bm5f	1.0042	0.0076	0.1417	0.0633	0.0252
a7f	bm6f	1.0099	0.0089	0.0369	0.0743	0.6194
a7f	bm7f	1.0097	0.0085	-0.0451	0.0777	0.5616
a7f	bm8f	1.0025	0.0069	0.0076	0.089	0.9318
a7f	ch1f	0.9987	0.0066	0.0626	0.1064	0.5562
a7f	ch4f	0.9966	0.0066	0.0854	0.1514	0.5724
a7f	ch5f	0.9924	0.0064	-0.2342	0.1348	0.0823
a7f	ch6f	1.0032	0.0066	0.1265	0.1243	0.3085
a7f	l1f	1.1211	0.0368	0.0772	0.0381	0.0429
a7f	l2f	1.0853	0.032	-0.0814	0.0433	0.0604
a7f	l3f	1.1273	0.0339	-0.079	0.039	0.0428
a7f	l4f	1.0942	0.0333	-0.1275	0.0437	0.0035
a7f	l5f	1.1021	0.0316	-0.1209	0.0397	0.0023
a7f	r10f	0.9694	0.0088	0.0624	0.0827	0.4503
a7f	r4f	1.0016	0.0065	-0.1013	0.073	0.1656
a7f	r5f	1.0566	0.0101	-0.0539	0.0535	0.3134
a7f	r8f	1.0002	0.0076	0.0294	0.0658	0.6546
a7f	r9f	1.0106	0.0063	-0.0691	0.1088	0.5255
a7m	a7f	0.9552	0.0075	0.8698	0.0739	5.4322e-32
a7m	a7m	0.9581	0.0075	1.0	5.5631e-06	0.0
a7m	a8m	1.0454	0.0155	-0.0112	0.041	0.7843
a7m	a9m	1.0086	0.0083	-0.0801	0.0559	0.1515
a7m	ADr1um	0.9944	0.0284	0.4439	0.3485	0.2027
a7m	bm1m	1.01	0.0067	-0.0911	0.1029	0.3763
a7m	bm2m	1.0009	0.008	-0.0122	0.1026	0.9057
a7m	bm4m	0.9962	0.0063	-0.2295	0.1117	0.0399
a7m	bm5m	1.0058	0.0075	0.172	0.0668	0.01
a7m	bm6m	0.9987	0.008	0.1274	0.0627	0.0423
a7m	bm7m	1.0053	0.0075	0.0962	0.0675	0.154
a7m	bm8m	1.0123	0.0065	-0.14	0.107	0.1907
a7m	ch1m	0.9965	0.0069	0.1165	0.1099	0.2891
a7m	ch4m	0.9976	0.0063	0.2037	0.106	0.0545
a7m	ch5m	1.0051	0.0063	0.1474	0.1382	0.2863
a7m	ch6m	0.9904	0.0065	0.2015	0.1106	0.0685
a7m	l1m	1.0983	0.0382	0.0056	0.033	0.8642
a7m	l2m	1.0771	0.0314	-0.0552	0.0405	0.1735
a7m	l3m	1.1229	0.0337	-0.0672	0.0365	0.0653
a7m	l4m	1.0682	0.0362	-0.0647	0.0361	0.0726
a7m	l5m	1.0841	0.0259	-0.0729	0.0409	0.0749
a7m	r10m	1.0004	0.0086	0.3987	0.1328	0.0027
a7m	r4m	1.0171	0.0066	-0.0056	0.078	0.9427
a7m	r5m	1.0091	0.0116	0.0864	0.0393	0.028
a7m	r8m	1.0065	0.0076	0.0126	0.0542	0.8159
a7m	r9m	0.9967	0.0064	-0.0793	0.1001	0.4283
a8f	a8f	1.0459	0.0118	1.0	4.3399e-07	0.0
a8f	a9f	1.0584	0.0087	0.2086	0.0633	0.001
a8f	ADr1uf	1.006	0.0307	-0.2861	0.1914	0.1351
a8f	bm1f	1.0065	0.0067	-0.0397	0.0765	0.604
a8f	bm2f	0.9951	0.0068	-0.0895	0.0636	0.1599
a8f	bm4f	1.0063	0.0069	-0.0177	0.0746	0.8125
a8f	bm5f	1.0051	0.0076	0.0076	0.0421	0.8569
a8f	bm6f	1.0083	0.0086	-0.0144	0.0436	0.7412
a8f	bm7f	1.008	0.0082	0.0089	0.0434	0.8379
a8f	bm8f	1.0018	0.0068	0.0034	0.0442	0.9383
a8f	ch1f	0.9982	0.0067	-0.2027	0.0679	0.0029
a8f	ch4f	0.9971	0.0065	-0.1041	0.0916	0.256
a8f	ch5f	0.9941	0.0063	-0.129	0.0746	0.0838
a8f	ch6f	1.0029	0.0064	-0.2285	0.0776	0.0032
a8f	l1f	1.1104	0.0346	-0.5507	0.0229	6.5750e-128
a8f	l2f	1.0736	0.0303	0.1879	0.0262	7.9160e-13
a8f	l3f	1.1127	0.0316	0.0941	0.0258	0.0003
a8f	l4f	1.0841	0.0314	0.6097	0.0272	6.5445e-111
a8f	l5f	1.09	0.0302	0.309	0.0276	3.4492e-29
a8f	r10f	0.9685	0.0088	0.1721	0.0525	0.001
a8f	r4f	0.9991	0.0061	0.1792	0.0414	1.4682e-05
a8f	r5f	1.0585	0.0097	-0.1475	0.033	7.6634e-06
a8f	r8f	0.9991	0.0073	0.0224	0.0381	0.5569
a8f	r9f	1.0092	0.0063	0.0959	0.0574	0.0946
a8m	a8f	1.0459	0.0111	0.9323	0.0205	0.0
a8m	a8m	1.0377	0.0142	1.0	3.5374e-07	0.0
a8m	a9m	1.0065	0.0081	0.3697	0.0412	2.6721e-19
a8m	ADr1um	0.9925	0.0265	-0.3033	0.1964	0.1226
a8m	bm1m	1.0081	0.0064	0.016	0.0749	0.8308
a8m	bm2m	1.0001	0.0076	0.036	0.0813	0.658
a8m	bm4m	0.9943	0.0063	-0.0505	0.0812	0.534
a8m	bm5m	1.0026	0.0071	-0.0193	0.0463	0.6767
a8m	bm6m	0.9988	0.0076	0.0216	0.0451	0.6318
a8m	bm7m	1.005	0.0071	0.0306	0.0479	0.5222
a8m	bm8m	1.0104	0.0064	-0.0055	0.0675	0.9349
a8m	ch1m	0.9998	0.0067	-0.2263	0.0748	0.0025
a8m	ch4m	0.9968	0.0061	-0.1585	0.0768	0.0392
a8m	ch5m	1.0055	0.0062	-0.313	0.1058	0.0031
a8m	ch6m	0.9893	0.0061	-0.1727	0.0718	0.0162
a8m	l1m	1.0827	0.0355	-0.515	0.0229	3.7181e-112
a8m	l2m	1.0643	0.0286	-0.0144	0.0305	0.6373
a8m	l3m	1.1036	0.0314	0.0128	0.0264	0.6264
a8m	l4m	1.0503	0.0337	0.5573	0.0343	2.2164e-59
a8m	l5m	1.0766	0.0243	0.1914	0.0303	2.7046e-10
a8m	r10m	1.0002	0.0085	0.0244	0.0743	0.7423
a8m	r4m	1.0185	0.0064	0.1718	0.0497	0.0005
a8m	r5m	1.0067	0.0114	-0.0432	0.0268	0.1079
a8m	r8m	1.0045	0.0073	0.0971	0.0377	0.01
a8m	r9m	0.9937	0.0063	0.1559	0.0684	0.0226
a9f	a9f	1.0585	0.0087	1.0	1.7944e-06	0.0
a9f	ADr1uf	1.0232	0.041	NA	NA	NA
a9f	bm1f	1.0062	0.0082	-0.2489	0.1779	0.1617
a9f	bm2f	0.9943	0.0083	0.1195	0.147	0.4162
a9f	bm4f	1.0116	0.0072	0.2297	0.1908	0.2286
a9f	bm5f	1.0057	0.0089	0.0283	0.1023	0.7819
a9f	bm6f	1.0019	0.0101	0.081	0.106	0.4446
a9f	bm7f	0.9967	0.0102	0.0254	0.1037	0.8069
a9f	bm8f	1.0056	0.0083	-0.0022	0.1185	0.985
a9f	ch1f	0.9997	0.007	-0.2653	0.1541	0.085
a9f	ch4f	1.0053	0.0074	-0.8812	0.2865	0.0021
a9f	ch5f	0.9957	0.0077	-0.2383	0.1668	0.1532
a9f	ch6f	1.0027	0.0075	-0.3028	0.1562	0.0525
a9f	l1f	1.1348	0.0413	-0.2435	0.0578	2.5378e-05
a9f	l2f	1.1014	0.0399	0.1393	0.0572	0.0148
a9f	l3f	1.1393	0.0421	0.1051	0.0536	0.0498
a9f	l4f	1.1112	0.0383	0.2926	0.0618	2.2079e-06
a9f	l5f	1.1196	0.0394	0.1884	0.0575	0.0011
a9f	r10f	0.9705	0.0089	0.6915	0.1092	2.4458e-10
a9f	r4f	1.	0.0076	0.5512	0.1003	3.9370e-08
a9f	r5f	1.0682	0.0114	-0.1203	0.0784	0.1249
a9f	r8f	0.9973	0.0083	0.4531	0.0896	4.3294e-07
a9f	r9f	1.0098	0.0075	0.1666	0.1365	0.2225
a9m	a9f	1.0583	0.0087	1.2019	0.1304	3.0351e-20
a9m	a9m	1.0063	0.0082	1.0	3.9081e-07	0.0
a9m	ADr1um	0.9986	0.0371	-0.5473	0.531	0.3027
a9m	bm1m	1.0137	0.0075	0.1276	0.0972	0.1894
a9m	bm2m	0.9989	0.0086	0.02	0.0869	0.8177
a9m	bm4m	0.9972	0.0079	0.1494	0.1289	0.2463
a9m	bm5m	1.0047	0.0081	-0.083	0.064	0.195
a9m	bm6m	0.9964	0.0091	0.0596	0.0694	0.391
a9m	bm7m	1.0019	0.0093	0.0714	0.0693	0.3025
a9m	bm8m	1.0143	0.0074	-0.0085	0.1019	0.9333
a9m	ch1m	0.9966	0.0077	-0.3657	0.1171	0.0018
a9m	ch4m	0.9977	0.0068	-0.0497	0.1123	0.6579
a9m	ch5m	1.0053	0.0073	-0.4365	0.1451	0.0026
a9m	ch6m	0.9869	0.0079	-0.4879	0.1042	2.8542e-06
a9m	l1m	1.1107	0.0433	-0.2525	0.0324	6.7884e-15
a9m	l2m	1.0829	0.0381	0.0635	0.0365	0.0817
a9m	l3m	1.1281	0.0418	0.0631	0.0334	0.0591
a9m	l4m	1.0829	0.0405	0.2358	0.0338	3.0204e-12
a9m	l5m	1.0868	0.0311	0.1041	0.0376	0.0056
a9m	r10m	1.0001	0.0086	0.589	0.1062	2.8733e-08
a9m	r4m	1.0152	0.0078	0.322	0.0802	5.9842e-05
a9m	r5m	1.0295	0.0133	0.1855	0.0413	6.9672e-06
a9m	r8m	1.0055	0.0086	0.4327	0.0493	1.5637e-18
a9m	r9m	0.9992	0.0082	0.1589	0.081	0.0498
ADr1uf	ADr1uf	1.0059	0.0307	1.0	2.2491e-05	0.0
ADr1uf	bm1f	1.0058	0.0068	0.3492	0.4283	0.4149
ADr1uf	bm2f	0.9957	0.007	0.099	0.2682	0.712
ADr1uf	bm4f	1.007	0.0068	-0.3236	0.4186	0.4395
ADr1uf	bm5f	1.0045	0.0076	0.0625	0.2132	0.7693
ADr1uf	bm6f	1.0097	0.0087	0.2922	0.3055	0.3388
ADr1uf	bm7f	1.0086	0.0082	0.1483	0.2592	0.5672
ADr1uf	bm8f	1.0024	0.0067	-0.2033	0.255	0.4253
ADr1uf	ch1f	0.9977	0.0067	0.5024	0.677	0.458
ADr1uf	ch4f	0.9972	0.0066	0.3428	0.5477	0.5314
ADr1uf	ch5f	0.9939	0.0063	0.6343	0.835	0.4475
ADr1uf	ch6f	1.0028	0.0065	0.7703	0.7494	0.304
ADr1uf	l1f	1.2548	0.1037	0.5327	0.3968	0.1795
ADr1uf	l2f	1.1508	0.1255	-0.3141	0.305	0.3031
ADr1uf	l3f	1.1862	0.1506	-0.3117	0.3343	0.3511
ADr1uf	l4f	1.1024	0.0721	-0.5265	0.3819	0.168
ADr1uf	l5f	1.1824	0.1485	-0.504	0.4545	0.2675
ADr1uf	r10f	0.9687	0.0089	NA	NA	NA
ADr1uf	r4f	1.0002	0.0064	-0.6888	0.5427	0.2043
ADr1uf	r5f	1.0572	0.0099	0.1395	0.3711	0.7071
ADr1uf	r8f	0.9985	0.0073	0.3478	0.2741	0.2044
ADr1uf	r9f	1.0091	0.0063	-0.8596	0.6362	0.1766
ADr1um	ADr1uf	1.0059	0.0307	1.0047	0.7817	0.1987
ADr1um	ADr1um	0.9925	0.0265	0.9999	0.0002	0.0
ADr1um	bm1m	1.0074	0.0063	-0.1641	0.2931	0.5755
ADr1um	bm2m	0.9999	0.0077	-0.0649	0.3	0.8287
ADr1um	bm4m	0.9942	0.0062	-0.0149	0.3298	0.9641
ADr1um	bm5m	1.0037	0.0072	0.2746	0.2731	0.3147
ADr1um	bm6m	0.9989	0.0079	-0.0346	0.1822	0.8493
ADr1um	bm7m	1.0042	0.0074	-0.226	0.2248	0.3147
ADr1um	bm8m	1.0096	0.0064	0.167	0.3166	0.5979
ADr1um	ch1m	0.9976	0.0067	0.4245	0.4034	0.2927
ADr1um	ch4m	0.9965	0.0062	0.3903	0.3927	0.3203
ADr1um	ch5m	1.0043	0.0062	0.9189	0.7377	0.2129
ADr1um	ch6m	0.9893	0.0065	0.2322	0.3643	0.5239
ADr1um	l1m	1.2638	0.1219	0.5688	0.4464	0.2026
ADr1um	l2m	1.1531	0.1204	-0.2902	0.2869	0.3118
ADr1um	l3m	1.1757	0.1248	-0.2549	0.2943	0.3865
ADr1um	l4m	1.1012	0.0876	-0.2668	0.2602	0.3052
ADr1um	l5m	1.1415	0.1143	-0.4415	0.4252	0.2991
ADr1um	r10m	1.0003	0.0085	-0.6279	0.3129	0.0448
ADr1um	r4m	1.0181	0.0065	0.2208	0.2691	0.4119
ADr1um	r5m	1.007	0.0115	0.1634	0.1587	0.3033
ADr1um	r8m	1.0053	0.0075	-0.0131	0.1861	0.944
ADr1um	r9m	0.9938	0.0062	-0.4742	0.3912	0.2255
bm1f	bm1f	1.0066	0.0067	0.9999	9.7692e-05	0.0
bm1f	bm2f	0.9951	0.0068	0.0539	0.1482	0.7164
bm1f	bm4f	1.0062	0.0069	-0.0641	0.2038	0.7533
bm1f	bm5f	1.0051	0.0076	0.0068	0.1073	0.9493
bm1f	bm6f	1.0084	0.0086	-0.1154	0.1143	0.3126
bm1f	bm7f	1.0081	0.0082	-0.0888	0.119	0.4556
bm1f	bm8f	1.0018	0.0067	-0.058	0.1421	0.6831
bm1f	ch1f	0.9965	0.007	0.0557	0.1492	0.7088
bm1f	ch4f	0.9978	0.0066	0.1439	0.2295	0.5307
bm1f	ch5f	0.9934	0.0062	-0.058	0.185	0.7537
bm1f	ch6f	1.0018	0.0064	0.0498	0.1983	0.8016
bm1f	l1f	1.1045	0.0349	-0.0209	0.0565	0.7116
bm1f	l2f	1.0703	0.0308	-0.0164	0.0677	0.8088
bm1f	l3f	1.1098	0.0349	-0.0297	0.0648	0.6464
bm1f	l4f	1.0783	0.0285	0.0089	0.0558	0.8726
bm1f	l5f	1.0869	0.0303	-0.0089	0.064	0.8897
bm1f	r10f	0.9687	0.009	-0.1166	0.1677	0.4871
bm1f	r4f	1.0008	0.0062	-0.1003	0.1126	0.3735
bm1f	r5f	1.0579	0.0102	0.0431	0.0883	0.6259
bm1f	r8f	0.9996	0.0075	0.0006	0.1043	0.995
bm1f	r9f	1.01	0.0063	0.0515	0.1384	0.7099
bm1m	bm1f	1.0066	0.0067	0.7194	0.2146	0.0008
bm1m	bm1m	1.0081	0.0064	1.0	1.6845e-06	0.0
bm1m	bm2m	1.0001	0.0077	-0.6047	0.1738	0.0005
bm1m	bm4m	0.9944	0.0063	-0.1188	0.1662	0.4748
bm1m	bm5m	1.0026	0.0071	0.0693	0.0996	0.4864
bm1m	bm6m	0.9989	0.0076	-0.1057	0.1034	0.3063
bm1m	bm7m	1.0051	0.0071	-0.1458	0.1079	0.1769
bm1m	bm8m	1.0106	0.0064	-0.0469	0.1619	0.7719
bm1m	ch1m	0.9956	0.0066	0.0211	0.181	0.9074
bm1m	ch4m	0.9969	0.0063	-0.1303	0.1558	0.4031
bm1m	ch5m	1.0043	0.0061	0.0805	0.2095	0.701
bm1m	ch6m	0.9881	0.0068	-0.1193	0.1626	0.463
bm1m	l1m	1.0793	0.0345	-0.0259	0.051	0.6117
bm1m	l2m	1.0652	0.0294	0.0218	0.0597	0.7148
bm1m	l3m	1.1057	0.0334	0.0269	0.0526	0.6099
bm1m	l4m	1.05	0.0326	0.0005	0.0554	0.9934
bm1m	l5m	1.0789	0.0257	0.0266	0.057	0.641
bm1m	r10m	1.	0.0083	0.7249	0.2895	0.0123
bm1m	r4m	1.0178	0.0064	-0.1684	0.1331	0.2059
bm1m	r5m	1.005	0.0115	0.0028	0.0588	0.9617
bm1m	r8m	1.0046	0.0073	0.0993	0.0881	0.2597
bm1m	r9m	0.9934	0.0063	0.2658	0.1364	0.0514
bm2f	bm2f	0.9951	0.0068	1.0	1.0433e-05	0.0
bm2f	bm4f	1.0062	0.0069	0.188	0.1433	0.1893
bm2f	bm5f	1.0051	0.0076	-0.0035	0.0879	0.9686
bm2f	bm6f	1.0084	0.0086	-0.2522	0.0916	0.0059
bm2f	bm7f	1.0081	0.0082	-0.2363	0.084	0.0049
bm2f	bm8f	1.0018	0.0067	-0.3275	0.1004	0.0011
bm2f	ch1f	0.9965	0.007	0.0535	0.1224	0.6621
bm2f	ch4f	0.9978	0.0066	-0.0285	0.1806	0.8747
bm2f	ch5f	0.9934	0.0062	-0.0769	0.1497	0.6075
bm2f	ch6f	1.0018	0.0064	0.108	0.1355	0.4254
bm2f	l1f	1.1045	0.0349	-0.0027	0.0434	0.9506
bm2f	l2f	1.0703	0.0308	-0.0404	0.0516	0.4345
bm2f	l3f	1.1098	0.0349	-0.0152	0.049	0.7573
bm2f	l4f	1.0783	0.0285	0.006	0.0453	0.8938
bm2f	l5f	1.0869	0.0303	-0.005	0.0495	0.9192
bm2f	r10f	0.9687	0.009	0.0048	0.0983	0.961
bm2f	r4f	1.0008	0.0062	-0.0041	0.081	0.9596
bm2f	r5f	1.0579	0.0102	0.0185	0.0713	0.7952
bm2f	r8f	0.9996	0.0075	-0.0066	0.0741	0.9295
bm2f	r9f	1.01	0.0063	-0.0679	0.1124	0.546
bm2m	bm2f	0.9951	0.0068	0.5459	0.143	0.0001
bm2m	bm2m	1.0001	0.0077	1.0	2.5793e-06	0.0
bm2m	bm4m	0.9944	0.0063	0.0267	0.1723	0.8769
bm2m	bm5m	1.0026	0.0071	0.1439	0.0999	0.1498
bm2m	bm6m	0.9989	0.0076	-0.0547	0.1038	0.5977
bm2m	bm7m	1.0051	0.0071	-0.0527	0.1158	0.6492
bm2m	bm8m	1.0106	0.0064	-0.2713	0.1511	0.0725
bm2m	ch1m	0.9956	0.0066	0.1745	0.1554	0.2615
bm2m	ch4m	0.9969	0.0063	0.0724	0.1762	0.6811
bm2m	ch5m	1.0043	0.0061	0.0321	0.202	0.8738
bm2m	ch6m	0.9881	0.0068	0.0901	0.143	0.5288
bm2m	l1m	1.0793	0.0345	0.0041	0.0493	0.9342
bm2m	l2m	1.0652	0.0294	-0.0365	0.0597	0.5405
bm2m	l3m	1.1057	0.0334	-0.02	0.0478	0.6756
bm2m	l4m	1.05	0.0326	0.0114	0.0682	0.8675
bm2m	l5m	1.0789	0.0257	-0.0931	0.0567	0.1002
bm2m	r10m	1.	0.0083	-0.0195	0.1805	0.9141
bm2m	r4m	1.0178	0.0064	-0.1137	0.1279	0.3738
bm2m	r5m	1.005	0.0115	0.0384	0.0568	0.4985
bm2m	r8m	1.0046	0.0073	0.0928	0.0939	0.3228
bm2m	r9m	0.9934	0.0063	0.117	0.1573	0.4569
bm4f	bm4f	1.0062	0.0069	1.0	6.1588e-06	0.0
bm4f	bm5f	1.0051	0.0076	-0.0041	0.1052	0.9691
bm4f	bm6f	1.0084	0.0086	0.0648	0.1202	0.5898
bm4f	bm7f	1.0081	0.0082	0.0867	0.1206	0.4722
bm4f	bm8f	1.0018	0.0067	-0.0606	0.1233	0.6232
bm4f	ch1f	0.9965	0.007	0.1306	0.1562	0.4033
bm4f	ch4f	0.9978	0.0066	0.0158	0.2309	0.9453
bm4f	ch5f	0.9934	0.0062	-0.0518	0.1953	0.7907
bm4f	ch6f	1.0018	0.0064	0.0753	0.1972	0.7027
bm4f	l1f	1.1045	0.0349	0.0517	0.0618	0.4033
bm4f	l2f	1.0703	0.0308	0.0135	0.0545	0.8038
bm4f	l3f	1.1098	0.0349	0.0108	0.0538	0.8409
bm4f	l4f	1.0783	0.0285	-0.0674	0.0621	0.2778
bm4f	l5f	1.0869	0.0303	-0.025	0.0541	0.6435
bm4f	r10f	0.9687	0.009	-0.0196	0.1701	0.908
bm4f	r4f	1.0008	0.0062	0.0052	0.112	0.9633
bm4f	r5f	1.0579	0.0102	-0.0538	0.0826	0.515
bm4f	r8f	0.9996	0.0075	-0.0608	0.0899	0.4991
bm4f	r9f	1.01	0.0063	-0.1406	0.1473	0.3399
bm4m	bm4f	1.0062	0.0069	0.732	0.2332	0.0017
bm4m	bm4m	0.9944	0.0063	1.0	1.1851e-05	0.0
bm4m	bm5m	1.0026	0.0071	0.0196	0.118	0.8683
bm4m	bm6m	0.9989	0.0076	0.0594	0.1274	0.6412
bm4m	bm7m	1.0051	0.0071	0.1616	0.1286	0.209
bm4m	bm8m	1.0106	0.0064	-0.056	0.1787	0.754
bm4m	ch1m	0.9956	0.0066	-0.3873	0.2012	0.0543
bm4m	ch4m	0.9969	0.0063	0.0442	0.192	0.8181
bm4m	ch5m	1.0043	0.0061	-0.5455	0.2568	0.0336
bm4m	ch6m	0.9881	0.0068	-0.433	0.2113	0.0404
bm4m	l1m	1.0793	0.0345	-0.0096	0.0549	0.8618
bm4m	l2m	1.0652	0.0294	0.0234	0.0649	0.7187
bm4m	l3m	1.1057	0.0334	0.025	0.0655	0.7034
bm4m	l4m	1.05	0.0326	-0.0197	0.0631	0.7545
bm4m	l5m	1.0789	0.0257	0.0554	0.0698	0.4274
bm4m	r10m	1.	0.0083	0.2078	0.2104	0.3232
bm4m	r4m	1.0178	0.0064	-0.0389	0.1402	0.7814
bm4m	r5m	1.005	0.0115	0.1068	0.079	0.1767
bm4m	r8m	1.0046	0.0073	0.0832	0.107	0.4372
bm4m	r9m	0.9934	0.0063	-0.0161	0.165	0.9224
bm5f	bm5f	1.0051	0.0076	1.0	1.7269e-06	0.0
bm5f	bm6f	1.0084	0.0086	0.2197	0.0722	0.0023
bm5f	bm7f	1.0081	0.0082	0.2431	0.0704	0.0006
bm5f	bm8f	1.0018	0.0067	-0.1967	0.0813	0.0156
bm5f	ch1f	0.9965	0.007	-0.0646	0.0942	0.4928
bm5f	ch4f	0.9978	0.0066	0.1317	0.1171	0.2608
bm5f	ch5f	0.9934	0.0062	-0.0957	0.1269	0.4507
bm5f	ch6f	1.0018	0.0064	-0.1373	0.1048	0.1903
bm5f	l1f	1.1045	0.0349	-0.0141	0.0348	0.6861
bm5f	l2f	1.0703	0.0308	0.0009	0.0368	0.9814
bm5f	l3f	1.1098	0.0349	-0.016	0.036	0.6564
bm5f	l4f	1.0783	0.0285	-0.0473	0.034	0.1644
bm5f	l5f	1.0869	0.0303	-0.0059	0.0381	0.876
bm5f	r10f	0.9687	0.009	0.0119	0.0852	0.8886
bm5f	r4f	1.0008	0.0062	0.1414	0.0657	0.0313
bm5f	r5f	1.0579	0.0102	-0.0071	0.0505	0.8878
bm5f	r8f	0.9996	0.0075	0.0531	0.0545	0.3303
bm5f	r9f	1.01	0.0063	-0.0615	0.0848	0.4684
bm5m	bm5f	1.0051	0.0076	0.9279	0.0743	9.2279e-36
bm5m	bm5m	1.0026	0.0071	1.0	1.5622e-06	0.0
bm5m	bm6m	0.9989	0.0076	0.4329	0.0847	3.2155e-07
bm5m	bm7m	1.0051	0.0071	0.3851	0.0876	1.1102e-05
bm5m	bm8m	1.0106	0.0064	0.0158	0.1251	0.8996
bm5m	ch1m	0.9956	0.0066	-0.2146	0.1108	0.0527
bm5m	ch4m	0.9969	0.0063	-0.0188	0.1146	0.8696
bm5m	ch5m	1.0043	0.0061	-0.331	0.1396	0.0178
bm5m	ch6m	0.9881	0.0068	-0.111	0.1055	0.2931
bm5m	l1m	1.0793	0.0345	0.0595	0.0311	0.0558
bm5m	l2m	1.0652	0.0294	0.0374	0.0448	0.4048
bm5m	l3m	1.1057	0.0334	0.0559	0.0429	0.193
bm5m	l4m	1.05	0.0326	-0.0214	0.038	0.5731
bm5m	l5m	1.0789	0.0257	0.0166	0.0489	0.734
bm5m	r10m	1.	0.0083	0.0671	0.1356	0.6208
bm5m	r4m	1.0178	0.0064	0.2158	0.081	0.0077
bm5m	r5m	1.005	0.0115	-0.0731	0.0435	0.0925
bm5m	r8m	1.0046	0.0073	0.0302	0.0614	0.6228
bm5m	r9m	0.9934	0.0063	-0.046	0.0888	0.604
bm6f	bm6f	1.0084	0.0086	1.0	1.9139e-06	0.0
bm6f	bm7f	1.0081	0.0082	0.9901	0.0109	0.0
bm6f	bm8f	1.0018	0.0067	0.1054	0.0837	0.2077
bm6f	ch1f	0.9965	0.007	-0.1809	0.1066	0.0899
bm6f	ch4f	0.9978	0.0066	-0.0222	0.1296	0.8642
bm6f	ch5f	0.9934	0.0062	0.0751	0.1126	0.505
bm6f	ch6f	1.0018	0.0064	-0.1567	0.1297	0.2269
bm6f	l1f	1.1045	0.0349	-0.0356	0.0336	0.2892
bm6f	l2f	1.0703	0.0308	-0.0671	0.0356	0.0595
bm6f	l3f	1.1098	0.0349	-0.0781	0.0355	0.0277
bm6f	l4f	1.0783	0.0285	-0.0151	0.0347	0.6635
bm6f	l5f	1.0869	0.0303	-0.0475	0.0369	0.1973
bm6f	r10f	0.9687	0.009	0.043	0.0896	0.6311
bm6f	r4f	1.0008	0.0062	0.1891	0.0776	0.0148
bm6f	r5f	1.0579	0.0102	-0.0456	0.0493	0.3546
bm6f	r8f	0.9996	0.0075	0.003	0.0576	0.9578
bm6f	r9f	1.01	0.0063	0.0276	0.0852	0.7458
bm6m	bm6f	1.0084	0.0086	0.979	0.0898	1.0829e-27
bm6m	bm6m	0.9989	0.0076	1.0	2.6552e-06	0.0
bm6m	bm7m	1.0051	0.0071	0.983	0.0114	0.0
bm6m	bm8m	1.0106	0.0064	-0.0062	0.1154	0.9574
bm6m	ch1m	0.9956	0.0066	-0.3008	0.1021	0.0032
bm6m	ch4m	0.9969	0.0063	-0.0923	0.1053	0.3806
bm6m	ch5m	1.0043	0.0061	-0.452	0.1505	0.0027
bm6m	ch6m	0.9881	0.0068	-0.1568	0.1022	0.125
bm6m	l1m	1.0793	0.0345	-0.0231	0.0311	0.4566
bm6m	l2m	1.0652	0.0294	0.0625	0.044	0.1562
bm6m	l3m	1.1057	0.0334	0.0328	0.0384	0.3929
bm6m	l4m	1.05	0.0326	-0.03	0.034	0.3765
bm6m	l5m	1.0789	0.0257	0.0313	0.0417	0.4526
bm6m	r10m	1.	0.0083	0.1767	0.127	0.1643
bm6m	r4m	1.0178	0.0064	-0.04	0.0931	0.6673
bm6m	r5m	1.005	0.0115	-0.0677	0.0428	0.1136
bm6m	r8m	1.0046	0.0073	-0.0085	0.0591	0.8856
bm6m	r9m	0.9934	0.0063	0.0275	0.095	0.7722
bm7f	bm7f	1.0081	0.0082	1.0	4.6722e-06	0.0
bm7f	bm8f	1.0018	0.0067	0.0258	0.0852	0.7622
bm7f	ch1f	0.9965	0.007	-0.1568	0.1028	0.1272
bm7f	ch4f	0.9978	0.0066	-0.1377	0.1306	0.2916
bm7f	ch5f	0.9934	0.0062	0.1391	0.1111	0.2106
bm7f	ch6f	1.0018	0.0064	-0.1489	0.12	0.2146
bm7f	l1f	1.1045	0.0349	-0.0325	0.034	0.3396
bm7f	l2f	1.0703	0.0308	-0.0486	0.0341	0.1539
bm7f	l3f	1.1098	0.0349	-0.0599	0.0351	0.0877
bm7f	l4f	1.0783	0.0285	-0.028	0.0328	0.3939
bm7f	l5f	1.0869	0.0303	-0.0313	0.0342	0.3605
bm7f	r10f	0.9687	0.009	0.0708	0.0852	0.4062
bm7f	r4f	1.0008	0.0062	0.159	0.0759	0.036
bm7f	r5f	1.0579	0.0102	-0.04	0.0497	0.421
bm7f	r8f	0.9996	0.0075	-0.0365	0.0579	0.5289
bm7f	r9f	1.01	0.0063	-0.0002	0.0869	0.9985
bm7m	bm7f	1.0081	0.0082	1.0242	0.0909	1.9521e-29
bm7m	bm7m	1.0051	0.0071	1.0	4.7995e-06	0.0
bm7m	bm8m	1.0106	0.0064	0.0212	0.1197	0.8593
bm7m	ch1m	0.9956	0.0066	-0.3207	0.1073	0.0028
bm7m	ch4m	0.9969	0.0063	-0.1174	0.1123	0.2959
bm7m	ch5m	1.0043	0.0061	-0.3571	0.1541	0.0205
bm7m	ch6m	0.9881	0.0068	-0.1744	0.1024	0.0886
bm7m	l1m	1.0793	0.0345	-0.04	0.0323	0.2158
bm7m	l2m	1.0652	0.0294	0.0692	0.0438	0.1142
bm7m	l3m	1.1057	0.0334	0.0374	0.0378	0.3224
bm7m	l4m	1.05	0.0326	-0.0254	0.0363	0.483
bm7m	l5m	1.0789	0.0257	0.065	0.0439	0.1388
bm7m	r10m	1.	0.0083	0.1045	0.1327	0.4311
bm7m	r4m	1.0178	0.0064	-0.0912	0.0926	0.3246
bm7m	r5m	1.005	0.0115	-0.06	0.0445	0.1773
bm7m	r8m	1.0046	0.0073	-0.0176	0.0589	0.7654
bm7m	r9m	0.9934	0.0063	0.0968	0.1011	0.3384
bm8f	bm8f	1.0018	0.0067	1.0	3.5072e-07	0.0
bm8f	ch1f	0.9965	0.007	-0.0654	0.1235	0.5965
bm8f	ch4f	0.9978	0.0066	-0.1924	0.153	0.2085
bm8f	ch5f	0.9934	0.0062	-0.0165	0.1322	0.9006
bm8f	ch6f	1.0018	0.0064	-0.0964	0.1413	0.4951
bm8f	l1f	1.1045	0.0349	-0.0134	0.0383	0.7268
bm8f	l2f	1.0703	0.0308	0.0092	0.0415	0.8244
bm8f	l3f	1.1098	0.0349	-0.005	0.0391	0.8986
bm8f	l4f	1.0783	0.0285	0.0328	0.0391	0.4016
bm8f	l5f	1.0869	0.0303	0.0103	0.0419	0.806
bm8f	r10f	0.9687	0.009	-0.0607	0.1012	0.5488
bm8f	r4f	1.0008	0.0062	0.0176	0.0702	0.8018
bm8f	r5f	1.0579	0.0102	-0.0606	0.058	0.2968
bm8f	r8f	0.9996	0.0075	-0.0521	0.0616	0.3974
bm8f	r9f	1.01	0.0063	0.0852	0.0872	0.3286
bm8m	bm8f	1.0018	0.0067	1.0299	0.1545	2.6471e-11
bm8m	bm8m	1.0106	0.0064	1.0	4.0620e-07	0.0
bm8m	ch1m	0.9956	0.0066	-0.1405	0.1817	0.4394
bm8m	ch4m	0.9969	0.0063	0.0612	0.1677	0.7154
bm8m	ch5m	1.0043	0.0061	0.2096	0.2278	0.3577
bm8m	ch6m	0.9881	0.0068	0.0732	0.1778	0.6804
bm8m	l1m	1.0793	0.0345	-0.0121	0.0598	0.8402
bm8m	l2m	1.0652	0.0294	0.0285	0.0569	0.6164
bm8m	l3m	1.1057	0.0334	0.0336	0.0571	0.5563
bm8m	l4m	1.05	0.0326	0.0231	0.0554	0.6759
bm8m	l5m	1.0789	0.0257	0.0675	0.0622	0.2778
bm8m	r10m	1.	0.0083	-0.0236	0.2002	0.9062
bm8m	r4m	1.0178	0.0064	-0.0568	0.128	0.6574
bm8m	r5m	1.005	0.0115	-0.1109	0.065	0.0881
bm8m	r8m	1.0046	0.0073	-0.1459	0.0874	0.095
bm8m	r9m	0.9934	0.0063	0.0408	0.1417	0.7737
ch1f	ch1f	0.9982	0.0067	1.0	9.1610e-06	0.0
ch1f	ch4f	0.9977	0.0066	0.4749	0.1846	0.0101
ch1f	ch5f	0.994	0.0062	1.1411	0.1499	2.7380e-14
ch1f	ch6f	1.0038	0.0066	1.2026	0.1395	6.6631e-18
ch1f	l1f	1.1185	0.0387	0.2439	0.0495	8.4451e-07
ch1f	l2f	1.0826	0.0333	-0.0968	0.0512	0.0587
ch1f	l3f	1.1213	0.035	-0.0033	0.0468	0.9433
ch1f	l4f	1.0934	0.0345	-0.19	0.0543	0.0005
ch1f	l5f	1.1006	0.0337	-0.1184	0.0551	0.0316
ch1f	r10f	0.9701	0.009	0.1456	0.1323	0.2709
ch1f	r4f	1.0004	0.0066	-0.208	0.1006	0.0386
ch1f	r5f	1.0587	0.0101	0.159	0.0687	0.0207
ch1f	r8f	0.9971	0.0079	0.0465	0.0737	0.5277
ch1f	r9f	1.0101	0.0067	-0.1738	0.1229	0.1572
ch1m	ch1f	0.9981	0.0067	0.9812	0.1961	5.5993e-07
ch1m	ch1m	0.9998	0.0066	1.0	1.9345e-05	0.0
ch1m	ch4m	0.9962	0.0059	-0.2009	0.1895	0.289
ch1m	ch5m	1.0056	0.0062	1.2711	0.224	1.3914e-08
ch1m	ch6m	0.9883	0.0061	1.131	0.1142	3.9879e-23
ch1m	l1m	1.0946	0.0387	0.1141	0.0556	0.04
ch1m	l2m	1.0678	0.0315	-0.0784	0.0734	0.2857
ch1m	l3m	1.1132	0.0354	-0.0207	0.0672	0.758
ch1m	l4m	1.0643	0.0371	-0.0606	0.0685	0.3764
ch1m	l5m	1.0779	0.0262	-0.0881	0.0747	0.2382
ch1m	r10m	1.0005	0.0085	0.0946	0.2187	0.6653
ch1m	r4m	1.0193	0.0068	-0.0538	0.1294	0.6778
ch1m	r5m	1.0084	0.0109	-0.0099	0.067	0.8824
ch1m	r8m	1.008	0.0073	-0.0559	0.0917	0.5422
ch1m	r9m	0.997	0.0064	-0.151	0.1814	0.4052
ch4f	ch4f	0.9972	0.0065	1.0	4.9012e-06	0.0
ch4f	ch5f	0.994	0.0064	0.4238	0.1982	0.0325
ch4f	ch6f	1.003	0.0065	0.2511	0.195	0.1978
ch4f	l1f	1.1172	0.038	0.1696	0.0695	0.0147
ch4f	l2f	1.0827	0.0332	0.0071	0.0717	0.9211
ch4f	l3f	1.1205	0.035	0.0298	0.0695	0.6679
ch4f	l4f	1.0934	0.0338	-0.1714	0.0706	0.0152
ch4f	l5f	1.0983	0.0332	-0.0606	0.0719	0.3992
ch4f	r10f	0.97	0.0092	-0.346	0.1659	0.037
ch4f	r4f	1.0004	0.0067	-0.2931	0.14	0.0364
ch4f	r5f	1.0595	0.0101	-0.1685	0.0961	0.0795
ch4f	r8f	0.9986	0.0076	0.1068	0.1085	0.3249
ch4f	r9f	1.0107	0.0066	-0.1754	0.1694	0.3006
ch4m	ch4f	0.9972	0.0065	0.9037	0.1969	4.4122e-06
ch4m	ch4m	0.9967	0.0061	1.0	1.1571e-06	0.0
ch4m	ch5m	1.0056	0.0062	0.1183	0.1979	0.5499
ch4m	ch6m	0.9895	0.006	0.0002	0.1643	0.9992
ch4m	l1m	1.0937	0.0383	0.0992	0.0512	0.0526
ch4m	l2m	1.067	0.0312	0.104	0.0601	0.0839
ch4m	l3m	1.1109	0.0347	0.0664	0.056	0.2356
ch4m	l4m	1.0605	0.036	-0.1766	0.0583	0.0025
ch4m	l5m	1.0783	0.0257	0.0229	0.0604	0.7048
ch4m	r10m	1.0008	0.0082	-0.2491	0.203	0.2197
ch4m	r4m	1.0195	0.0066	-0.1574	0.1297	0.2251
ch4m	r5m	1.0088	0.0109	-0.1076	0.057	0.0591
ch4m	r8m	1.0074	0.0074	0.0422	0.0923	0.6476
ch4m	r9m	0.9975	0.0064	0.0843	0.1456	0.5628
ch5f	ch5f	0.9941	0.0063	1.0	1.0450e-06	0.0
ch5f	ch6f	1.004	0.0068	1.234	0.2133	7.2187e-09
ch5f	l1f	1.1198	0.0393	0.2024	0.0588	0.0006
ch5f	l2f	1.0868	0.0378	-0.1803	0.0626	0.004
ch5f	l3f	1.126	0.0382	-0.1251	0.0588	0.0333
ch5f	l4f	1.0947	0.0338	-0.1204	0.0635	0.0577
ch5f	l5f	1.1053	0.0367	-0.2115	0.0664	0.0015
ch5f	r10f	0.9707	0.0088	-0.0603	0.1511	0.6899
ch5f	r4f	1.0011	0.0059	-0.0943	0.1059	0.3734
ch5f	r5f	1.0575	0.01	0.1216	0.0766	0.1127
ch5f	r8f	0.9977	0.008	-0.0173	0.0928	0.8521
ch5f	r9f	1.0108	0.0063	-0.2947	0.1541	0.0559
ch5m	ch5f	0.9946	0.0064	1.1368	0.3036	0.0002
ch5m	ch5m	1.0055	0.0062	1.0	6.2132e-07	0.0
ch5m	ch6m	0.9883	0.0064	1.1438	0.2127	7.5572e-08
ch5m	l1m	1.0994	0.0394	0.2428	0.0794	0.0022
ch5m	l2m	1.0689	0.0327	-0.0164	0.0796	0.8366
ch5m	l3m	1.1143	0.0363	-0.0043	0.0748	0.9542
ch5m	l4m	1.0677	0.0386	-0.1802	0.0925	0.0516
ch5m	l5m	1.08	0.0271	-0.1469	0.0886	0.0972
ch5m	r10m	1.0009	0.0084	-0.2473	0.2922	0.3973
ch5m	r4m	1.0197	0.0069	-0.0981	0.1416	0.4883
ch5m	r5m	1.0087	0.0109	0.0111	0.0801	0.8897
ch5m	r8m	1.0092	0.0074	-0.069	0.1248	0.5804
ch5m	r9m	0.9984	0.0068	0.0407	0.21	0.8463
ch6f	ch6f	1.0029	0.0064	1.0	3.2547e-06	0.0
ch6f	l1f	1.1225	0.0401	0.2762	0.0584	2.2868e-06
ch6f	l2f	1.0844	0.0341	-0.181	0.0683	0.008
ch6f	l3f	1.1244	0.0353	-0.0911	0.0634	0.1508
ch6f	l4f	1.0996	0.0356	-0.2207	0.0646	0.0006
ch6f	l5f	1.1011	0.0341	-0.2055	0.0698	0.0032
ch6f	r10f	0.9696	0.0092	0.0885	0.1472	0.5475
ch6f	r4f	1.0001	0.0067	-0.2491	0.1056	0.0184
ch6f	r5f	1.0576	0.0101	0.0029	0.0782	0.97
ch6f	r8f	0.9977	0.0076	0.1122	0.0932	0.2285
ch6f	r9f	1.0098	0.0065	-0.2367	0.1304	0.0695
ch6m	ch6f	1.0026	0.0063	1.0443	0.1802	6.7675e-09
ch6m	ch6m	0.9893	0.0061	1.0	2.6934e-05	0.0
ch6m	l1m	1.0997	0.0397	0.1278	0.0569	0.0247
ch6m	l2m	1.0679	0.0321	-0.0248	0.0688	0.7189
ch6m	l3m	1.1122	0.0359	-0.0271	0.0643	0.6732
ch6m	l4m	1.0667	0.0379	-0.1359	0.0614	0.0269
ch6m	l5m	1.08	0.0264	-0.0678	0.0714	0.3424
ch6m	r10m	0.9996	0.0082	0.0126	0.2057	0.9512
ch6m	r4m	1.017	0.0067	-0.1733	0.1189	0.145
ch6m	r5m	1.0094	0.0109	-0.0905	0.0582	0.1202
ch6m	r8m	1.0085	0.0073	-0.206	0.0883	0.0197
ch6m	r9m	0.9966	0.0063	0.0745	0.1441	0.6049
l1f	l1f	1.1098	0.0344	1.0	3.5635e-08	0.0
l1f	l2f	1.0665	0.0286	-0.1122	0.0238	2.5239e-06
l1f	l3f	1.106	0.03	0.1579	0.024	4.5118e-11
l1f	l4f	1.0788	0.0298	-0.6924	0.0191	2.2407e-288
l1f	l5f	1.0844	0.0286	-0.2742	0.0247	1.4390e-28
l1f	r10f	0.9686	0.0088	-0.1534	0.0431	0.0004
l1f	r4f	0.9988	0.0064	-0.1441	0.0318	5.9627e-06
l1f	r5f	1.0597	0.01	0.075	0.0242	0.0019
l1f	r8f	0.999	0.0074	0.0276	0.0273	0.3132
l1f	r9f	1.0087	0.0063	-0.1186	0.0423	0.0051
l1m	l1f	1.1043	0.032	0.9416	0.0097	0.0
l1m	l1m	1.0823	0.0355	1.0	3.5699e-07	0.0
l1m	l2m	1.0621	0.0281	0.1636	0.0238	6.0642e-12
l1m	l3m	1.0952	0.0299	0.2388	0.0243	8.3215e-23
l1m	l4m	1.0468	0.0328	-0.6698	0.0179	8.5094e-308
l1m	l5m	1.0698	0.023	-0.1165	0.0291	6.3890e-05
l1m	r10m	1.0001	0.0086	-0.0811	0.0661	0.2201
l1m	r4m	1.0175	0.0065	-0.2102	0.0429	9.4811e-07
l1m	r5m	1.0073	0.0113	0.0425	0.0216	0.0495
l1m	r8m	1.0045	0.0072	-0.0398	0.0256	0.1203
l1m	r9m	0.9925	0.0061	-0.0821	0.0395	0.0375
l2f	l2f	1.0735	0.0304	1.0	1.3403e-09	0.0
l2f	l3f	1.1077	0.0285	0.9271	0.0065	0.0
l2f	l4f	1.0814	0.0296	0.362	0.0242	1.5558e-50
l2f	l5f	1.0872	0.0272	0.9604	0.0036	0.0
l2f	r10f	0.9685	0.0088	0.0547	0.0437	0.2108
l2f	r4f	0.9989	0.0062	0.0658	0.0344	0.056
l2f	r5f	1.0585	0.0098	-0.0031	0.0263	0.9063
l2f	r8f	0.9987	0.0072	0.0095	0.0311	0.7589
l2f	r9f	1.0085	0.0063	-0.0618	0.0517	0.2319
l2m	l2f	1.0728	0.0277	0.9102	0.0142	0.0
l2m	l2m	1.0644	0.0287	1.0	4.3356e-08	0.0
l2m	l3m	1.0992	0.0286	0.9423	0.0072	0.0
l2m	l4m	1.0502	0.0326	0.126	0.032	8.0905e-05
l2m	l5m	1.0734	0.0203	0.8852	0.0113	0.0
l2m	r10m	1.0008	0.0086	0.082	0.0658	0.2128
l2m	r4m	1.0178	0.0063	0.0639	0.0435	0.1417
l2m	r5m	1.0077	0.0115	0.0662	0.0228	0.0036
l2m	r8m	1.0046	0.0072	0.0221	0.0342	0.5185
l2m	r9m	0.9924	0.0061	0.0344	0.0599	0.566
l3f	l3f	1.1126	0.0316	1.0	2.0039e-08	0.0
l3f	l4f	1.0816	0.0296	0.28	0.0209	8.1537e-41
l3f	l5f	1.0953	0.0288	0.8761	0.008	0.0
l3f	r10f	0.9687	0.0086	0.0412	0.0418	0.324
l3f	r4f	0.9989	0.0062	0.0531	0.0333	0.1112
l3f	r5f	1.059	0.0099	0.0218	0.0252	0.3868
l3f	r8f	0.9985	0.0072	0.0035	0.0289	0.9037
l3f	r9f	1.0089	0.0064	-0.1062	0.0495	0.0321
l3m	l3f	1.1118	0.0305	0.9516	0.0128	0.0
l3m	l3m	1.1038	0.0313	1.0	4.1086e-08	0.0
l3m	l4m	1.0506	0.0328	0.2356	0.0245	7.2039e-22
l3m	l5m	1.0803	0.0222	0.8998	0.0097	0.0
l3m	r10m	1.0015	0.0086	0.1055	0.0667	0.114
l3m	r4m	1.0181	0.0063	0.072	0.0442	0.1031
l3m	r5m	1.0078	0.0114	0.0596	0.0212	0.0049
l3m	r8m	1.0044	0.0073	0.0441	0.0295	0.1346
l3m	r9m	0.9922	0.006	0.0248	0.05	0.6204
l4f	l4f	1.0835	0.0314	1.0	1.3033e-09	0.0
l4f	l5f	1.0887	0.0295	0.5755	0.0199	2.1669e-184
l4f	r10f	0.9691	0.0088	0.1779	0.0485	0.0002
l4f	r4f	0.9989	0.0062	0.1809	0.034	1.0090e-07
l4f	r5f	1.0602	0.0097	-0.0521	0.0271	0.0542
l4f	r8f	0.9991	0.0074	-0.0088	0.0298	0.7681
l4f	r9f	1.0087	0.0063	-0.016	0.042	0.7038
l4m	l4f	1.0791	0.0283	0.9605	0.0104	0.0
l4m	l4m	1.0499	0.0338	1.0	1.1341e-07	0.0
l4m	l5m	1.0716	0.0233	0.4823	0.0256	6.0246e-79
l4m	r10m	1.0004	0.0087	0.1578	0.0684	0.0212
l4m	r4m	1.0178	0.0064	0.2445	0.0414	3.6284e-09
l4m	r5m	1.0076	0.0111	-0.0105	0.0236	0.6566
l4m	r8m	1.0047	0.0073	0.0651	0.0323	0.0439
l4m	r9m	0.9927	0.0061	0.0647	0.0537	0.2276
l5f	l5f	1.0898	0.0302	1.0	8.5150e-09	0.0
l5f	r10f	0.9687	0.0088	0.072	0.0466	0.1221
l5f	r4f	0.9989	0.0061	0.1172	0.0346	0.0007
l5f	r5f	1.059	0.0097	-0.0146	0.0276	0.5977
l5f	r8f	0.9987	0.0072	0.0024	0.0297	0.9358
l5f	r9f	1.0086	0.0064	-0.0703	0.0487	0.1485
l5m	l5f	1.0901	0.0298	0.9926	0.0162	0.0
l5m	l5m	1.0765	0.0243	1.0	6.0043e-07	0.0
l5m	r10m	1.0002	0.0086	-0.0172	0.0767	0.8229
l5m	r4m	1.0192	0.0066	0.0921	0.0461	0.046
l5m	r5m	1.0085	0.0114	-0.0176	0.0244	0.4693
l5m	r8m	1.0044	0.0074	0.0412	0.0342	0.228
l5m	r9m	0.9924	0.0061	0.0625	0.0557	0.2614
r10f	r10f	0.9685	0.0088	1.0	2.3960e-06	0.0
r10f	r4f	0.9957	0.0086	0.6937	0.0953	3.2733e-13
r10f	r5f	1.0815	0.0139	0.3821	0.0656	5.7896e-09
r10f	r8f	1.001	0.0109	0.2021	0.0755	0.0074
r10f	r9f	1.0041	0.0096	-0.0511	0.115	0.6567
r10m	r10f	0.9694	0.0088	0.9699	0.188	2.4645e-07
r10m	r10m	1.0002	0.0085	1.0	1.6827e-06	0.0
r10m	r4m	1.0107	0.0083	0.8689	0.1779	1.0393e-06
r10m	r5m	1.0232	0.0153	0.5552	0.0979	1.4136e-08
r10m	r8m	1.0001	0.0099	0.1246	0.1027	0.2249
r10m	r9m	1.0057	0.009	0.046	0.1796	0.7978
r4f	r4f	0.9991	0.006	1.0	6.6083e-07	0.0
r4f	r5f	1.0586	0.0097	0.4434	0.0525	3.1279e-17
r4f	r8f	0.9984	0.0074	0.2936	0.0545	7.3114e-08
r4f	r9f	1.0092	0.0064	0.0067	0.0809	0.9344
r4m	r4f	0.9991	0.0061	0.9575	0.0963	2.6877e-23
r4m	r4m	1.0185	0.0064	1.0	2.2169e-06	0.0
r4m	r5m	1.0071	0.0115	0.3573	0.0526	1.1028e-11
r4m	r8m	1.0048	0.0073	0.301	0.065	3.6667e-06
r4m	r9m	0.9949	0.0062	0.0806	0.0995	0.4182
r5f	r5f	1.0586	0.0099	1.0	1.3768e-06	0.0
r5f	r8f	0.9968	0.0078	0.355	0.0389	7.0276e-20
r5f	r9f	1.0093	0.0071	-0.0415	0.07	0.5534
r5m	r5f	1.0583	0.01	0.9944	0.0243	0.0
r5m	r5m	1.0069	0.0112	1.0	4.0988e-07	0.0
r5m	r8m	1.0044	0.0076	0.1606	0.0323	6.6431e-07
r5m	r9m	0.9974	0.0066	0.1064	0.0563	0.0586
r8f	r8f	0.9992	0.0073	1.0	3.9139e-06	0.0
r8f	r9f	1.0094	0.0062	0.1262	0.0717	0.0787
r8m	r8f	0.999	0.0073	0.8092	0.042	6.8883e-83
r8m	r8m	1.0045	0.0073	1.0	1.0720e-08	0.0
r8m	r9m	0.9948	0.0063	0.1342	0.0829	0.1054
r9f	r9f	1.0093	0.0063	1.0	4.2542e-08	0.0
r9m	r9f	1.0093	0.0063	0.9211	0.1419	8.4901e-11
r9m	r9m	0.9935	0.0063	1.0	1.4054e-05	0.0
